CNPJ_CIA;DENOM_SOCIAL;DENOM_COMERC;DT_REG;DT_CONST;DT_CANCEL;MOTIVO_CANCEL;SIT;DT_INI_SIT;CD_CVM;SETOR_ATIV;TP_MERC;CATEG_REG;DT_INI_CATEG;SIT_EMISSOR;DT_INI_SIT_EMISSOR;CONTROLE_ACIONARIO;TP_ENDER;LOGRADOURO;COMPL;BAIRRO;MUN;UF;PAIS;CEP;DDD_TEL;TEL;DDD_FAX;FAX;EMAIL;TP_RESP;RESP;DT_INI_RESP;LOGRADOURO_RESP;COMPL_RESP;BAIRRO_RESP;MUN_RESP;UF_RESP;PAIS_RESP;CEP_RESP;DDD_TEL_RESP;TEL_RESP;DDD_FAX_RESP;FAX_RESP;EMAIL_RESP;CNPJ_AUDITOR;AUDITOR
01.547.749/0001-16;521 PARTICIPAÇOES S.A. - EM LIQUIDAÇÃO EXTRAJUDICIAL;521 PARTICIPAÇÕES S/A;1997-07-11;1996-07-30;;;ATIVO;1997-07-11;16330;Emp. Adm. Part. - Energia Elétrica;;Categoria B;2011-04-28;LIQUIDAÇÃO EXTRAJUDICIAL;2015-04-30;PRIVADO;SEDE;Av. Ayrton Senna;3000 - sala 4098;Barra da Tijuca;RIO DE JANEIRO;RJ;BRASIL;22775003;21;25560809;21;25560809;eximia@eximiacapital.com;;;;;;;;;;;;;;;;02.878.522/0001-16;IRKO HIRASHIMA AUDITORES INDEPENDENTES LTDA.
01.851.771/0001-55;524 PARTICIPAÇOES SA;524 PARTICIPACOES SA;1997-05-30;1997-04-02;;;ATIVO;1997-05-30;16284;Emp. Adm. Part. - Sem Setor Principal;BOLSA;Categoria A;2010-01-01;FASE OPERACIONAL;1997-05-30;PRIVADO;SEDE;Av. Presidente Antônio Carlos, nº 51;10º andar (pte);Centro;RIO DE JANEIRO;RJ;BRASIL;20020010;21;38043700;21;38043480;gar@opportunity.com.br;DIRETOR DE RELAÇÕES COM INVESTIDORES;Maria Amalia Delfim de Melo Coutrim;2026-05-06;Av. Presidente Antônio Carlos;51;Centro;RIO DE JANEIRO;RJ;;20020010;21;38043700;;;gar@opportunity.com.br;10.830.108/0001-65;GRANT THORNTON AUDITORES INDEPENDENTES LTDA.
07.636.657/0001-99;ACO VERDE DO BRASIL S.A;AÃO VERDE DO BRASIL S.A;2021-11-29;1985-05-07;;;ATIVO;2021-11-29;26425;Metalurgia e Siderurgia;BALCÃO ORGANIZADO;Categoria B;2021-11-29;FASE OPERACIONAL;2021-08-17;PRIVADO;SEDE;Rodovia BR 222, Km 14,5;Gleba Itinga,Lote 71;Distrito de Pequiá;AÇAILÂNDIA;MA;BRASIL;65930000;99;5355122;99;5355139;ri@ferroeste.com.br;DIRETOR DE RELAÇÕES COM INVESTIDORES;Gustavo Rozenbaum Bcheche;2021-08-09;Avenida do Contorno 3800;19º andar;Santa Efigênia;BELO HORIZONTE;MG;;30110022;31;32282500;;;ri@ferroeste.com.br;61.562.112/0001-20;PRICEWATERHOUSECOOPERS AUDITORES INDEPENDENTES LTDA.
08.827.501/0001-58;AEGEA SANEAMENTO E PARTICIPAÇÕES S.A.;AEGEA SANEAMENTO E PARTICIPAÇÕES S.A.;2014-05-21;2007-03-26;;;ATIVO;2014-05-21;23396;Saneamento, Serv. Água e Gás;BALCÃO ORGANIZADO;Categoria A;2026-02-25;FASE OPERACIONAL;2014-03-11;PRIVADO HOLDING;SEDE;Avenida Brigadeiro Faria Lima, n° 1663;1 andar, sl01;Jardim Paulistano;SÃO PAULO;SP;BRASIL;1452001;11;38188150;11;38188166;dri@aegea.com.br;DIRETOR DE RELAÇÕES COM INVESTIDORES;André Pires de Oliveira Dias;2020-10-06;Avenida Brigadeiro Faria Lima, n° 1663;1 andar, sl 01;Jardim Paulistano;SÃO PAULO;SP;;1452001;11;38188150;;;dri@aegea.com.br;57.755.217/0001-29;KPMG AUDITORES INDEPENDENTES LTDA.
12.528.708/0001-07;AERIS IND. E COM. DE EQUIP. PARA GER. DE ENG. S.A.;;2020-11-09;2020-08-17;;;ATIVO;2020-11-09;25283;Máquinas, Equipamentos, Veículos e Peças;BALCÃO ORGANIZADO;Categoria A;2020-11-09;FASE OPERACIONAL;2010-08-17;PRIVADO;SEDE;Rodovia CE-155;km. 2;CIPP;CAUCAIA;CE;BRASIL;61642000;85;34572200;85;34572200;ri@aerisenergy.com.br;DIRETOR DE RELAÇÕES COM INVESTIDORES;Alexandre Sarnes Negrão;2026-03-27;Rodovia CE-155, KM 2;CIPP;Caucaia;CAUCAIA;;;61642000;85;33045858;;;ri@aerisenergy.com.br;54.276.936/0001-79;BDO RCS AUDITORES INDEPENDENTES - SOCIEDADE SIMPLES LIMITADA
12.528.708/0001-07;AERIS IND. E COM. DE EQUIP. PARA GER. DE ENG. S.A.;;2020-11-09;2020-08-17;;;ATIVO;2020-11-09;25283;Máquinas, Equipamentos, Veículos e Peças;BOLSA;Categoria A;2020-11-09;FASE OPERACIONAL;2010-08-17;PRIVADO;SEDE;Rodovia CE-155;km. 2;CIPP;CAUCAIA;CE;BRASIL;61642000;85;34572200;85;34572200;ri@aerisenergy.com.br;DIRETOR DE RELAÇÕES COM INVESTIDORES;Alexandre Sarnes Negrão;2026-03-27;Rodovia CE-155, KM 2;CIPP;Caucaia;CAUCAIA;;;61642000;85;33045858;;;ri@aerisenergy.com.br;54.276.936/0001-79;BDO RCS AUDITORES INDEPENDENTES - SOCIEDADE SIMPLES LIMITADA
10.338.320/0001-00;AFLUENTE TRANSMISSÃO DE ENERGIA ELETRICA S/A;AFLUENTE TRANSMISSÃO DE ENERGIA ELETRICA S/A;2010-09-24;2008-08-18;;;ATIVO;2010-09-24;22179;Energia Elétrica;BOLSA;Categoria A;2010-09-24;FASE OPERACIONAL;2010-09-24;PRIVADO HOLDING;SEDE;Praia do Flamengo, 78;10º andar;Flamengo;RIO DE JANEIRO;RJ;BRASIL;22210904;21;32359824;21;32359876;ri@neoenergia.com;DIRETOR DE RELAÇÕES COM INVESTIDORES;Renato de Almeida Rocha;2022-04-26;Praia do Flamengo, 78;10º andar;Flamengo;RIO DE JANEIRO;RJ;;22210030;21;32359828;;;ri@neoenergia.com;49.928.567/0001-11;DELOITTE TOUCHE TOHMATSU AUDITORES INDEPENDENTES LTDA.
21.240.146/0001-84;AGROGALAXY PARTICIPAÇÕES S.A. - EM RECUPERAÇÃO JUDICIAL;AGROGALAXY PARTICIPAÇÕES S.A. - EM RECUPERAÇÃO JUDICIAL;2021-03-19;2014-10-02;;;ATIVO;2021-03-19;25658;Comércio (Atacado e Varejo);BOLSA;Categoria A;2021-03-19;EM RECUPERAÇÃO JUDICIAL OU EQUIVALENTE;2024-09-18;PRIVADO;SEDE;Rua T-37, esquina com a T-12, nº 35, salas nº 2301 a 2311;23 andar Anexo B;Setor Bueno;GOIÂNIA;GO;BRASIL;74230025;11;30147580;;;ri@agrogalaxy.com.br;DIRETOR DE RELAÇÕES COM INVESTIDORES;Luiz Gabriel Piovezani Silva;2026-02-05;Rua T-37, esquina com a T-12, nº 35, salas nº 2301 a 2311;23 andar;Anexo B, Setor Bueno;GOIÁS;;;74230025;63;37730700;;;ri@agrogalaxy.com.br;54.276.936/0001-79;BDO RCS AUDITORES INDEPENDENTES - SOCIEDADE SIMPLES LIMITADA
27.157.474/0001-06;ÁGUAS DE TERESINA SANEAMENTO SPE S.A.;ÁGUAS DE TERESINA SANEAMENTO SPE S.A.;2021-02-25;2017-02-21;;;ATIVO;2021-02-25;25615;Saneamento, Serv. Água e Gás;BALCÃO ORGANIZADO;Categoria B;2021-02-25;FASE OPERACIONAL;2020-10-13;PRIVADO;SEDE;Avenida Professor Camilo Filho, n° 1.960;;Todos os Santos;TERESINA;PI;BRASIL;64089040;86;33018000;86;33018000;dri@aegea.com.br;DIRETOR DE RELAÇÕES COM INVESTIDORES;André Pires de Oliveira Dias;2020-11-09;Avenida Brigadeiro Faria Lima, nº 1.663, 1º andar, sala 1;;Jardim Paulistano;SÃO PAULO;SP;;1452001;11;38188150;;;dri@aegea.com.br;57.755.217/0001-29;KPMG AUDITORES INDEPENDENTES LTDA.
61.067.901/0001-95;ÁGUAS DO PARÁ A SPE S.A;ÁGUAS DO PARÁ A SPE S.A;2026-01-15;2025-05-19;;;ATIVO;2026-01-15;27979;Saneamento, Serv. Água e Gás;BALCÃO ORGANIZADO;Categoria B;2025-10-02;FASE OPERACIONAL;2025-10-02;PRIVADO;SEDE;Rua Almirante Barroso, nº 425;;Marco;BELÉM;PA;BRASIL;66093020;19;34598300;;;dri@aegea.com.br;DIRETOR DE RELAÇÕES COM INVESTIDORES;André Pires de Oliveira Dias;2025-08-27;Avenida Brigadeiro Faria Lima, nº 1.663;1º andar, sala 1;Jardim Paulistano;SÃO PAULO;SP;;1452001;11;38188150;;;dri@aegea.com.br;57.755.217/0001-29;KPMG AUDITORES INDEPENDENTES LTDA.
61.067.902/0001-30;ÁGUAS DO PARÁ B SPE S.A.;ÁGUAS DO PARÁ B SPE S.A.;2026-01-15;2025-05-19;;;ATIVO;2026-01-15;27960;Saneamento, Serv. Água e Gás;BALCÃO ORGANIZADO;Categoria B;2025-10-02;FASE OPERACIONAL;2025-10-02;PRIVADO;SEDE;Avenida Coronel Nazeazeno Ferreira, nº 393;sala 01;Padre Luiz;BRAGANÇA;PA;BRASIL;68600000;19;34598300;;;dri@aegea.com.br;DIRETOR DE RELAÇÕES COM INVESTIDORES;André Pires de Oliveira Dias;2025-08-27;Avenida Brigadeiro Faria Lima, nº 1.663;1º andar, sala 1;Jardim Paulistano;SÃO PAULO;SP;;1452001;11;38188150;;;dri@aegea.com.br;57.755.217/0001-29;KPMG AUDITORES INDEPENDENTES LTDA.
61.067.904/0001-29;ÁGUAS DO PARÁ D SPE S.A.;ÁGUAS DO PARÁ D SPE S.A.;2026-01-15;2025-05-19;;;ATIVO;2026-01-15;27987;Saneamento, Serv. Água e Gás;BALCÃO ORGANIZADO;Categoria B;2025-10-02;FASE OPERACIONAL;2025-10-02;PRIVADO;SEDE;Rua A, nº 613, Quadra 09;Lote 16 B COM;Primavera;PARAUAPEBAS;PA;BRASIL;68515000;19;34598300;;;dri@aegea.com.br;DIRETOR DE RELAÇÕES COM INVESTIDORES;André Pires de Oliveira Dias;2025-08-27;Avenida Brigadeiro Faria Lima, nº 1.663;1º andar, sala 1;Jardim Paulistano;SÃO PAULO;SP;;1452001;11;38188150;;;dri@aegea.com.br;57.755.217/0001-29;KPMG AUDITORES INDEPENDENTES LTDA.
42.310.775/0001-03;ÁGUAS DO RIO 1 SPE S.A.;ÁGUAS DO RIO 1 SPE S.A.;2022-03-30;2021-05-26;;;ATIVO;2022-03-30;26735;Saneamento, Serv. Água e Gás;BOLSA;Categoria B;2021-11-04;FASE OPERACIONAL;2021-11-04;PRIVADO;SEDE;Avenida Rodrigues Alves, nº 10;Armazém 2, Bloco 1;Saúde;RIO DE JANEIRO;RJ;BRASIL;20081250;11;38188150;;;dri@aegea.com.br;DIRETOR DE RELAÇÕES COM INVESTIDORES;Anselmo Henrique Seto Leal;2022-03-19;Avenida Rodrigues Alves, nº 10;Armazém 2, Bloco 1;Saúde;RIO DE JANEIRO;RJ;;20081250;11;38188150;;;dri@aegea.com.br;57.755.217/0001-29;KPMG AUDITORES INDEPENDENTES LTDA.
42.644.220/0001-06;ÁGUAS DO RIO 4 SPE S.A.;ÁGUAS DO RIO 4 SPE S.A.;2022-03-30;2021-05-26;;;ATIVO;2022-03-30;26743;Saneamento, Serv. Água e Gás;BALCÃO ORGANIZADO;Categoria B;2021-11-05;FASE OPERACIONAL;2021-11-04;PRIVADO;SEDE;Avenida Rodrigues Alves, nº 10;Armazém 2, Bloco 4;Saúde;RIO DE JANEIRO;RJ;BRASIL;20081250;11;38188150;;;dri@aegea.com.br;DIRETOR DE RELAÇÕES COM INVESTIDORES;Anselmo Henrique Seto Leal;2022-03-18;Avenida Rodrigues Alves, nº 10;Armazém 2, Bloco 4;Saúde;RIO DE JANEIRO;RJ;;20081250;11;38188150;;;dri@aegea.com.br;57.755.217/0001-29;KPMG AUDITORES INDEPENDENTES LTDA.
45.456.117/0001-12;ÁGUAS DO SERTAO S.A.;ÁGUAS DO SERTAO S.A.;2023-11-03;2022-02-01;;;ATIVO;2023-11-03;27359;Saneamento, Serv. Água e Gás;BALCÃO ORGANIZADO;Categoria B;2023-10-30;FASE OPERACIONAL;2023-10-30;PRIVADO HOLDING;SEDE;"Praça Comendador Peixoto, 117, sala ""I"", Centro";;Centro Histórico;PENEDO;AL;BRASIL;57200000;82;35120015;;;administracao@aguasdosertao.com;DIRETOR DE RELAÇÕES COM INVESTIDORES;Cláudio Roberto de Leoni Ramos;2023-02-23;Rua João Huss, 380;Apto 903;Fazenda Oalhano;LONDRINA;PR;;86050490;43;30253636;;;claudio.ramos@conasa.com;61.562.112/0001-20;PRICEWATERHOUSECOOPERS AUDITORES INDEPENDENTES LTDA.
04.089.570/0001-50;AGUAS GUARIROBA S.A.;AGUAS GUARIROBA S.A;2014-08-06;2000-09-29;;;ATIVO;2014-08-06;23442;Saneamento, Serv. Água e Gás;BALCÃO ORGANIZADO;Categoria B;2014-08-06;FASE OPERACIONAL;2014-06-03;PRIVADO;SEDE;Rua Antonio Maria Coelho, n.º 5401;;Santa Fé;CAMPO GRANDE;MS;BRASIL;79021170;67;33895748;;;dri@aegea.com.br;DIRETOR DE RELAÇÕES COM INVESTIDORES;André Pires de Oliveira Dias;2020-11-10;Av Brigadeiro Faria Lima, nº 1.663 - Ed. Plaza São Lourenço;1º andar, sl 1;Jardim Paulistano;SÃO PAULO;SP;;1452001;11;38188150;;;dri@aegea.com.br;57.755.217/0001-29;KPMG AUDITORES INDEPENDENTES LTDA.
23.438.929/0001-00;ALARES INTERNET PARTICIPAÇÕES S/A;;2020-10-14;2015-09-08;;;ATIVO;2020-10-14;25194;Emp. Adm. Part. - Telecomunicações;BALCÃO ORGANIZADO;Categoria A;2020-10-14;FASE OPERACIONAL;2020-08-18;PRIVADO;SEDE;Rua São Tomé, nº 86;10º andar, conj. 101;Vila Olimpia;SÃO PAULO;SP;BRASIL;4551080;84;20109009;;;ri@alaresinternet.com.br;DIRETOR DE RELAÇÕES COM INVESTIDORES;Danilo Donati Perez;2022-04-06;Rua São Tomé, nº 86;10º andar, conj. 101;Vila Olimpia;SÃO PAULO;SP;;4551080;11;20809000;;;ri@alaresinternet.com.br;61.366.936/0001-25;ERNST & YOUNG AUDITORES INDEPENDENTES S/S LTDA.
17.167.396/0001-69;ALFA HOLDINGS S.A.;ALFA HOLDINGS;1977-07-20;1969-08-11;;;ATIVO;1977-07-20;9954;Emp. Adm. Part. - Intermediação Financeira;BOLSA;Categoria A;2010-01-01;FASE OPERACIONAL;1977-07-20;PRIVADO HOLDING;SEDE;Avenida Paulista, 2.150;17 andar;Bela Vista;SÃO PAULO;SP;BRASIL;1310300;11;31755493;11;31755026;juridico.societario@safra.com.br;DIRETOR DE RELAÇÕES COM INVESTIDORES;Leandro de Azambuja Micotti;2025-01-01;Av. Paulista, 2.100;;Bela Vista;SÃO PAULO;SP;;1310930;11;31757613;;;dri@bancoalfa.com.br;49.928.567/0001-11;DELOITTE TOUCHE TOHMATSU AUDITORES INDEPENDENTES LTDA.
71.208.516/0001-74;ALGAR TELECOM S/A;CTBC TELECOM;2007-07-27;2004-01-01;;;ATIVO;2007-07-27;21032;Telecomunicações;;Categoria B;2010-01-01;FASE OPERACIONAL;2007-07-27;PRIVADO;SEDE;Rua José Alves Garcia, 415;-;Brasil;UBERLÂNDIA;MG;BRASIL;38400668;34;32562978;;;ri@algar.com.br;DIRETOR DE RELAÇÕES COM INVESTIDORES;GUSTAVO URAMOTO MATSUMOTO;2024-06-03;AV JOSÉ ALVES GARCIA 415;;BRASIL;;;;38400668;34;32562155;;;ri@algar.com.br;61.366.936/0001-25;ERNST & YOUNG AUDITORES INDEPENDENTES S/S LTDA.
61.156.931/0001-78;ALIPERTI S.A.;ALIPERTI S.A.;1986-06-06;1924-01-02;;;ATIVO;1986-06-06;12823;Emp. Adm. Part. - Agricultura (Açúcar, Álcool e Cana);BOLSA;Categoria A;2010-01-01;FASE OPERACIONAL;1986-06-06;PRIVADO;SEDE;Rua Afonso Aliperti;180;Agua Funda;SÃO PAULO;SP;BRASIL;4156090;11;21379800;11;21379822;ri@grupoaliperti.com.br;DIRETOR DE RELAÇÕES COM INVESTIDORES;Joselaine Cristina Bueno;2024-05-13;Rua Afonso Aliperti, nº 180;;Água Funda;SÃO PAULO;SP;;4156090;11;21379844;;;josi.bueno@aliperti.com.br;10.448.113/0001-08;GF AUDITORES INDEPENDENTES
42.771.949/0001-35;ALLIANÇA SAÚDE E PARTICIPAÇÕES S.A.;ALLIANÇA SAÚDE E PARTICIPAÇÕES S.A.;2016-10-26;1992-08-05;;;ATIVO;2016-10-26;24058;Serviços Médicos;BOLSA;Categoria A;2016-10-26;FASE OPERACIONAL;2016-08-30;PRIVADO;SEDE;Rua Afonso de Freitas, 59;Piso Superior;Paraiso;SÃO PAULO;SP;BRASIL;4006050;11;50881050;11;50881050;;DIRETOR DE RELAÇÕES COM INVESTIDORES;JOSE LUIZ MENDES RAMOS JUNIOR;2025-11-13;RUA AFONSO DE FREITAS, 59;PISO SUPERIOR;PARAÍSO;SÃO PAULO;SP;;4006050;11;94980636;0;0;ri@allianca.com;40.262.602/0001-31;BKR - LOPES, MACHADO AUDITORES
20.247.322/0001-47;ALLIED TECNOLOGIA S.A.;ALLIED TECNOLOGIA S.A.;2020-11-25;2014-04-10;;;ATIVO;2020-11-25;25330;Comércio (Atacado e Varejo);BALCÃO NÃO ORGANIZADO;Categoria A;2020-11-25;FASE OPERACIONAL;2020-02-07;PRIVADO;SEDE;Avenida das Nações Unidas, n° 12.995;22° (parte) e 23º;Brooklin Paulista;SÃO PAULO;SP;BRASIL;4578911;11;45255199;11;45255199;ri@alliedbrasil.com.br;DIRETOR DE RELAÇÕES COM INVESTIDORES;THALITA BASSO;2025-02-01;Av. das Nações Unidas, n° 12.995;22° (parte) e 23°;Brooklin Paulista;SÃO PAULO;;;4578911;11;55039999;;;ri@alliedbrasil.com.br;49.928.567/0001-11;DELOITTE TOUCHE TOHMATSU AUDITORES INDEPENDENTES LTDA.
20.247.322/0001-47;ALLIED TECNOLOGIA S.A.;ALLIED TECNOLOGIA S.A.;2020-11-25;2014-04-10;;;ATIVO;2020-11-25;25330;Comércio (Atacado e Varejo);BALCÃO ORGANIZADO;Categoria A;2020-11-25;FASE OPERACIONAL;2020-02-07;PRIVADO;SEDE;Avenida das Nações Unidas, n° 12.995;22° (parte) e 23º;Brooklin Paulista;SÃO PAULO;SP;BRASIL;4578911;11;45255199;11;45255199;ri@alliedbrasil.com.br;DIRETOR DE RELAÇÕES COM INVESTIDORES;THALITA BASSO;2025-02-01;Av. das Nações Unidas, n° 12.995;22° (parte) e 23°;Brooklin Paulista;SÃO PAULO;;;4578911;11;55039999;;;ri@alliedbrasil.com.br;49.928.567/0001-11;DELOITTE TOUCHE TOHMATSU AUDITORES INDEPENDENTES LTDA.
05.878.397/0001-32;ALLOS S.A.;ALLOS S.A.;2011-02-01;2003-07-17;;;ATIVO;2011-02-01;22357;Emp. Adm. Part. - Comércio (Atacado e Varejo);BALCÃO ORGANIZADO;Categoria A;2011-02-01;FASE OPERACIONAL;2011-02-01;PRIVADO HOLDING;SEDE;Avenida Afrânio de Melo Franco, 290;1º andar;Leblon;RIO DE JANEIRO;RJ;BRASIL;22430060;21;21767272;11;38495425;ri@allos.com.br;DIRETOR DE RELAÇÕES COM INVESTIDORES;Daniella de Souza Guanabara Santos;2019-08-05;Avenida Afrânio de Melo Franco, 290;1º andar;Leblon;RIO DE JANEIRO;RJ;;22430060;21;25839800;;;ri@allos.com.br;49.928.567/0001-11;DELOITTE TOUCHE TOHMATSU AUDITORES INDEPENDENTES LTDA.
05.878.397/0001-32;ALLOS S.A.;ALLOS S.A.;2011-02-01;2003-07-17;;;ATIVO;2011-02-01;22357;Emp. Adm. Part. - Comércio (Atacado e Varejo);BOLSA;Categoria A;2011-02-01;FASE OPERACIONAL;2011-02-01;PRIVADO HOLDING;SEDE;Avenida Afrânio de Melo Franco, 290;1º andar;Leblon;RIO DE JANEIRO;RJ;BRASIL;22430060;21;21767272;11;38495425;ri@allos.com.br;DIRETOR DE RELAÇÕES COM INVESTIDORES;Daniella de Souza Guanabara Santos;2019-08-05;Avenida Afrânio de Melo Franco, 290;1º andar;Leblon;RIO DE JANEIRO;RJ;;22430060;21;25839800;;;ri@allos.com.br;49.928.567/0001-11;DELOITTE TOUCHE TOHMATSU AUDITORES INDEPENDENTES LTDA.
60.537.263/0001-66;ALLPARK EMPREENDIMENTOS, PARTICIPAÇÕES E SERVIÇOS S.A.;ALLPARK EMPREENDIMENTOS, PARTICIPAÇÕES E SERVIÇOS S.A.;2020-05-13;1989-04-19;;;ATIVO;2020-05-13;24953;Serviços Transporte e Logística;BALCÃO ORGANIZADO;Categoria A;2020-05-13;FASE OPERACIONAL;2020-02-17;PRIVADO;SEDE;Avenida Presidente Juscelino Kubitschek, 1830;Torre 3 - 3º andar;Vila Nova Conceição;SÃO PAULO;SP;BRASIL;4543000;11;21618099;;;ri@estapar.com.br;DIRETOR DE RELAÇÕES COM INVESTIDORES;Daniel Henrique Nogueira Soraggi e Castro;2022-12-19;Avenida Presidente Juscelino Kubitschek 1830;Torre 3, 3º andar;Vila Nova Conceição;SÃO PAULO;SP;;4543000;11;21618099;;;ri@estapar.com.br;61.562.112/0001-20;PRICEWATERHOUSECOOPERS AUDITORES INDEPENDENTES LTDA.
60.537.263/0001-66;ALLPARK EMPREENDIMENTOS, PARTICIPAÇÕES E SERVIÇOS S.A.;ALLPARK EMPREENDIMENTOS, PARTICIPAÇÕES E SERVIÇOS S.A.;2020-05-13;1989-04-19;;;ATIVO;2020-05-13;24953;Serviços Transporte e Logística;BOLSA;Categoria A;2020-05-13;FASE OPERACIONAL;2020-02-17;PRIVADO;SEDE;Avenida Presidente Juscelino Kubitschek, 1830;Torre 3 - 3º andar;Vila Nova Conceição;SÃO PAULO;SP;BRASIL;4543000;11;21618099;;;ri@estapar.com.br;DIRETOR DE RELAÇÕES COM INVESTIDORES;Daniel Henrique Nogueira Soraggi e Castro;2022-12-19;Avenida Presidente Juscelino Kubitschek 1830;Torre 3, 3º andar;Vila Nova Conceição;SÃO PAULO;SP;;4543000;11;21618099;;;ri@estapar.com.br;61.562.112/0001-20;PRICEWATERHOUSECOOPERS AUDITORES INDEPENDENTES LTDA.
82.120.676/0001-83;ALMEIDA JUNIOR SHOPPING CENTERS S.A.;ALMEIDA JUNIOR SHOPPING CENTERS S.A.;2021-11-22;1990-08-01;;;ATIVO;2021-11-22;26395;Emp. Adm. Part. - Comércio (Atacado e Varejo);;Categoria A;2021-11-22;FASE OPERACIONAL;2021-06-23;PRIVADO;SEDE;Av. Brigadeiro Faria Lima, n°2.277, 16° andar, conj.1.604;Ed Plaza Iguatemi;Jardim Paulistano;SÃO PAULO;SP;BRASIL;1452000;11;37073333;;;ri@almeidajunior.com.br;DIRETOR DE RELAÇÕES COM INVESTIDORES;JAIMES BENTO DE ALMEIDA JUNIOR;2026-04-30;Avenida Brigadeiro Faria Lima;cj 1604;Jardim Paulistano;SÃO PAULO;SP;;1452000;11;995498908;;;ri@almeidajunior.com.br;61.562.112/0001-20;PRICEWATERHOUSECOOPERS AUDITORES INDEPENDENTES LTDA.
61.079.117/0001-05;ALPARGATAS SA;ALPARGATAS;1977-07-20;1907-04-03;;;ATIVO;1977-07-20;10456;Têxtil e Vestuário;BALCÃO ORGANIZADO;Categoria A;2010-01-01;FASE OPERACIONAL;1977-07-20;PRIVADO;SEDE;Av. das Nações Unidas, 14261;Ala A, 10o andar;Vila Gertrudes;SÃO PAULO;SP;BRASIL;4794000;11;38477397;11;30451199;ri@alpargatas.com;DIRETOR DE RELAÇÕES COM INVESTIDORES;André Corrêa Natal;2023-04-01;Avenida das Nações Unidas, 14261;10º andar, Ala A;Vila  Gertudes;SÃO PAULO;;;4794000;11;45697322;;;ri@alpargatas.com;57.755.217/0001-29;KPMG AUDITORES INDEPENDENTES LTDA.
61.079.117/0001-05;ALPARGATAS SA;ALPARGATAS;1977-07-20;1907-04-03;;;ATIVO;1977-07-20;10456;Têxtil e Vestuário;BOLSA;Categoria A;2010-01-01;FASE OPERACIONAL;1977-07-20;PRIVADO;SEDE;Av. das Nações Unidas, 14261;Ala A, 10o andar;Vila Gertrudes;SÃO PAULO;SP;BRASIL;4794000;11;38477397;11;30451199;ri@alpargatas.com;DIRETOR DE RELAÇÕES COM INVESTIDORES;André Corrêa Natal;2023-04-01;Avenida das Nações Unidas, 14261;10º andar, Ala A;Vila  Gertudes;SÃO PAULO;;;4794000;11;45697322;;;ri@alpargatas.com;57.755.217/0001-29;KPMG AUDITORES INDEPENDENTES LTDA.
16.811.931/0001-00;ALPHAVILLE S.A.;;2020-11-05;2012-02-13;;;ATIVO;2020-11-05;25275;Construção Civil, Mat. Constr. e Decoração;BOLSA;Categoria A;2020-11-05;FASE OPERACIONAL;2020-08-13;PRIVADO;SEDE;Avenida das Nações Unidas, 14.171;7º andar-Torre A;Vila Gertrudes;SÃO PAULO;SP;BRASIL;4794000;11;30305114;;;ri@alphaville.com.br;DIRETOR DE RELAÇÕES COM INVESTIDORES;Eduardo Ramos Canonico;2024-01-15;Avenida das Nações Unidas, nº 14.171;7º andar - Torre A;Vila Gertrudes;SÃO PAULO;SP;;4794000;11;30305114;;;ri@alphaville.com.br;61.366.936/0001-25;ERNST & YOUNG AUDITORES INDEPENDENTES S/S LTDA.
48.344.725/0007-19;ALTHAIA S.A. INDÚSTRIA FARMACÊUTICA;ALTHAIA S.A. INDÚSTRIA FARMACÊUTICA;2022-11-30;1992-07-02;;;ATIVO;2022-11-30;27030;Farmacêutico e Higiene;BALCÃO ORGANIZADO;Categoria B;2022-11-30;FASE OPERACIONAL;2022-09-09;PRIVADO;SEDE;Avenida Tégula, nº 888;Mód 01,15,16,17,21;Ponte Alta;ATIBAIA;SP;BRASIL;12952820;11;44178393;;;ri@althaia.com.br;DIRETOR DE RELAÇÕES COM INVESTIDORES;ALLYSSON FERNANDO YAMAMOTO;2024-08-16;AVENIDA TÉGULA, Nº 888;MÓD 01,15,16,17,21;PONTE ALTA;ATIBAIA;SP;;12952820;11;44178393;0;0;ri@althaia.com.br;57.755.217/0001-29;KPMG AUDITORES INDEPENDENTES LTDA.
08.262.121/0001-13;ALUBAR METAIS E CABOS S.A.;;2024-01-29;2006-08-31;;;ATIVO;2024-01-29;27430;Metalurgia e Siderurgia;;Categoria B;2023-10-26;FASE OPERACIONAL;2023-10-26;PRIVADO;SEDE;Rodovia PA 481;s/n, Km 2,3;Centro;BARCARENA;PA;BRASIL;68447000;91;33227615;;;ri.alubar@alubar.net;DIRETOR DE RELAÇÕES COM INVESTIDORES;Fabio Monte de Camargo;2023-04-26;Av. Juscelino Kubitschek, 1327;6º andar;Itaim Bibi;SÃO PAULO;SP;;4543011;91;33227615;;;ri.alubar@alubar.net;49.928.567/0001-11;DELOITTE TOUCHE TOHMATSU AUDITORES INDEPENDENTES LTDA.
08.364.948/0001-38;ALUPAR INVESTIMENTO S/A;ALUPAR INVESTIMENTO S/A;2008-06-18;2006-09-27;;;ATIVO;2008-06-18;21490;Emp. Adm. Part. - Energia Elétrica;BOLSA;Categoria A;2012-10-04;FASE OPERACIONAL;2008-06-18;PRIVADO;SEDE;Rua Gomes de Carvalho, nº 1996;16 andar;Vila Olímpia;SÃO PAULO;SP;BRASIL;4547905;11;45712400;11;30459602;;DIRETOR DE RELAÇÕES COM INVESTIDORES;LUIZ EDUARDO MUNIZ COIMBRA;2024-10-09;Rua Gomes de Carvalho, nº 1996;16 andar;Vila Olímpia;SÃO PAULO;;;4547006;11;45712400;;;ri@alupar.com.br;57.755.217/0001-29;KPMG AUDITORES INDEPENDENTES LTDA.
42.233.757/0001-75;ALVAREZ & MARSAL INVESTIMENTOS I S.A.;ALVAREZ & MARSAL INVESTIMENTOS I S.A.;2021-11-30;2021-06-08;;;ATIVO;2021-11-30;26433;Emp. Adm. Part. - Sem Setor Principal;;Categoria A;2021-11-30;FASE PRÉ-OPERACIONAL;2021-07-06;PRIVADO;SEDE;Rua Surubim, nº 373;3º andar;Cidade Monções;SÃO PAULO;SP;BRASIL;4571050;11;55064059;;;ri.aminvest1@alvarezandmarsal.com;DIRETOR DE RELAÇÕES COM INVESTIDORES;Henrique Oliva Biscolla;2022-07-28;Rua Surubim, nº 373;3º andar;Cidade Monções;SÃO PAULO;SP;;4571050;11;55064059;;;hbiscolla@alvarezandmarsal.com;54.080.721/0001-88;CLA - CLIFTON LARSON ALLEN BRASIL AUDITORES INDEPENDENTES S/S LTDA
07.526.557/0001-00;AMBEV S.A.;AMBEV S.A;2013-10-30;2005-07-08;;;ATIVO;2013-10-30;23264;Bebidas e Fumo;BALCÃO ORGANIZADO;Categoria A;2013-10-30;FASE OPERACIONAL;2013-04-08;ESTRANGEIRO HOLDING;SEDE;Rua Dr. Renato Paes de Barros, 1.017;4º andar;Itaim Bibi;SÃO PAULO;SP;BRASIL;4530001;11;21221414;11;21221529;ri@ambev.com.br;DIRETOR DE RELAÇÕES COM INVESTIDORES;GUILHERME FLEURY DE FIGUEIREDO FERRAZ PAROLARI;2025-04-01;RUA DR. RENATO PAES DE BARROS, 1.017;4º ANDAR;ITAIM BIBI;SÃO PAULO;SP;;4530001;11;21221414;0;0;ri@ambev.com.br;10.830.108/0001-65;GRANT THORNTON AUDITORES INDEPENDENTES LTDA.
07.526.557/0001-00;AMBEV S.A.;AMBEV S.A;2013-10-30;2005-07-08;;;ATIVO;2013-10-30;23264;Bebidas e Fumo;BOLSA;Categoria A;2013-10-30;FASE OPERACIONAL;2013-04-08;ESTRANGEIRO HOLDING;SEDE;Rua Dr. Renato Paes de Barros, 1.017;4º andar;Itaim Bibi;SÃO PAULO;SP;BRASIL;4530001;11;21221414;11;21221529;ri@ambev.com.br;DIRETOR DE RELAÇÕES COM INVESTIDORES;GUILHERME FLEURY DE FIGUEIREDO FERRAZ PAROLARI;2025-04-01;RUA DR. RENATO PAES DE BARROS, 1.017;4º ANDAR;ITAIM BIBI;SÃO PAULO;SP;;4530001;11;21221414;0;0;ri@ambev.com.br;10.830.108/0001-65;GRANT THORNTON AUDITORES INDEPENDENTES LTDA.
12.648.266/0001-24;AMBIPAR PARTICIPAÇÕES E EMPREENDIMENTOS S.A.;AMBIPAR PARTICIPAÇÕES E EMPREENDIMENTOS S.A.;2020-05-15;2010-08-16;;;ATIVO;2020-05-15;24961;Saneamento, Serv. Água e Gás;BALCÃO ORGANIZADO;Categoria A;2020-05-15;FASE OPERACIONAL;2020-02-20;PRIVADO;SEDE;Avenida Pacaembu;1.088;Pacaembu;SÃO PAULO;SP;BRASIL;1234000;11;34295000;11;34295000;ri@ambipar.com;DIRETOR DE RELAÇÕES COM INVESTIDORES;Renato Ferreira dos Santos;2026-02-20;Avenida Pacaembu,1088;;Pacaembu;SÃO PAULO;SP;;1234000;11;34295000;;;ri@ambipar.com;49.928.567/0001-11;DELOITTE TOUCHE TOHMATSU AUDITORES INDEPENDENTES LTDA.
12.648.266/0001-24;AMBIPAR PARTICIPAÇÕES E EMPREENDIMENTOS S.A.;AMBIPAR PARTICIPAÇÕES E EMPREENDIMENTOS S.A.;2020-05-15;2010-08-16;;;ATIVO;2020-05-15;24961;Saneamento, Serv. Água e Gás;BOLSA;Categoria A;2020-05-15;FASE OPERACIONAL;2020-02-20;PRIVADO;SEDE;Avenida Pacaembu;1.088;Pacaembu;SÃO PAULO;SP;BRASIL;1234000;11;34295000;11;34295000;ri@ambipar.com;DIRETOR DE RELAÇÕES COM INVESTIDORES;Renato Ferreira dos Santos;2026-02-20;Avenida Pacaembu,1088;;Pacaembu;SÃO PAULO;SP;;1234000;11;34295000;;;ri@ambipar.com;49.928.567/0001-11;DELOITTE TOUCHE TOHMATSU AUDITORES INDEPENDENTES LTDA.
00.776.574/0001-56;AMERICANAS S.A. - EM RECUPERAÇÃO JUDICIAL;AMERICANAS S.A. - EM RECUPERAÇÃO JUDICIAL;2007-07-26;2006-12-13;;;ATIVO;2007-07-26;20990;Comércio (Atacado e Varejo);BALCÃO ORGANIZADO;Categoria A;2010-01-01;EM RECUPERAÇÃO JUDICIAL OU EQUIVALENTE;2023-01-19;PRIVADO;SEDE;Rua Sacadura Cabral, 102;Parte;Saúde;RIO DE JANEIRO;RJ;BRASIL;20081902;21;22066301;;;;DIRETOR DE RELAÇÕES COM INVESTIDORES;SEBASTIEN DURCHON;2025-12-01;RUA SACADURA CABRAL, 102;PARTE;SAÚDE;RIO DE JANEIRO;RJ;;20081902;21;22066301;0;0;ri@americanas.io;54.276.936/0001-79;BDO RCS AUDITORES INDEPENDENTES - SOCIEDADE SIMPLES LIMITADA
00.776.574/0001-56;AMERICANAS S.A. - EM RECUPERAÇÃO JUDICIAL;AMERICANAS S.A. - EM RECUPERAÇÃO JUDICIAL;2007-07-26;2006-12-13;;;ATIVO;2007-07-26;20990;Comércio (Atacado e Varejo);BOLSA;Categoria A;2010-01-01;EM RECUPERAÇÃO JUDICIAL OU EQUIVALENTE;2023-01-19;PRIVADO;SEDE;Rua Sacadura Cabral, 102;Parte;Saúde;RIO DE JANEIRO;RJ;BRASIL;20081902;21;22066301;;;;DIRETOR DE RELAÇÕES COM INVESTIDORES;SEBASTIEN DURCHON;2025-12-01;RUA SACADURA CABRAL, 102;PARTE;SAÚDE;RIO DE JANEIRO;RJ;;20081902;21;22066301;0;0;ri@americanas.io;54.276.936/0001-79;BDO RCS AUDITORES INDEPENDENTES - SOCIEDADE SIMPLES LIMITADA
33.050.071/0001-58;AMPLA ENERGIA E SERVIÇOS S.A.;AMPLA;1969-08-15;1909-06-01;;;ATIVO;1969-08-15;3050;Energia Elétrica;BOLSA;Categoria A;2010-01-01;FASE OPERACIONAL;1969-08-15;ESTRANGEIRO;SEDE;Avenida Oscar Niemeyer 2000;bl 01, sl 701;Santo Cristo;RIO DE JANEIRO;RJ;BRASIL;20220297;21;26137000;21;26137161;brasil.investorrelations@enel.com;DIRETOR DE RELAÇÕES COM INVESTIDORES;Michelle Rodrigues Nogueira;2025-04-26;Av Niemeyer, 2000;Bloco 01 - Sala 701;Santo Cristo;RIO DE JANEIRO;RJ;;20220297;21;996356495;;;brasil.investorrelations@enel.com;07.326.840/0001-98;FORVIS MAZARS AUDITORES INDEPENDENTES - SOCIEDADE SIMPLES LTDA.
09.288.252/0001-32;ANIMA HOLDING S/A;;2013-10-24;2007-10-05;;;ATIVO;2013-10-24;23248;Educação;BOLSA;Categoria A;2013-10-24;FASE OPERACIONAL;2013-09-03;PRIVADO HOLDING;SEDE;Rua Harmonia, 1250;9° andar;Sumarezinho;SÃO PAULO;SP;BRASIL;5435001;11;43022611;11;43022680;ri@animaeducacao.com.br;DIRETOR DE RELAÇÕES COM INVESTIDORES;Átila Simões da Cunha;2025-02-25;Rua Harmonia, 1.250;9º Andar;Sumarezinho;SÃO PAULO;;;5435001;11;43022611;;;ri@animaeducacao.com.br;61.366.936/0001-25;ERNST & YOUNG AUDITORES INDEPENDENTES S/S LTDA.
14.127.813/0001-51;ARANDU INVESTIMENTOS S.A.;GETNINJAS S.A.;2021-05-13;2011-07-25;;;ATIVO;2021-05-13;25887;Emp. Adm. Part. - Intermediação Financeira;BOLSA;Categoria A;2021-05-13;FASE OPERACIONAL;2021-02-26;PRIVADO;SEDE;Rua Dr. Fernandes Coelho, nº 85;3º andar;Pinheiros;SÃO PAULO;SP;BRASIL;5423040;11;30322978;;;ri@reag.com.br;DIRETOR DE RELAÇÕES COM INVESTIDORES;Dario Graziato Tanure;2024-08-02;Alameda Gabriel Monteiro da Silva 2345;;Itaim Bibi;SÃO PAULO;;;1441002;11;35046888;;;ri@reag.com.br;16.549.480/0001-84;RSM BRASIL AUDITORES INDEPENDENTES LTDA.
24.624.551/0001-94;ARGO ENERGIA EMPREENDIMENTOS E PARTICIPAÇÕES S.A.;ARGO ENERGIA EMPREENDIMENTOS E PARTICIPAÇÕES S.A.;2017-04-24;2016-03-23;;;ATIVO;2017-04-24;24120;Emp. Adm. Part. - Energia Elétrica;BALCÃO ORGANIZADO;Categoria B;2017-04-24;FASE OPERACIONAL;2017-04-24;PRIVADO HOLDING;SEDE;Rua Tabapuã, 841;5º ANDAR CJ 51;ITAIM BIBI;SÃO PAULO;SP;BRASIL;4533013;11;38108760;;;;DIRETOR DE RELAÇÕES COM INVESTIDORES;Simone Aparecida Borsato;2023-10-02;Rua Tabapuã, 841;;Itaim Bibi;SÃO PAULO;;;4533013;11;956363796;;;ri@argoenergia.com.br;61.366.936/0001-25;ERNST & YOUNG AUDITORES INDEPENDENTES S/S LTDA.
24.624.490/0001-65;ARGO TRANSMISSÃO DE ENERGIA S.A.;ARGO TRANSMISSÃO DE ENERGIA S.A.;2017-09-22;2016-03-23;;;ATIVO;2017-09-22;24210;Energia Elétrica;BALCÃO ORGANIZADO;Categoria B;2017-09-22;FASE OPERACIONAL;2019-09-07;PRIVADO;SEDE;Rua Tabapuã, 841;5º ANDAR CJ 51;ITAIM;SÃO PAULO;SP;BRASIL;4533013;11;38108760;;;;DIRETOR DE RELAÇÕES COM INVESTIDORES;Simone Aparecida Borsato;2023-10-02;Rua Tabapuã, 841;;Itaim Bibi;SÃO PAULO;;;4533013;11;38108764;;;ri@argoenergia.com.br;61.366.936/0001-25;ERNST & YOUNG AUDITORES INDEPENDENTES S/S LTDA.
20.514.590/0001-88;ARGO V TRANSMISSAO DE ENERGIA S.A.;ODOYÁ TRANSMISSORA DE ENERGIA S.A;2022-03-21;2014-06-27;;;ATIVO;2022-03-21;26662;Energia Elétrica;BALCÃO ORGANIZADO;Categoria B;2022-03-21;FASE OPERACIONAL;2021-12-24;PRIVADO HOLDING;SEDE;RUA TAPABUÃ, 841 - 5º ANDAR CONJ 51;;Itaim Bibi;SÃO PAULO;SP;BRASIL;4533013;11;25402571;;;;DIRETOR DE RELAÇÕES COM INVESTIDORES;Simone Aparecida Borsato;2023-10-02;Rua Tabapuã, 841;;Itaim Bibi;SÃO PAULO;;;4533013;11;38108764;;;ri@argoenergia.com.br;61.366.936/0001-25;ERNST & YOUNG AUDITORES INDEPENDENTES S/S LTDA.
20.514.555/0001-69;ARGO VI TRANSMISSAO DE ENERGIA S.A.;ESPERANZA TRANSMISSORA DE ENERGIA S.A.;2022-03-21;2014-06-27;;;ATIVO;2022-03-21;26670;Energia Elétrica;BALCÃO ORGANIZADO;Categoria B;2022-03-21;FASE OPERACIONAL;2021-12-23;PRIVADO HOLDING;SEDE;Rua Tabapuã, 841 - Conj. 21- 2º andar - Itaim Bibi;;Itaim Bibi;SÃO PAULO;SP;BRASIL;4533013;11;25402571;;;;DIRETOR DE RELAÇÕES COM INVESTIDORES;Simone Aparecida Borsato;2023-10-02;Rua Tabapuã, 841;5º ANDAR CJ 51;ITAIM BIBI;SÃO PAULO;;;4533013;11;38108760;;;ri@argoenergia.com.br;61.366.936/0001-25;ERNST & YOUNG AUDITORES INDEPENDENTES S/S LTDA.
00.242.184/0001-04;ARMAC LOCAÇÃO, LOGÍSTICA E SERVIÇOS S.A.;;2021-07-26;1994-10-05;;;ATIVO;2021-07-26;26069;Serviços Transporte e Logística;BALCÃO ORGANIZADO;Categoria A;2021-07-26;FASE OPERACIONAL;2021-05-10;PRIVADO;SEDE;Estrada das Palmeiras, nº 430;Galpão 01, sala 07;Pereiras;BARUERI;SP;BRASIL;6742508;11;40035511;;;ri@armac.com.br;DIRETOR DE RELAÇÕES COM INVESTIDORES;Marcos Antonio Pinheiro Filho;2025-01-02;Av. Marcos Penteado de Ulhôa Rodrigues, 939, Conj. 701 e 702;Torre II, Ed. Jatobá;Tamboré;BARUERI;SP;;6460040;11;46281681;;;ri@armac.com.br;61.366.936/0001-25;ERNST & YOUNG AUDITORES INDEPENDENTES S/S LTDA.
00.242.184/0001-04;ARMAC LOCAÇÃO, LOGÍSTICA E SERVIÇOS S.A.;;2021-07-26;1994-10-05;;;ATIVO;2021-07-26;26069;Serviços Transporte e Logística;BOLSA;Categoria A;2021-07-26;FASE OPERACIONAL;2021-05-10;PRIVADO;SEDE;Estrada das Palmeiras, nº 430;Galpão 01, sala 07;Pereiras;BARUERI;SP;BRASIL;6742508;11;40035511;;;ri@armac.com.br;DIRETOR DE RELAÇÕES COM INVESTIDORES;Marcos Antonio Pinheiro Filho;2025-01-02;Av. Marcos Penteado de Ulhôa Rodrigues, 939, Conj. 701 e 702;Torre II, Ed. Jatobá;Tamboré;BARUERI;SP;;6460040;11;46281681;;;ri@armac.com.br;61.366.936/0001-25;ERNST & YOUNG AUDITORES INDEPENDENTES S/S LTDA.
02.919.555/0001-67;ARTERIS S.A.;ARTERIS;2005-07-06;1998-11-09;;;ATIVO;2005-07-06;19771;Serviços Transporte e Logística;;Categoria B;2016-06-17;FASE OPERACIONAL;2005-07-06;ESTRANGEIRO;SEDE;Avenida Presidente Juscelino Kubtischeck 510;12 andar;Itaim Bibi;SÃO PAULO;SP;BRASIL;4543906;11;30742400;11;30742405;ri@arteris.com.br;DIRETOR DE RELAÇÕES COM INVESTIDORES;Nilton Leonardo Fernandes de Oliveira;2023-10-01;Avenida Presidente Juscelino Kubtischeck 510;12 andar;Itaim Bibi;SÃO PAULO;SP;;4543906;11;30742404;;;ri@arteris.com.br;49.928.567/0001-11;DELOITTE TOUCHE TOHMATSU AUDITORES INDEPENDENTES LTDA.
09.359.927/0001-97;ASA BRANCA HOLDING S.A.;ASA BRANCA HOLDING S.A.;2021-12-20;2008-01-14;;;ATIVO;2021-12-20;26514;Emp. Adm. Part. - Energia Elétrica;;Categoria B;2021-12-20;FASE OPERACIONAL;2021-10-27;PRIVADO HOLDING;SEDE;Rua Campos Bicudo, 98;4º andar;Jardim Europa;SÃO PAULO;SP;BRASIL;4536010;11;23971450;;;ri@essentiaenergia.com.br;DIRETOR DE RELAÇÕES COM INVESTIDORES;Gabriel Marinho de Farias;2024-07-29;Rua Campos Bicudo, 98;4º andar;Jardim Europa;SÃO PAULO;;;4536010;11;23971450;;;ri@essentiaenergia.com.br;57.755.217/0001-29;KPMG AUDITORES INDEPENDENTES LTDA.
38.286.323/0001-66;ASSURUÁ 4 E 5 HOLDING ENERGIA S.A.;ASSURUÁ 4 E 5 HOLDING ENERGIA S.A.;2024-07-15;2020-06-04;;;ATIVO;2024-07-15;27545;Emp. Adm. Part. - Energia Elétrica;BALCÃO ORGANIZADO;Categoria B;2024-07-15;FASE OPERACIONAL;2024-05-17;PRIVADO HOLDING;SEDE;Av. Presidente Juscelino Kubitschek, nº 1830;1º andar, Bloco 1/2;Vila Nova Conceição;SÃO PAULO;SP;BRASIL;4543900;11;32549810;;;ri@srna.co;DIRETOR DE RELAÇÕES COM INVESTIDORES;Andrea Sztajn;2024-05-17;Av. Presidente Juscelino Kubitschek, nº 1830;1º andar, Bloco 1/2;Vila Nova Conceição;SÃO PAULO;SP;;4543900;11;32549810;;;ri@srna.co;10.830.108/0001-65;GRANT THORNTON AUDITORES INDEPENDENTES LTDA.
23.994.857/0001-70;ATOM EDUCAÇÃO E EDITORA S.A.;ATOM EDUCAÇÃO E EDITORA S.A.;2024-10-18;2016-01-18;;;ATIVO;2024-10-18;27677;Educação;BOLSA;Categoria A;2024-07-26;FASE OPERACIONAL;2024-07-26;PRIVADO;SEDE;Rua Eulália Silva, 454;8º andar, Cj. 81;Jardim Faculdade;SOROCABA;SP;BRASIL;18030230;15;30316100;;;ri@atomeducacional.com.br;DIRETOR DE RELAÇÕES COM INVESTIDORES;DANILO RODRIGO CISOTTO;2024-07-26;Rua Eulália Silva, 454;8º andar, Cj. 81;Jardim Faculdade;SOROCABA;SP;;18030230;15;30316100;;;ri@atomeducacional.com.br;61.366.936/0001-25;ERNST & YOUNG AUDITORES INDEPENDENTES S/S LTDA.
08.213.823/0001-07;AURA ALMAS MINERAÇÃO S.A.;AURA ALMAS MINERAÇÃO S.A.;2022-01-06;2006-07-12;;;ATIVO;2022-01-06;26590;Emp. Adm. Part. - Extração Mineral;BALCÃO ORGANIZADO;Categoria B;2022-01-06;FASE OPERACIONAL;2024-07-03;PRIVADO;SEDE;Avenida das Nações Unidas, 14.261 Torre B;Escritório 26-126;Vila Gertrudes;SÃO PAULO;SP;BRASIL;4730090;11;21647340;;;ri@auraminerals.com;DIRETOR DE RELAÇÕES COM INVESTIDORES;Natasha Utescher;2024-01-30;Avenida das Nações Unidas, 14.261;Torre B 26-126;Vila Gertrudes;SÃO PAULO;SP;;4730090;11;21647340;;;ri@auraminerals.com;57.755.217/0001-29;KPMG AUDITORES INDEPENDENTES LTDA.
28.594.234/0001-23;AUREN ENERGIA S.A;AUREN ENERGIA S.A;2022-02-25;2017-08-01;;;ATIVO;2022-02-25;26620;Energia Elétrica;BALCÃO ORGANIZADO;Categoria A;2022-02-25;FASE OPERACIONAL;2021-12-10;PRIVADO;SEDE;Av. dra Ruth Cardoso, 8.501;2º andar, sala 11;Pinheiros;SÃO PAULO;SP;BRASIL;5425070;11;28742540;;;ri@aurenenergia.com.br;DIRETOR DE RELAÇÕES COM INVESTIDORES;Mateus Gomes Ferreira;2024-07-01;Av. Dra. Ruth Cardoso, n.º 8.501;2º andar, sala 11;Pinheiros;SÃO PAULO;SP;;5425070;11;30922956;;;ri@aurenenergia.com.br;61.562.112/0001-20;PRICEWATERHOUSECOOPERS AUDITORES INDEPENDENTES LTDA.
28.594.234/0001-23;AUREN ENERGIA S.A;AUREN ENERGIA S.A;2022-02-25;2017-08-01;;;ATIVO;2022-02-25;26620;Energia Elétrica;BOLSA;Categoria A;2022-02-25;FASE OPERACIONAL;2021-12-10;PRIVADO;SEDE;Av. dra Ruth Cardoso, 8.501;2º andar, sala 11;Pinheiros;SÃO PAULO;SP;BRASIL;5425070;11;28742540;;;ri@aurenenergia.com.br;DIRETOR DE RELAÇÕES COM INVESTIDORES;Mateus Gomes Ferreira;2024-07-01;Av. Dra. Ruth Cardoso, n.º 8.501;2º andar, sala 11;Pinheiros;SÃO PAULO;SP;;5425070;11;30922956;;;ri@aurenenergia.com.br;61.562.112/0001-20;PRICEWATERHOUSECOOPERS AUDITORES INDEPENDENTES LTDA.
00.194.724/0001-13;AUREN OPERAÇÕES S.A.;AUREN OPERAÇÕES S.A.;2021-08-17;1994-09-14;;;ATIVO;2021-08-17;26174;Emp. Adm. Part. - Energia Elétrica;BOLSA;Categoria A;2021-08-17;FASE OPERACIONAL;2021-11-30;PRIVADO HOLDING;SEDE;Rodovia Comandante João Ribeiro de Barros (SP-294);Km 343,5, Sala 07;Distrito Industrial;BAURU;SP;BRASIL;5425070;11;28742540;;;ri@aurenenergia.com.br;DIRETOR DE RELAÇÕES COM INVESTIDORES;Mateus Gomes Ferreira;2024-10-31;Av. das Nações Unidas, 8501;2º Andar;Pinheiros;SÃO PAULO;SP;;5425070;11;28742540;;;ri@aurenenergia.com.br;61.562.112/0001-20;PRICEWATERHOUSECOOPERS AUDITORES INDEPENDENTES LTDA.
37.663.076/0001-07;AUREN PARTICIPAÇÕES S.A.;AUREN PARTICIPAÇÕES S.A.;2021-03-18;2020-03-20;;;ATIVO;2021-03-18;25640;Energia Elétrica;;Categoria B;2025-01-08;FASE OPERACIONAL;2020-12-18;PRIVADO HOLDING;SEDE;Avenida Dra. Ruth Cardoso;2º Andar;Pinheiros;SÃO PAULO;SP;BRASIL;5425070;11;28742540;;;ri@aurenenergia.com.br;DIRETOR DE RELAÇÕES COM INVESTIDORES;Mateus Gomes Ferreira;2024-10-31;Av. das Nações Unidas, 8501;2º Andar;Pinheiros;SÃO PAULO;SP;;5425070;11;28742540;;;ri@aurenenergia.com.br;61.562.112/0001-20;PRICEWATERHOUSECOOPERS AUDITORES INDEPENDENTES LTDA.
35.654.688/0001-08;AUTOMOB PARTICIPAÇÕES S.A.;VAMOS COMÉRCIO DE MÁQUINAS LINHA AMARELA S.A.;2024-11-27;2019-11-28;;;ATIVO;2024-11-27;27707;Serviços Transporte e Logística;BOLSA;Categoria A;2024-09-24;FASE OPERACIONAL;2024-09-24;PRIVADO;SEDE;Avenida Ayrton Senna da Silva, S/N, Lotes B3 e B4;;Distrito Industrial;CUIABÁ;MT;BRASIL;78098282;11;31544000;;;ri@automob.com.br;DIRETOR DE RELAÇÕES COM INVESTIDORES;Sebastian Dario Los;2025-07-01;Avenida Ayrton Senna da Silva, S/N, Lotes B3 e B4;;Distrito Industrial;CUIABÁ;;;8098282;11;31544000;;;ri@automob.com.br;61.562.112/0001-20;PRICEWATERHOUSECOOPERS AUDITORES INDEPENDENTES LTDA.
09.326.342/0001-70;AUTOPISTA FERNÃO DIAS SA;AUTOPISTA FERNÃO DIAS SA;2010-03-29;2007-12-19;;;ATIVO;2010-03-29;21989;Serviços Transporte e Logística;;Categoria B;2010-03-29;FASE OPERACIONAL;2010-03-29;PRIVADO HOLDING;SEDE;Rodovia Fernão Dias, BR 381 - KM 850 - Pista Norte;Prédio;Setor Industrial;POUSO ALEGRE;MG;BRASIL;37556338;35;34496600;31;34496661;planejamentofinanceiro.minassp@motiva.com.br;DIRETOR DE RELAÇÕES COM INVESTIDORES;Guilherme Motta Gomes;2026-04-02;Rodovia Fernão Dias - BR381, Km 850,5;Prédio;Setor Industrial;POUSO ALEGRE;MG;;37556338;35;34496600;;;planejamentofinanceiro.minassp@motiva.com.br;49.928.567/0001-11;DELOITTE TOUCHE TOHMATSU AUDITORES INDEPENDENTES LTDA.
09.324.949/0001-11;AUTOPISTA FLUMINENSE SA;AUTOPISTA FLUMINENSE SA;2010-03-29;2007-12-19;;;ATIVO;2010-03-29;22004;Serviços Transporte e Logística;;Categoria B;2010-03-29;FASE OPERACIONAL;2010-03-29;PRIVADO HOLDING;SEDE;Rua XV de Novembro Nº 4 Bloco 2;902 e 903;Centro;NITERÓI;RJ;BRASIL;24020125;21;26079800;21;26079845;eduardo.diniz@arteris.com.br;DIRETOR DE RELAÇÕES COM INVESTIDORES;Nilton Leonardo Fernandes de Oliveira;2023-10-01;Avenida Jucelino Kubitschek, 510;12º Andar;Itaim Bibi;SÃO PAULO;SP;;4543906;11;30742404;;;ri@arteris.com.br;49.928.567/0001-11;DELOITTE TOUCHE TOHMATSU AUDITORES INDEPENDENTES LTDA.
09.313.969/0001-97;AUTOPISTA LITORAL SUL;AUTOPISTA LITORAL SUL;2010-03-29;2007-12-19;;;ATIVO;2010-03-29;21997;Serviços Transporte e Logística;;Categoria B;2010-03-29;FASE OPERACIONAL;2010-03-29;PRIVADO HOLDING;SEDE;Francisco Munhoz Madrid, nº 625, Cond. Portal do Porto bl 4;Módulos 402.2 e 403;Roseira;SÃO JOSÉ DOS PINHAIS;PR;BRASIL;83070152;47;31770700;47;31770701;autopistalitoralsul@arterisbr.onmicrosoft.com;DIRETOR DE RELAÇÕES COM INVESTIDORES;Nilton Leonardo Fernandes de Oliveira;2023-10-02;Av. Presidente Juscelino Kubitschek,510;12º Andar;Vila Nova Conceição;SÃO PAULO;PR;;4543906;11;30742404;;;ri@arteris.com.br;49.928.567/0001-11;DELOITTE TOUCHE TOHMATSU AUDITORES INDEPENDENTES LTDA.
09.325.109/0001-73;AUTOPISTA PLANALTO SUL SA;AUTOPISTA PLANALTO SUL SA;2010-03-29;2009-10-26;;;ATIVO;2010-03-29;21970;Serviços Transporte e Logística;;Categoria B;2010-03-29;FASE OPERACIONAL;2010-03-29;PRIVADO HOLDING;SEDE;Rodovia Praça do Pedágio BR116 Km 204;Térreo Praça Pedágio;Roseira;RIO NEGRO;PR;BRASIL;83880000;41;30587500;47;36415325;ri@arteris.com.br;DIRETOR DE RELAÇÕES COM INVESTIDORES;Nilton Leonardo Fernandes de Oliveira;2023-10-01;Avenida Presidente Juscelino Kubitschek, nº 510;12º andar;Vila Nova Conceição;SÃO PAULO;SP;;4543900;11;30742404;;;ri@arteris.com.br;49.928.567/0001-11;DELOITTE TOUCHE TOHMATSU AUDITORES INDEPENDENTES LTDA.
09.336.431/0001-06;AUTOPISTA REGIS BITTENCOURT SA;AUTOPISTA REGIS BITTENCOURT SA;2010-03-29;2007-12-19;;;ATIVO;2010-03-29;21962;Serviços Transporte e Logística;;Categoria B;2010-03-29;FASE OPERACIONAL;2010-03-29;PRIVADO HOLDING;SEDE;Rodovia SP 139;226;São Nicolau;REGISTRO;SP;BRASIL;11900000;41;30587500;11;40828676;ri@arteris.com.br;DIRETOR DE RELAÇÕES COM INVESTIDORES;Nilton Leonardo Fernandes de Oliveira;2023-10-01;Avenida Presidente Juscelino Kubtischeck 510;12 andar;Vila Nova Conceição;SÃO PAULO;SP;;4543906;11;30742404;;;ri@arteris.com.br;49.928.567/0001-11;DELOITTE TOUCHE TOHMATSU AUDITORES INDEPENDENTES LTDA.
33.541.368/0001-16;AXIA ENERGIA NORDESTE S.A.;CHESF;1969-12-19;1948-03-15;;;ATIVO;1969-12-19;3328;Energia Elétrica;BALCÃO ORGANIZADO;Categoria A;2010-01-01;FASE OPERACIONAL;1969-12-19;;SEDE;Rua Delmiro Gouveia, 333;Bloco A, Sala 307;San Martin;RECIFE;PE;BRASIL;50761901;81;32292222;81;32293333;ri@axia.com.br;DIRETOR DE RELAÇÕES COM INVESTIDORES;Eduardo Haiama;2024-04-26;Rua Delmiro Gouveia, 333;;San Martin;RECIFE;;;50761901;81;32292335;;;ri@axia.com.br;61.562.112/0001-20;PRICEWATERHOUSECOOPERS AUDITORES INDEPENDENTES LTDA.
00.357.038/0001-16;AXIA ENERGIA NORTE S.A.;CENTRAIS ELÉTRICAS DO NORTE DO BRASIL S.A.;2024-05-24;1973-06-20;;;ATIVO;2024-05-24;27472;Energia Elétrica;BALCÃO ORGANIZADO;Categoria B;2024-05-24;FASE OPERACIONAL;2024-04-04;PRIVADO;SEDE;SEPN 504;BLOCO D;ASA NORTE;BRASÍLIA;DF;;70730524;61;34296400;;;ri@axia.com.br;DIRETOR DE RELAÇÕES COM INVESTIDORES;Eduardo Haiama;2024-03-27;SEPN 504, Bloco D, Centro Corporativo Portinari;;Asa Norte;BRASÍLIA;DF;;70730524;21;25146431;;;ri@axia.com.br;61.562.112/0001-20;PRICEWATERHOUSECOOPERS AUDITORES INDEPENDENTES LTDA.
00.001.180/0001-26;AXIA ENERGIA S.A.;AXIA ENERGIA S.A.;1971-01-28;1961-04-25;;;ATIVO;1971-01-28;2437;Emp. Adm. Part. - Energia Elétrica;BOLSA;Categoria A;2010-01-01;FASE OPERACIONAL;1971-01-28;ESTATAL;SEDE;Av. Graça Aranha, 26;;Centro;RIO DE JANEIRO;RJ;BRASIL;20030900;21;25145000;61;33297315;francisco.duarte@axia.com.br;DIRETOR DE RELAÇÕES COM INVESTIDORES;Eduardo Haiama;2023-10-09;Av. Graça Aranha, 26;19º Andar;Centro;RIO DE JANEIRO;RJ;;20030900;21;25146435;;;ri@axia.com.br;61.562.112/0001-20;PRICEWATERHOUSECOOPERS AUDITORES INDEPENDENTES LTDA.
02.016.507/0001-69;AXIA ENERGIA SUL S.A.;ELETROBRAS CGT ELETROSUL;2024-05-24;1997-08-05;;;ATIVO;2024-05-24;27480;Energia Elétrica;BALCÃO ORGANIZADO;Categoria B;2024-05-24;FASE OPERACIONAL;2024-04-04;PRIVADO;SEDE;Rua Deputado Antonio Edu Vieira, 999;;Pantanal;FLORIANÓPOLIS;SC;BRASIL;88040901;48;32317555;;;ri@axia.com.br;DIRETOR DE RELAÇÕES COM INVESTIDORES;Eduardo Haiama;2024-03-28;Rua Deputado Antonio Edu Vieira, 999;;Pantanal;FLORIANÓPOLIS;SC;;88040901;21;25146431;;;ri@axia.com.br;61.562.112/0001-20;PRICEWATERHOUSECOOPERS AUDITORES INDEPENDENTES LTDA.
52.017.473/0001-03;AZEVEDO & TRAVASSOS ENERGIA S.A.;AZEVEDO & TRAVASSOS ENERGIA S.A.;2024-09-06;2023-08-24;;;ATIVO;2024-09-06;27626;Petróleo e Gás;;Categoria A;2025-01-15;FASE OPERACIONAL;2024-09-27;PRIVADO;SEDE;Avenida Brigadeiro Faria Lima, 1.309;"5 andar, bloco ""b""";Jardim Paulistano;SÃO PAULO;SP;BRASIL;1452002;11;39737787;;;ri@azevedotravassosenergia.com.br;DIRETOR DE RELAÇÕES COM INVESTIDORES;Ivan de Carvalho Junior;2025-02-11;Avenida Brigadeiro Faria Lima, 1.309;"5º andar, bloco ""B""";Jardim Paulistano;SÃO PAULO;;;1452002;11;30964300;;;ivan.carvalho@atpetro.com.br;20.840.718/0001-01;TATICCA AUDITORES INDEPENDENTES S.S. - EPP
61.351.532/0001-68;AZEVEDO & TRAVASSOS SA;AZEVEDO & TRAVASSOS;1984-08-20;1922-06-25;;;ATIVO;1984-08-20;11975;Construção Civil, Mat. Constr. e Decoração;BOLSA;Categoria A;2010-01-01;FASE OPERACIONAL;1984-08-20;PRIVADO;SEDE;Rua Vicente Antônio de Oliveira, 1.050;;Vila Mirante;SÃO PAULO;SP;BRASIL;2955080;11;39737787;11;39737766;diretoria@azevedotravassos.com.br investidores@azevedotravassos.com.br;DIRETOR DE RELAÇÕES COM INVESTIDORES;Bernardo Negredo Mendonça de Araújo;2022-10-04;Av. das Nações Unidas, nº 12.901;21º andar, Cj. 2102;Brooklin Paulista;SÃO PAULO;SP;;4578910;11;39737787;;;diretoria@azevedotravassos.com.br;20.840.718/0001-01;TATICCA AUDITORES INDEPENDENTES S.S. - EPP
09.305.994/0001-29;AZUL S.A.;AZUL S.A.;2017-04-07;2008-01-03;;;ATIVO;2017-04-07;24112;Emp. Adm. Part. - Serviços Transporte e Logística;BOLSA;Categoria A;2017-04-07;FASE OPERACIONAL;2017-02-07;PRIVADO;SEDE;Avenida Marcos Penteado de Ulhôa Rodrigues 939;8º andar;Tamboré;BARUERI;SP;BRASIL;6460040;11;48312880;11;41349890;invest@voeazul.com.br;DIRETOR DE RELAÇÕES COM INVESTIDORES;Antonio Carlos Garcia;2026-04-20;Avenida Marcos Penteado de Ulhôa Rodrigues, n° 939;8° andar;Tamboré;BARUERI;SP;;6460040;11;48312880;;;invest@voeazul.com.br;10.830.108/0001-65;GRANT THORNTON AUDITORES INDEPENDENTES LTDA.
16.590.234/0001-76;AZZAS 2154 S.A.;AZZAS 2154 S.A.;2011-01-31;1972-09-15;;;ATIVO;2011-01-31;22349;Têxtil e Vestuário;BOLSA;Categoria A;2011-01-31;FASE OPERACIONAL;2011-01-31;PRIVADO;SEDE;Rua Fernandes Tourinho n° 147;sala 402;Bairro Savassi;BELO HORIZONTE;MG;BRASIL;30112000;31;21211000;11;38478971;ri@azzas2154.com.br;DIRETOR DE RELAÇÕES COM INVESTIDORES;Eric Alexandre Alencar;2025-09-10;Avenida Engenheiro Luiz Carlos Berrini, 105;3° andar;Itaim Bibi;SÃO PAULO;SP;;4571010;11;21324300;;;ri@azzas2154.com.br;49.928.567/0001-11;DELOITTE TOUCHE TOHMATSU AUDITORES INDEPENDENTES LTDA.
52.270.350/0001-71;B100 S.A.;CIABRASF - CIA. BRASILEIRA DE SERVIÇOS FINANCEIROS S.A.;2024-09-11;2023-08-24;;;ATIVO;2024-09-11;27634;Intermediação Financeira;BOLSA;Categoria A;2024-11-26;FASE OPERACIONAL;2025-02-27;PRIVADO;SEDE;Av. Brigadeiro Faria Lima, n° 3.900;11º andar;Itaim Bibi;SÃO PAULO;SP;BRASIL;4538132;11;35046888;;;ri@planner.com.br;DIRETOR DE RELAÇÕES COM INVESTIDORES;Lucas Dias Trevisan;2025-10-01;Avenida Brigadeiro Faria Lima, n° 3900;11º andar;Itaim Bibi;SÃO PAULO;SP;;4538132;11;35046888;;;ri@planner.com.br;54.080.721/0001-88;CLA - CLIFTON LARSON ALLEN BRASIL AUDITORES INDEPENDENTES S/S LTDA
09.346.601/0001-25;B3 S.A. - BRASIL, BOLSA, BALCÃO;B3;2008-08-11;2007-12-14;;;ATIVO;2008-08-11;21610;Bolsas de Valores/Mercadorias e Futuros;BALCÃO ORGANIZADO;Categoria A;2010-01-01;FASE OPERACIONAL;2008-08-11;PRIVADO;SEDE;PRAÇA ANTONIO PRADO, 48;7º ANDAR;CENTRO;SÃO PAULO;SP;;1010901;11;25654000;;;societariob3@b3.com.br;DIRETOR DE RELAÇÕES COM INVESTIDORES;André Veiga Milanez;2022-04-29;Praça Antonio Prado, 48;7º andar;Centro;SÃO PAULO;SP;;1010901;11;25654500;;;ri@b3.com.br;49.928.567/0001-11;DELOITTE TOUCHE TOHMATSU AUDITORES INDEPENDENTES LTDA.
09.346.601/0001-25;B3 S.A. - BRASIL, BOLSA, BALCÃO;B3;2008-08-11;2007-12-14;;;ATIVO;2008-08-11;21610;Bolsas de Valores/Mercadorias e Futuros;BOLSA;Categoria A;2010-01-01;FASE OPERACIONAL;2008-08-11;PRIVADO;SEDE;PRAÇA ANTONIO PRADO, 48;7º ANDAR;CENTRO;SÃO PAULO;SP;;1010901;11;25654000;;;societariob3@b3.com.br;DIRETOR DE RELAÇÕES COM INVESTIDORES;André Veiga Milanez;2022-04-29;Praça Antonio Prado, 48;7º andar;Centro;SÃO PAULO;SP;;1010901;11;25654500;;;ri@b3.com.br;49.928.567/0001-11;DELOITTE TOUCHE TOHMATSU AUDITORES INDEPENDENTES LTDA.
28.195.667/0001-06;BANCO ABC BRASIL S/A;BANCO ABC BRASIL S/A;2007-07-23;1983-12-27;;;ATIVO;2007-07-23;20958;Bancos;BOLSA;Categoria A;2010-01-01;FASE OPERACIONAL;2007-07-23;ESTRANGEIRO;SEDE;Av. Cidade Jardim, 803;2º andar;Itaim Bibi;SÃO PAULO;SP;BRASIL;1453000;11;31702186;11;31702001;ri@abcbrasil.com.br;DIRETOR DE RELAÇÕES COM INVESTIDORES;Ricardo Miguel de Moura;2024-12-13;Av. Cidade Jardim, 803;2º andar;Itaim Bibi;SÃO PAULO;;;1453000;11;31702186;;;ri@abcbrasil.com.br;61.366.936/0001-25;ERNST & YOUNG AUDITORES INDEPENDENTES S/S LTDA.
61.186.680/0001-74;BANCO BMG S/A;BANCO BMG S/A;2018-12-17;1965-03-25;;;ATIVO;2018-12-17;24600;Bancos;BOLSA;Categoria A;2018-12-17;FASE OPERACIONAL;2018-10-22;PRIVADO;SEDE;Avenida Presidente Juscelino Kubitschek, 1830;14º andar - Bloco 1;Vila Nova Conceição;SÃO PAULO;SP;EGITO;4543900;11;21266560;;;carlos.andre@bancobmg.com.br;DIRETOR DE RELAÇÕES COM INVESTIDORES;Flávio Pentagna Guimarães Neto;2022-02-24;Avenida Presidente Juscelino Kubitschek, nº 1.830;;Vila Nova Conceição;SÃO PAULO;SP;;4543000;11;30672245;;;ri@bancobmg.com.br;61.562.112/0001-20;PRICEWATERHOUSECOOPERS AUDITORES INDEPENDENTES LTDA.
60.746.948/0001-12;BANCO BRADESCO S.A.;BANCO BRADESCO S.A.;1977-07-20;1943-03-02;;;ATIVO;1977-07-20;906;Bancos;BOLSA;Categoria A;2010-01-01;FASE OPERACIONAL;1977-07-20;PRIVADO;SEDE;NÚCLEO CIDADE DE DEUS;S/N;VILA YARA;OSASCO;SP;;6029900;11;36814011;;;diretoria.executiva@bradesco.com.br;DIRETOR DE RELAÇÕES COM INVESTIDORES;ANDRÉ COSTA CARVALHO;2024-04-24;Nucleo Cidade de Deus, sem nº;;Vila Yara;OSASCO;;;6029900;11;36844011;;;diretoria_ri@bradesco.com.br;57.755.217/0001-29;KPMG AUDITORES INDEPENDENTES LTDA.
30.306.294/0001-45;BANCO BTG PACTUAL S/A;BANCO UBS PACTUAL S/A;2011-11-10;1979-01-18;;;ATIVO;2011-11-10;22616;Bancos;BOLSA;Categoria A;2011-11-10;FASE OPERACIONAL;2011-11-10;PRIVADO;SEDE;Praia de Botafogo, 501;5º e 6º andares;Botafogo;RIO DE JANEIRO;RJ;EGITO;22250040;21;32629600;21;32628600;ri@btgpactual.com;DIRETOR DE RELAÇÕES COM INVESTIDORES;Renato Hermann Cohn;2022-07-15;Praia de Botafogo, 501;5º e 6º andares;Botafogo;RIO DE JANEIRO;RJ;;22250040;21;32629600;;;ri@btgpactual.com;61.562.112/0001-20;PRICEWATERHOUSECOOPERS AUDITORES INDEPENDENTES LTDA.
04.902.979/0001-44;BANCO DA AMAZÔNIA S.A.;BANCO DA AMAZONIA S.A.;1977-07-20;1942-07-09;;;ATIVO;1977-07-20;922;Bancos;BOLSA;Categoria A;2010-01-01;FASE OPERACIONAL;1977-07-20;ESTATAL;SEDE;AVENIDA PRESIDENTE VARGAS , 800;SECRE;CAMPINA;BELÉM;PA;BRASIL;66017901;91;40083340;91;32235175;;DIRETOR DE RELAÇÕES COM INVESTIDORES;Fábio Yassuda Maeda;2020-11-03;AVENIDA PRESIDENTE VARGAS, 800;14º andar;Campina;BELÉM;PA;;66017910;91;40082021;;;fabio.maeda@basa.com.br;61.562.112/0001-20;PRICEWATERHOUSECOOPERS AUDITORES INDEPENDENTES LTDA.
62.232.889/0001-90;BANCO DAYCOVAL S.A.;BANCO DAYCOVAL S.A.;2007-06-27;1968-08-05;;;ATIVO;2007-06-27;20796;Bancos;;Categoria B;2016-08-24;FASE OPERACIONAL;2007-06-27;PRIVADO;SEDE;Av. Paulista, 1793;;Bela Vista;SÃO PAULO;SP;BRASIL;1311200;11;31381025;;;ri@bancodaycoval.com.br;DIRETOR DE RELAÇÕES COM INVESTIDORES;Paulo Augusto Luz Ferreira Saba;2023-04-01;Av. Paulista, 1793;;Bela Vista;SÃO PAULO;SP;;1311200;11;31381025;;;ri@bancodaycoval.com.br;49.928.567/0001-11;DELOITTE TOUCHE TOHMATSU AUDITORES INDEPENDENTES LTDA.
00.000.000/0001-91;BANCO DO BRASIL S.A.;BANCO DO BRASIL S.A.;1977-07-20;1905-12-30;;;ATIVO;1977-07-20;1023;Bancos;BOLSA;Categoria A;2010-01-01;FASE OPERACIONAL;1977-07-20;ESTATAL;SEDE;SAUN QUADRA 05, LOTE B;ED. BB;ASA NORTE;BRASÍLIA;DF;;70040912;61;34939002;;;;DIRETOR DE RELAÇÕES COM INVESTIDORES;Marco Geovanne Tobias da Silva;2023-04-27;Saun Quadra 05, Lote B, torre sul, 15º andar;Ed. BB;Asa Norte;BRASÍLIA;DF;;70040912;61;34935602;;;dribb@bb.com.br;57.755.217/0001-29;KPMG AUDITORES INDEPENDENTES LTDA.
13.009.717/0001-46;BANCO DO ESTADO DE SERGIPE SA;BANESE;1977-07-20;1963-06-18;;;ATIVO;1977-07-20;1120;Bancos;BOLSA;Categoria A;2010-01-01;FASE OPERACIONAL;1977-07-20;ESTATAL;SEDE;Rua Olímpio de Souza Campos Júnior, 31;;Inácio Barbosa;ARACAJU;SE;BRASIL;49040840;79;32181204;79;32181213;gabinete@banese.com.br;DIRETOR DE RELAÇÕES COM INVESTIDORES;ALESSIO DE OLIVEIRA REZENDE;2020-12-04;Rua Olímpio de Souza Campos Júnior, 31;;Inácio Barbosa;ARACAJU;SE;;49040840;79;32181205;;;ri@banese.com.br;57.755.217/0001-29;KPMG AUDITORES INDEPENDENTES LTDA.
04.913.711/0001-08;BANCO DO ESTADO DO PARÁ S/A.;BANPARÁ S.A.;1977-07-20;1960-07-01;;;ATIVO;1977-07-20;1171;Bancos;BOLSA;Categoria A;2010-01-01;FASE OPERACIONAL;1977-07-20;ESTATAL;SEDE;Av. Presidente Vargas, n° 251;4º andar;Campina;BELÉM;PA;BRASIL;66010000;91;33482879;91;33483204;ri_banpara@banparanet.com.br;DIRETOR DE RELAÇÕES COM INVESTIDORES;Igor Barbosa Gonçalves;2023-04-24;Av. Presidente Vargas, n° 251;4° andar;Campina;BELÉM;;;66010000;91;33483211;;;ri_banpara@banparanet.com.br;07.326.840/0001-98;FORVIS MAZARS AUDITORES INDEPENDENTES - SOCIEDADE SIMPLES LTDA.
92.702.067/0001-96;BANCO DO ESTADO DO RIO GRANDE DO SUL SA;BANRISUL S/A;1977-07-20;1928-09-12;;;ATIVO;1977-07-20;1210;Bancos;BOLSA;Categoria A;2010-01-01;FASE OPERACIONAL;1977-07-20;ESTATAL;SEDE;Rua Capitão Montanha, 177;4º andar;Centro;PORTO ALEGRE;RS;BRASIL;90010040;51;32152177;51;32151716;ri@banrisul-ri.com.br;DIRETOR DE RELAÇÕES COM INVESTIDORES;LUIZ GONZAGA VERAS MOTA;2023-11-13;Rua Caldas Júnior 108;4º andar;Centro Histórico;PORTO ALEGRE;;;90018900;51;32153232;;;ri@banrisul-ri.com.br;57.755.217/0001-29;KPMG AUDITORES INDEPENDENTES LTDA.
07.237.373/0001-20;BANCO DO NORDESTE DO BRASIL SA;BANCO DO NORDESTE;1977-07-20;1952-07-19;;;ATIVO;1977-07-20;1228;Bancos;BOLSA;Categoria A;2010-01-01;FASE OPERACIONAL;1977-07-20;ESTATAL;SEDE;AV. DR. SILAS MUNGUBA;5.700;PASSARÉ;FORTALEZA;CE;;60743902;85;32993014;85;32993649;;DIRETOR DE RELAÇÕES COM INVESTIDORES;WANGER ANTONIO DE ALENCAR ROCHA;2023-05-23;AV. DR. SILAS MUNGUBA 5700;BNB - C1 SUPERIOR;PASSARÉ;FORTALEZA;;;60743902;85;32993700;;;ri_diretor@bnb.gov.br;61.562.112/0001-20;PRICEWATERHOUSECOOPERS AUDITORES INDEPENDENTES LTDA.
17.184.037/0001-10;BANCO MERCANTIL BRASIL SA;BANCO MERCANTIL DO BRASIL S/A;1977-07-20;1940-01-01;;;ATIVO;1977-07-20;1325;Bancos;BOLSA;Categoria A;2010-01-01;FASE OPERACIONAL;1977-07-20;PRIVADO;SEDE;Avenida do Contorno, 5800;14º andar;Savassi;BELO HORIZONTE;MG;BRASIL;30110042;31;30575242;31;30576778;;DIRETOR DE RELAÇÕES COM INVESTIDORES;Paulino Ramos Rodrigues;2021-08-11;Avenida do Contorno, 5800;15º andar;Savassi;BELO HORIZONTE;MG;;30110042;31;30576858;;;ri@mercantil.com.br;61.562.112/0001-20;PRICEWATERHOUSECOOPERS AUDITORES INDEPENDENTES LTDA.
34.169.557/0001-72;BANCO MERCANTIL DE INVESTIMENTOS S.A.;BANCO MERCANTIL DE INVESTIMENTOS SA;1977-07-20;1971-03-26;;;ATIVO;1977-07-20;1309;Bancos;BOLSA;Categoria A;2010-01-01;FASE OPERACIONAL;1977-07-20;PRIVADO;SEDE;Avenida do Contorno, 5800;14º andar;Savassi;BELO HORIZONTE;MG;BRASIL;30110042;31;30575242;31;30576778;;DIRETOR DE RELAÇÕES COM INVESTIDORES;Paulo Henrique Brant de Araujo;2020-10-01;Avenida do Contorno, 5800;14º andar;Savassi;BELO HORIZONTE;MG;;30110042;31;30575242;;;ri@mercantil.com.br;61.562.112/0001-20;PRICEWATERHOUSECOOPERS AUDITORES INDEPENDENTES LTDA.
62.144.175/0001-20;BANCO PINE S/A;BANCO PINE S/A;2007-03-27;1997-05-01;;;ATIVO;2007-03-27;20567;Bancos;BOLSA;Categoria A;2010-01-01;FASE OPERACIONAL;2007-03-27;PRIVADO;SEDE;Av. Presidente Juscelino Kubitschek, 1830- Salas 44, 54 e 64;4º, 5º e 6º andares;Vila Nova Conceição;SÃO PAULO;SP;BRASIL;4543000;11;33725200;;;ri@pine.com;DIRETOR DE RELAÇÕES COM INVESTIDORES;Noberto Nogueira Pinheiro Junior;2022-08-29;Avenida Presidente Juscelino Kubitschek, 1830 - Sala 64;6° andar;Itaim Bibi;SÃO PAULO;SP;;4543000;11;33725333;;;ri@pine.com;61.562.112/0001-20;PRICEWATERHOUSECOOPERS AUDITORES INDEPENDENTES LTDA.
62.307.848/0001-15;BANCO RCI BRASIL S.A.;CIA DE ARREND MERCANTIL RCI BRASIL;2008-04-29;1968-09-12;;;ATIVO;2008-04-29;21466;Bancos;;Categoria B;2010-01-01;FASE OPERACIONAL;2008-04-29;ESTRANGEIRO;SEDE;Rua Pasteur, nº 463 - 1º andar;Conjunto 101;Batel;CURITIBA;PR;BRASIL;80250080;41;30251541;41;30251541;juridico.rci@rcibanque.com;DIRETOR DE RELAÇÕES COM INVESTIDORES;Cezar Augusto Janikian;2022-06-01;Avenida Presidente Juscelino Kubitschek, 2041;CJ 281, Bloco A, Con;Vila Nova Conceição;SÃO PAULO;SP;;4543011;11;35532234;;;cezar.janikian@santander.com.br;07.326.840/0001-98;FORVIS MAZARS AUDITORES INDEPENDENTES - SOCIEDADE SIMPLES LTDA.
90.400.888/0001-42;BANCO SANTANDER (BRASIL) S.A.;BANCO SANTANDER (BRASIL) S.A.;2007-03-02;1985-08-09;;;ATIVO;2007-03-02;20532;Bancos;BOLSA;Categoria A;2010-01-01;FASE OPERACIONAL;2007-03-02;ESTRANGEIRO HOLDING;SEDE;AVENIDA PRESIDENTE JUSCELINO KUBITSCHEK, Nº 2041;CJ 281, BLOCO A;VILA NOVA CONCEIÇÃO;SÃO PAULO;SP;;4543011;11;35538786;11;35532000;corgreguladores@santander.com.br;DIRETOR DE RELAÇÕES COM INVESTIDORES;Carlos Ignacio Muñiz Gonzalez Blanch;2026-04-11;Av Pres Juscelino Kubitschek, 2041;CJ 281, Bloco A;Vila Nova Conceição;SÃO PAULO;;;4543011;11;35532000;;;ri@santander.com.br;61.562.112/0001-20;PRICEWATERHOUSECOOPERS AUDITORES INDEPENDENTES LTDA.
28.127.603/0001-78;BANESTES SA BANCO DO ESTADO DO ESPIRITO SANTO;BANESTES S/A;1977-07-20;1936-06-17;;;ATIVO;1977-07-20;1155;Bancos;BOLSA;Categoria A;2010-01-01;FASE OPERACIONAL;1977-07-20;ESTATAL;SEDE;AV. PRINCESA ISABEL;574, BL B, 9 ANDAR;CENTRO;VITÓRIA;ES;;29010931;27;33831530;27;33831531;ri@banestes.com.br;DIRETOR DE RELAÇÕES COM INVESTIDORES;Silvio Henrique Brunoro Grillo;2022-09-30;Av. Princesa Isabel, 574, Bloco B, Ed. Palas Center;9 andar;Centro;VITÓRIA;ES;;29010931;27;33831512;;;dirif@banestes.com.br;57.755.217/0001-29;KPMG AUDITORES INDEPENDENTES LTDA.
60.851.615/0001-53;BARDELLA S.A. INDUSTRIAS MECANICAS - EM RECUPERAÇÃO JUDICIAL;BARDELLA;1969-11-26;1911-02-11;;;ATIVO;1969-11-26;1520;Máquinas, Equipamentos, Veículos e Peças;BOLSA;Categoria A;2010-01-01;EM RECUPERAÇÃO JUDICIAL OU EQUIVALENTE;2019-08-07;PRIVADO;SEDE;AV. ANTONIO BARDELLA;3250;Iporanga;SOROCABA;SP;BRASIL;18085852;11;24871000;11;24120848;controladoria@bardella.com.br;DIRETOR DE RELAÇÕES COM INVESTIDORES;Eduardo Fantin;2022-03-31;AV. ANTONIO BARDELLA;3.250;Iporanga;SOROCABA;SP;;18085852;15;32385500;;;controladoria@bardella.com.br;47.207.295/0001-35;ETAE AUDITORES INDEPENDENTES
61.374.161/0001-30;BAUMER SA;BAUMER;1970-05-20;1955-12-28;;;ATIVO;1970-05-20;1562;Metalurgia e Siderurgia;BOLSA;Categoria A;2010-01-01;FASE OPERACIONAL;1970-05-20;PRIVADO;SEDE;AVENIDA PREFEITO ANTONIO TAVARES LEITE, 181;;PARQUE DA EMPRESA;MOGI MIRIM;SP;;13803330;19;38057665;19;38063282;ri@baumer.com.br;DIRETOR DE RELAÇÕES COM INVESTIDORES;Monica Salvari Baumer;2005-01-01;Avenida Arnolfo de Azevedo, 210;na;Pacaembu;SÃO PAULO;SP;;1236030;11;36700005;;;ri@baumer.com.br;06.068.916/0001-60;JPPS AUDITORES INDEPENDENTES S/S LTDA.
17.344.597/0001-94;BB SEGURIDADE PARTICIPAÇÕES S.A.;;2013-04-25;2012-12-20;;;ATIVO;2013-04-25;23159;Emp. Adm. Part. - Seguradoras e Corretoras;BOLSA;Categoria A;2013-04-25;FASE OPERACIONAL;2013-02-27;ESTATAL;SEDE;SAUN, Quadra 05, Bloco B, 3º andar;Edifício BB;Asa Norte;BRASÍLIA;DF;BRASIL;70040912;61;34932929;11;35383882;ri@bbseg.com.br;DIRETOR DE RELAÇÕES COM INVESTIDORES;Rafael Augusto Sperendio;2020-12-08;Rua Alexandre Dumas, 1671;Térreo, Ala B;Chácara Sto Antônio;SÃO PAULO;;;4717903;11;42970730;;;ri@bbseg.com.br;57.755.217/0001-29;KPMG AUDITORES INDEPENDENTES LTDA.
01.107.327/0001-20;BBM LOGÍSTICA S.A.;BBM LOGÍSTICA S.A.;2019-02-27;1996-03-06;;;ATIVO;2019-02-27;24660;Serviços Transporte e Logística;BALCÃO ORGANIZADO;Categoria A;2019-02-27;FASE OPERACIONAL;2018-11-12;PRIVADO;SEDE;Rua Tenente Djalma Dutra;N° 915, Sala 602;Centro;SÃO JOSÉ DOS PINHAIS;PR;BRASIL;83005360;41;21690055;41;21690055;;DIRETOR DE RELAÇÕES COM INVESTIDORES;Eduardo Vieira Orfão;2024-10-08;Rua Tenente Djalma Dutra;Nº 915, Sala 602;Centro;SÃO JOSÉ DOS PINHAIS;;;83005360;41;21690055;;;ri@bbmlogistica.com.br;54.276.936/0001-79;BDO RCS AUDITORES INDEPENDENTES - SOCIEDADE SIMPLES LIMITADA
01.107.327/0001-20;BBM LOGÍSTICA S.A.;BBM LOGÍSTICA S.A.;2019-02-27;1996-03-06;;;ATIVO;2019-02-27;24660;Serviços Transporte e Logística;BOLSA;Categoria A;2019-02-27;FASE OPERACIONAL;2018-11-12;PRIVADO;SEDE;Rua Tenente Djalma Dutra;N° 915, Sala 602;Centro;SÃO JOSÉ DOS PINHAIS;PR;BRASIL;83005360;41;21690055;41;21690055;;DIRETOR DE RELAÇÕES COM INVESTIDORES;Eduardo Vieira Orfão;2024-10-08;Rua Tenente Djalma Dutra;Nº 915, Sala 602;Centro;SÃO JOSÉ DOS PINHAIS;;;83005360;41;21690055;;;ri@bbmlogistica.com.br;54.276.936/0001-79;BDO RCS AUDITORES INDEPENDENTES - SOCIEDADE SIMPLES LIMITADA
26.845.702/0001-60;BELÉM TRANSMISSORA DE ENERGIA S.A.;BELÉM TRANSMISSORA DE ENERGIA S.A.;2018-06-14;2016-11-17;;;ATIVO;2018-06-14;24457;Energia Elétrica;;Categoria B;2018-06-14;FASE OPERACIONAL;2022-05-31;PRIVADO;SEDE;RUA DO CATETE, 359;4º ANDAR;CATETE;RIO DE JANEIRO;RJ;;22220001;21;39507401;61;34261000;institucional.belem@verenenergia.com;DIRETOR DE RELAÇÕES COM INVESTIDORES;ANA GRACIELA HEUGAS GRANATO;2024-12-05;RUA DO CATETE, 359;4º ANDAR;CATETE;RIO DE JANEIRO;RJ;;22220001;21;39507401;;;institucional.belem@verenenergia.com;61.562.112/0001-20;PRICEWATERHOUSECOOPERS AUDITORES INDEPENDENTES LTDA.
52.805.925/0001-03;BELORA RDVC CITY DESENVOLVIMENTO IMOBILIÁRIO S.A.;BELORA RDVC CITY DESENVOLVIMENTO IMOBILIÁRIO S.A.;2024-07-25;2023-11-07;;;ATIVO;2024-07-25;27570;Construção Civil, Mat. Constr. e Decoração;BOLSA;Categoria A;2024-11-26;FASE PRÉ-OPERACIONAL;2024-04-19;PRIVADO HOLDING;SEDE;Av. Brigadeiro Faria Lima, 2.369;Conj 1404, 14º andar;Jardim Paulistano;SÃO PAULO;SP;BRASIL;1452922;11;35046888;;;ri@city3.com.br;DIRETOR DE RELAÇÕES COM INVESTIDORES;IGOR EUSTÁQUIO RODRIGUES ELIAS;2026-03-17;Avenida Brigadeiro Faria Lima, 2369;1404;Jardim Paulistano;SÃO PAULO;;;1452922;11;55552020;;;igor@oz.inc;54.276.936/0001-79;BDO RCS AUDITORES INDEPENDENTES - SOCIEDADE SIMPLES LIMITADA
09.042.817/0001-05;BEMOBI MOBILE TECH S.A.;BEMOBI MOBILE TECH S.A.;2021-02-08;2007-08-28;;;ATIVO;2021-02-08;25500;Comunicação e Informática;BOLSA;Categoria A;2021-02-08;FASE OPERACIONAL;2020-10-21;PRIVADO;SEDE;Av. Barão de Tefé, n. 27;12º Andar;Saúde;RIO DE JANEIRO;RJ;BRASIL;20220460;21;35290002;;;ri@bemobi.com.br;DIRETOR DE RELAÇÕES COM INVESTIDORES;André Pinheiro Veloso;2021-10-01;Av Ibirapuera, 2332;10° andar;Indianópolis;SÃO PAULO;SP;;4028002;11;50846004;;;ri@bemobi.com.br;61.366.936/0001-25;ERNST & YOUNG AUDITORES INDEPENDENTES S/S LTDA.
02.762.124/0001-30;BETAPART PARTICIPAÇÕES SA;BETAPART PARTICIPAÇÕES SA;1998-11-06;1998-08-27;;;ATIVO;1998-11-12;17884;Emp. Adm. Part. - Crédito Imobiliário;BOLSA;Categoria A;2010-01-01;FASE OPERACIONAL;1998-11-12;PRIVADO HOLDING;SEDE;Av. Presidente Antônio Carlos, nº 51;10º andar (parte);Centro;RIO DE JANEIRO;RJ;BRASIL;20020010;21;38043700;21;38043480;gar@opportunity.com.br;DIRETOR DE RELAÇÕES COM INVESTIDORES;Maria Amalia Delfim de Melo Coutrim;2014-10-10;Av. Presidente Wilson, nº 231;28º andar (parte);Centro;RIO DE JANEIRO;RJ;;20030021;21;38043700;;;gar@opportunity.com.br;10.830.108/0001-65;GRANT THORNTON AUDITORES INDEPENDENTES LTDA.
56.992.423/0001-90;BICICLETAS MONARK SA;MONARK;1971-12-01;1948-05-25;;;ATIVO;1971-12-01;1694;Brinquedos e Lazer;BOLSA;Categoria A;2010-01-01;FASE OPERACIONAL;1971-12-01;PRIVADO;SEDE;Rua Francisco Lanzi Tancler, 130;Distrito Industrial;Domingos Giomi;INDAIATUBA;SP;BRASIL;13347370;19;39359292;19;39359230;monark@monark.com.br;DIRETOR DE RELAÇÕES COM INVESTIDORES;Sylvio Marzagão;2003-05-02;Rua Alexandre Dumas, 1601;CJ 134;Chac Sto Antonio;SÃO PAULO;SP;;4717004;11;51823811;;;monark@monark.com.br;10.830.108/0001-65;GRANT THORNTON AUDITORES INDEPENDENTES LTDA.
45.987.245/0001-92;BIOMA EDUCAÇÃO S.A.;BIOMA EDUCAÇÃO S.A.;1974-01-02;1960-11-19;;;ATIVO;1974-01-02;701;Emp. Adm. Part. - Educação;BOLSA;Categoria A;2010-01-01;FASE OPERACIONAL;1974-01-02;PRIVADO;SEDE;Rua Professor Vahia de Abreu, 340;sala 1;Vila Olímpia;SÃO PAULO;SP;BRASIL;4549002;11;30817142;11;30817142;ri@biomaeducacao.com.br;DIRETOR DE RELAÇÕES COM INVESTIDORES;PAULA CRISTINA BALLERONI MORARI;2024-05-03;Rua Professor Vahia de Abreu, 340;sala 1;Vila Olímpia;SÃO PAULO;;;4549002;11;30817142;;;ri@biomaeducacao.com.br;10.830.108/0001-65;GRANT THORNTON AUDITORES INDEPENDENTES LTDA.
04.752.991/0001-10;BIOMM SA;BIOMM SA;2002-08-19;2001-09-19;;;ATIVO;2002-08-19;19305;Farmacêutico e Higiene;BOLSA;Categoria A;2010-01-01;FASE OPERACIONAL;2019-11-11;PRIVADO;SEDE;Avenida Regent;nº 705,Lote 15 ao 21;Alphaville;NOVA LIMA;MG;BRASIL;34018000;31;32991000;31;32991021;ri@biomm.com;DIRETOR DE RELAÇÕES COM INVESTIDORES;Marcelo Sáfadi Alvares;2025-05-05;Rua Fradique Coutinho, 30;5º andar - cjt 54;Pinheiros;SÃO PAULO;SP;;5416000;11;944674105;;;ri@biomm.com;57.755.217/0001-29;KPMG AUDITORES INDEPENDENTES LTDA.
04.069.709/0001-02;BIONEXO S.A.;;2021-06-02;2000-09-13;;;ATIVO;2021-06-02;25925;Comunicação e Informática;;Categoria A;2021-06-02;FASE OPERACIONAL;2021-03-01;PRIVADO;SEDE;Avenida Juscelino Kubitschek, 1830;7° andar;Vila Nova Conceição;SÃO PAULO;SP;BRASIL;4543000;11;31338100;;;ri@bionexo.com;DIRETOR DE RELAÇÕES COM INVESTIDORES;Josimar Gomes;2023-07-01;Avenida Juscelino Kubitscheck, 1830;Conjunto 71;Itaim Bibi;SÃO PAULO;;;4543000;11;31338100;;;ri@bionexo.com;61.366.936/0001-25;ERNST & YOUNG AUDITORES INDEPENDENTES S/S LTDA.
58.430.828/0001-60;BLAU FARMACÊUTICA S.A.;BLAU FARMACÊUTICA S.A.;2019-01-11;1987-12-09;;;ATIVO;2019-01-11;24627;Farmacêutico e Higiene;BALCÃO ORGANIZADO;Categoria A;2019-01-11;FASE OPERACIONAL;2018-07-03;PRIVADO;SEDE;Rodovia Raposo Tavares, Km 30,5, n.º 2.833, Unidade I;prédios 100/110;Barro Branco;COTIA;SP;BRASIL;6705030;11;46159403;;;ri@blau.com;DIRETOR DE RELAÇÕES COM INVESTIDORES;Douglas Leandro Rodrigues;2022-08-15;Rodovia Raposo Tavares, Km 30,5, n.º 2.833, Unidade I;prédios 100/110;Barro Branco;COTIA;SP;;6705030;11;46159400;;;ri@blau.com;61.562.112/0001-20;PRICEWATERHOUSECOOPERS AUDITORES INDEPENDENTES LTDA.
58.430.828/0001-60;BLAU FARMACÊUTICA S.A.;BLAU FARMACÊUTICA S.A.;2019-01-11;1987-12-09;;;ATIVO;2019-01-11;24627;Farmacêutico e Higiene;BOLSA;Categoria A;2019-01-11;FASE OPERACIONAL;2018-07-03;PRIVADO;SEDE;Rodovia Raposo Tavares, Km 30,5, n.º 2.833, Unidade I;prédios 100/110;Barro Branco;COTIA;SP;BRASIL;6705030;11;46159403;;;ri@blau.com;DIRETOR DE RELAÇÕES COM INVESTIDORES;Douglas Leandro Rodrigues;2022-08-15;Rodovia Raposo Tavares, Km 30,5, n.º 2.833, Unidade I;prédios 100/110;Barro Branco;COTIA;SP;;6705030;11;46159400;;;ri@blau.com;61.562.112/0001-20;PRICEWATERHOUSECOOPERS AUDITORES INDEPENDENTES LTDA.
24.921.465/0001-43;BLUEFIT ACADEMIAS DE GINÁSTICA E PARTICIPAÇÕES S.A;;2021-09-23;2016-04-05;;;ATIVO;2021-09-23;26204;Brinquedos e Lazer;BALCÃO ORGANIZADO;Categoria A;2021-09-23;FASE OPERACIONAL;2021-07-31;PRIVADO;SEDE;Rua Gomes de Carvalho, nº 1.327;conjuntos 61 e 62;Vila Olímpia;SÃO PAULO;SP;BRASIL;4547005;11;23919931;;;ri@bluefitacademia.com.br;DIRETOR DE RELAÇÕES COM INVESTIDORES;Luis Gustavo Ferraz Antunes;2024-02-07;Rua Gomes de Carvalho;1327 6o andar;Vila Olímpia;SÃO PAULO;;;4547005;11;957940733;;;gustavo.antunes@bluefitacademia.com.br;61.366.936/0001-25;ERNST & YOUNG AUDITORES INDEPENDENTES S/S LTDA.
00.383.281/0001-09;BNDES PARTICIPAÇÕES S.A. - BNDESPAR;BNDESPAR;1998-01-13;1982-01-10;;;ATIVO;1998-01-13;16772;Emp. Adm. Part. - Sem Setor Principal;;Categoria B;2010-01-01;FASE OPERACIONAL;1998-01-13;ESTATAL;SEDE;Quadra 09, Torre C - Edifício Parque Cidade;12º andar;Setor Comercial Sul;BRASÍLIA;DF;BRASIL;70308200;061;32045600;61;32045635;dir3@bndes.gov.br;DIRETOR DE RELAÇÕES COM INVESTIDORES;Alexandre Corrêa Abreu;2024-05-10;Avenida República do Chile,100;22 andar;Centro;RIO DE JANEIRO;;;20031917;21;37479243;;;dir3@bndes.gov.br;57.755.217/0001-29;KPMG AUDITORES INDEPENDENTES LTDA.
10.807.374/0001-77;BOA SAFRA SEMENTES S.A;BOA SAFRA SEMENTES S.A.;2021-04-19;2009-04-07;;;ATIVO;2021-04-19;25704;Alimentos;BOLSA;Categoria A;2021-04-19;FASE OPERACIONAL;2009-04-07;PRIVADO;SEDE;Avenida Circular;209;Setor Industrial;FORMOSA;GO;BRASIL;73813014;61;34262005;;;;DIRETOR DE RELAÇÕES COM INVESTIDORES;Felipe Pereira Marques;2021-10-18;Avenida Circular;209;Setor Industrial;FORMOSA;GO;;73813014;61;999596240;;;ri@boasafrasementes.com.br;61.366.936/0001-25;ERNST & YOUNG AUDITORES INDEPENDENTES S/S LTDA.
50.564.053/0001-03;BOMBRIL S.A. - EM RECUPERAÇÃO JUDICIAL;BOMBRIL S.A. - EM RECUPERAÇÃO JUDICIAL;1984-09-26;1948-01-14;;;ATIVO;1984-09-26;12190;Farmacêutico e Higiene;BOLSA;Categoria A;2010-01-01;EM RECUPERAÇÃO JUDICIAL OU EQUIVALENTE;2025-03-12;PRIVADO;SEDE;Via Anchieta, KM 14;S/N;Rudge Ramos;SÃO BERNARDO DO CAMPO;SP;BRASIL;9696000;11;43661001;11;43681287;;DIRETOR DE RELAÇÕES COM INVESTIDORES;RENATA BARALDI MARGUTTI;2026-01-13;RODOVIA ANCHIETA KM 14 S/N;;;SÃO BERNARDO DO CAMPO;SP;;9696000;11;99455585;0;0;acionista@bombril.com.br;49.928.567/0001-11;DELOITTE TOUCHE TOHMATSU AUDITORES INDEPENDENTES LTDA.
02.117.801/0001-67;BONAIRE PARTICIPAÇÕES S.A.- EM LIQUIDAÇÃO;BONAIRE;1997-11-03;1997-08-29;;;ATIVO;1997-11-03;16560;Emp. Adm. Part. - Energia Elétrica;BALCÃO ORGANIZADO;Categoria A;2010-01-01;LIQUIDAÇÃO EXTRAJUDICIAL;2018-12-27;PRIVADO;SEDE;Av. Ayrton Senna;3000 - sala 4098;Barra da Tijuca;RIO DE JANEIRO;RJ;BRASIL;22775003;21;35960400;21;21285501;eximia@eximiacapital.com;;;;;;;;;;;;;;;;13.859.935/0001-70;BAKER TILLY BRASIL RJ AUDITORES INDEPENDENTES LTDA.
87.870.952/0001-44;BORRACHAS VIPAL S.A.;BORRACHAS VIPAL S.A.;2022-10-21;1971-12-07;;;ATIVO;2022-10-21;26980;Petroquímicos e Borracha;BALCÃO ORGANIZADO;Categoria A;2022-10-21;FASE OPERACIONAL;2022-03-25;PRIVADO;SEDE;Rua Buarque de Macedo, nº 365;;Centro;NOVA PRATA;RS;BRASIL;95320000;51;32053000;;;ri@vipal.com.br;DIRETOR DE RELAÇÕES COM INVESTIDORES;RÉGIS DA SILVA DOS SANTOS;2025-01-10;Avenida Severo Dullius nº 1.395;9º andar;São João;PORTO ALEGRE;;;90200310;51;32053000;;;ri@vipal.com;61.366.936/0001-25;ERNST & YOUNG AUDITORES INDEPENDENTES S/S LTDA.
06.977.745/0001-91;BR MALLS PARTICIPAÇOES S.A.;BR MALLS PARTICIPAÇOES S.A.;2006-01-04;2004-05-26;;;ATIVO;2006-01-04;19909;Emp. Adm. Part. - Comércio (Atacado e Varejo);BALCÃO ORGANIZADO;Categoria B;2023-02-02;FASE OPERACIONAL;2007-01-01;PRIVADO HOLDING;SEDE;AV AFRANIO DE MELO FRANCO,290;salas 102,103,104;Leblon;RIO DE JANEIRO;RJ;BRASIL;22430060;21;31389900;21;31389901;ri@allos.co;DIRETOR DE RELAÇÕES COM INVESTIDORES;Daniella de Souza Guanabara Santos;2023-03-28;AVENIDA BORGES DE MEDEIROS,633;1º ANDAR;LEBLON;RIO DE JANEIRO;;;22430041;21;31389901;;;al-ri@alianscesonae.com.br;49.928.567/0001-11;DELOITTE TOUCHE TOHMATSU AUDITORES INDEPENDENTES LTDA.
06.977.745/0001-91;BR MALLS PARTICIPAÇOES S.A.;BR MALLS PARTICIPAÇOES S.A.;2006-01-04;2004-05-26;;;ATIVO;2006-01-04;19909;Emp. Adm. Part. - Comércio (Atacado e Varejo);BOLSA;Categoria B;2023-02-02;FASE OPERACIONAL;2007-01-01;PRIVADO HOLDING;SEDE;AV AFRANIO DE MELO FRANCO,290;salas 102,103,104;Leblon;RIO DE JANEIRO;RJ;BRASIL;22430060;21;31389900;21;31389901;ri@allos.co;DIRETOR DE RELAÇÕES COM INVESTIDORES;Daniella de Souza Guanabara Santos;2023-03-28;AVENIDA BORGES DE MEDEIROS,633;1º ANDAR;LEBLON;RIO DE JANEIRO;;;22430041;21;31389901;;;al-ri@alianscesonae.com.br;49.928.567/0001-11;DELOITTE TOUCHE TOHMATSU AUDITORES INDEPENDENTES LTDA.
47.509.120/0001-82;BRADESCO LEASING S.A. - ARRENDAMENTO MERCANTIL;BRADESCO LEASING SA ARREND MERCANTIL;2004-11-24;2002-01-01;;;ATIVO;2004-11-24;19640;Arrendamento Mercantil;BALCÃO ORGANIZADO;Categoria B;2010-01-01;FASE OPERACIONAL;2004-11-24;PRIVADO;SEDE;Núcleo Cidade de Deus - Prédio Prata;2º andar;Vila Yara;OSASCO;SP;BRASIL;6029900;11;36842696;11;36842437;marina.veasey@bradesco.com.br;DIRETOR DE RELAÇÕES COM INVESTIDORES;ANDRÉ COSTA CARVALHO;2024-08-15;Nucleo Cidade de Deus, sem nº;;Vila Yara;OSASCO;SP;;6029900;11;36844011;;;diretoria_ri@bradesco.com.br;57.755.217/0001-29;KPMG AUDITORES INDEPENDENTES LTDA.
03.847.461/0001-92;BRADESPAR S/A;BRADESPAR S/A;2000-08-07;2000-03-30;;;ATIVO;2000-08-07;18724;Emp. Adm. Part. - Extração Mineral;BOLSA;Categoria A;2010-01-01;FASE OPERACIONAL;2000-08-07;PRIVADO HOLDING;SEDE;Avenida Juscelino Kubitschek, 1.309;2º andar, parte;Vila Nova Conceição;SÃO PAULO;SP;BRASIL;4543011;11;21786300;11;21786315;bradespar@bradespar.com;DIRETOR DE RELAÇÕES COM INVESTIDORES;Fernando Jorge Buso Gomes;2015-04-25;Avenida Juscelino Kubitschek, 1.309;2º andar, parte;Vila Nova Conceição;SÃO PAULO;SP;;4543011;11;21786300;;;bradespar@bradespar.com;18.596.945/0001-83;BAKER TILLY 4PARTNERS AUDITORES INDEPENDENTES LTDA.
58.119.199/0001-51;BRADSAÚDE S.A.;BRADSAÚDE S.A.;2006-06-13;1987-01-01;;;ATIVO;2006-06-13;20125;Serviços Médicos;BOLSA;Categoria A;2010-01-01;FASE OPERACIONAL;2006-06-13;PRIVADO;SEDE;Alameda Araguaia, 2104;21º andar;Alphaville;BARUERI;SP;BRASIL;6455000;11;48788893;;;ri@saud3.com.br;DIRETOR DE RELAÇÕES COM INVESTIDORES;José Roberto Borges Pacheco;2006-05-24;Alameda Araguaia, 2104;21º andar;Alphaville;BARUERI;SP;;6455000;11;48788893;;;ri@saud3.com.br;57.755.217/0001-29;KPMG AUDITORES INDEPENDENTES LTDA.
09.478.309/0001-66;BRASIL BIOFUELS S.A.;BRASIL BIOFUELS S.A.;2023-12-15;2008-04-11;;;ATIVO;2023-12-15;27375;Energia Elétrica;BALCÃO ORGANIZADO;Categoria B;2023-12-15;FASE OPERACIONAL;2023-09-08;PRIVADO;SEDE;Rodovia BR 210, Lote 574, Gleba Jauaperi;Sítio Boa União;Zona Rural;SÃO JOÃO DA BALIZA;RR;BRASIL;69375000;11;27702000;;;ri@bbfuels.com.br;DIRETOR DE RELAÇÕES COM INVESTIDORES;Vitor Cuminato Filho;2023-08-25;Rua Bela Cintra, n.º 904;6º Andar;Consolação;SÃO PAULO;SP;;1415002;11;27702000;;;ri@bbfuels.com.br;49.928.567/0001-11;DELOITTE TOUCHE TOHMATSU AUDITORES INDEPENDENTES LTDA.
35.764.708/0001-01;BRASIL TECNOLOGIA E PARTICIPAÇÕES S.A.;BRASIL TECNOLOGIA E PARTICIPAÇÕES S.A.;2024-05-27;2019-08-15;;;ATIVO;2024-05-27;27499;Telecomunicações;BALCÃO ORGANIZADO;Categoria B;2024-03-19;FASE OPERACIONAL;2024-03-19;PRIVADO;SEDE;Rua Gomes de Carvalho, nº 1.510;1º andar, cj. 12;Vila Olímpia;SÃO PAULO;SP;BRASIL;4547005;11;51993496;;;;DIRETOR DE RELAÇÕES COM INVESTIDORES;André Luiz Sandoval Valente;2024-03-18;Rua Gomes de Carvalho, nº 1.510;1º andar, cj. 12;Vila Olímpia;SÃO PAULO;SP;;4547005;11;51993496;;;andrevalente@brasiltecpar.com.br;57.755.217/0001-29;KPMG AUDITORES INDEPENDENTES LTDA.
07.628.528/0001-59;BRASILAGRO CIA BRAS DE PROP AGRICOLAS;BRASILAGRO CIA BRAS DE PROP AGRICOLAS;2006-04-25;2005-09-23;;;ATIVO;2006-04-25;20036;Agricultura (Açúcar, Álcool e Cana);BOLSA;Categoria A;2010-01-01;FASE OPERACIONAL;2006-04-25;ESTRANGEIRO;SEDE;Avenida Rebouças, n°. 2.942;6º andar;Pinheiros;SÃO PAULO;SP;BRASIL;5402500;011;30355350;11;59084344;ri@brasil-agro.com;DIRETOR DE RELAÇÕES COM INVESTIDORES;Gustavo Javier Lopez;2016-08-19;Avenida Rebouças, n°. 2.984, Conj, 61 e 62;6º andar;Pinheiros;SÃO PAULO;SP;;5402500;11;30355350;;;ri@brasil-agro.com;61.562.112/0001-20;PRICEWATERHOUSECOOPERS AUDITORES INDEPENDENTES LTDA.
42.150.391/0001-70;BRASKEM S.A.;BRASKEM;1978-12-18;1974-06-18;;;ATIVO;1978-12-18;4820;Petroquímicos e Borracha;BOLSA;Categoria A;2010-01-01;FASE OPERACIONAL;1978-12-18;PRIVADO;SEDE;Rua Eteno, Nº 1561;Polo Industrial;Copec;CAMAÇARI;BA;BRASIL;42816200;071;34131897;71;34131536;braskem-ri@braskem.com.br;DIRETOR DE RELAÇÕES COM INVESTIDORES;FELIPE MONTORO JENS;2024-12-13;Rua Lemos Monteiro, 120;24º ANDAR;Butantã;SÃO PAULO;SP;;5501050;11;35769531;;;braskem-ri@braskem.com.br;57.755.217/0001-29;KPMG AUDITORES INDEPENDENTES LTDA.
12.091.809/0001-55;BRAVA ENERGIA S.A.;;2020-11-09;2010-06-08;;;ATIVO;2020-11-09;25291;Petróleo e Gás;BALCÃO ORGANIZADO;Categoria A;2020-11-09;FASE OPERACIONAL;2020-08-31;PRIVADO;SEDE;Praia de Botafogo, 186;SL 1401, 1501;Botafogo;RIO DE JANEIRO;RJ;BRASIL;22250145;21;21455555;;;;DIRETOR DE RELAÇÕES COM INVESTIDORES;LUIZ FELIPE CHAVES DE CARVALHO;2025-11-24;PRAIA DE BOTAFOGO, 186;16º ANDAR;BOTAFOGO;RIO DE JANEIRO;RJ;;22250145;21;34755555;0;0;ri@bravaenergia.com;61.366.936/0001-25;ERNST & YOUNG AUDITORES INDEPENDENTES S/S LTDA.
12.091.809/0001-55;BRAVA ENERGIA S.A.;;2020-11-09;2010-06-08;;;ATIVO;2020-11-09;25291;Petróleo e Gás;BOLSA;Categoria A;2020-11-09;FASE OPERACIONAL;2020-08-31;PRIVADO;SEDE;Praia de Botafogo, 186;SL 1401, 1501;Botafogo;RIO DE JANEIRO;RJ;BRASIL;22250145;21;21455555;;;;DIRETOR DE RELAÇÕES COM INVESTIDORES;LUIZ FELIPE CHAVES DE CARVALHO;2025-11-24;PRAIA DE BOTAFOGO, 186;16º ANDAR;BOTAFOGO;RIO DE JANEIRO;RJ;;22250145;21;34755555;0;0;ri@bravaenergia.com;61.366.936/0001-25;ERNST & YOUNG AUDITORES INDEPENDENTES S/S LTDA.
14.292.540/0001-09;BRAZIL TOWER, CESSÃO DE INFRA-ESTRUTURAS S.A;BRAZIL TOWER, CESSÃO DE INFRA-ESTRUTURAS S.A;2023-09-04;2011-08-22;;;ATIVO;2023-09-04;27316;Telecomunicações;BALCÃO ORGANIZADO;Categoria B;2023-06-20;FASE OPERACIONAL;2023-06-20;PRIVADO HOLDING;SEDE;Alameda Oscar Niemeyer, nº 222;6º andar, sala 601;Vale do Sereno;NOVA LIMA;MG;BRASIL;34006049;31;994570077;;;ri@braziltowercompany.com.br;DIRETOR DE RELAÇÕES COM INVESTIDORES;Chahram Charles Zolfaghari;2023-06-12;Alameda Oscar Niemeyer, nº 222;6º andar, salas 601;Vale do Sereno;NOVA LIMA;MG;;34006049;31;994570077;;;ri@braziltowercompany.com;61.366.936/0001-25;ERNST & YOUNG AUDITORES INDEPENDENTES S/S LTDA.
00.000.208/0001-00;BRB BANCO DE BRASILIA SA;BRB;1993-09-24;1964-12-10;;;ATIVO;1993-09-24;14206;Bancos;BOLSA;Categoria A;2010-01-01;FASE OPERACIONAL;1993-09-24;ESTATAL;SEDE;SAUN QUADRA 5 LOTE C BLOCO C 17° ANDAR;CNC;ASA NORTE;BRASÍLIA;DF;;70040250;61;33221515;61;34128092;ri@brb.com.br;DIRETOR DE RELAÇÕES COM INVESTIDORES;ANTÔNIO JOSÉ BARRETO DE ARAÚJO JÚNIOR;2026-02-11;SAUN Quadra 5 Lote C Bloco C 17° andar;CNC;Asa Norte;BRASÍLIA;;;70040250;61;34092085;;;ri@brb.com.br;10.830.108/0001-65;GRANT THORNTON AUDITORES INDEPENDENTES LTDA.
10.739.356/0001-03;BRBI BR PARTNERS S.A;BRBI BR PARTNERS S.A;2021-05-13;2009-03-12;;;ATIVO;2021-05-13;25860;Emp. Adm. Part. - Bancos;;Categoria A;2021-05-13;FASE OPERACIONAL;2021-01-26;PRIVADO;SEDE;Avenida Brigadeiro Faria Lima, nº 3.732;28º andar;Itaim Bibi;SÃO PAULO;SP;BRASIL;4538132;11;37041000;11;37041049;ri@brpartners.com.br;DIRETOR DE RELAÇÕES COM INVESTIDORES;Vinicius Carmona Cardoso;2020-07-20;Av. Brigadeiro Faria Lima, 3.355;26º andar;Itaim Bibi;SÃO PAULO;SP;;4538133;11;37041000;;;ri@brap.com.br;49.928.567/0001-11;DELOITTE TOUCHE TOHMATSU AUDITORES INDEPENDENTES LTDA.
01.838.723/0001-27;BRF S.A.;BRF S.A.;1997-06-24;1945-11-23;;;ATIVO;1997-06-24;16292;Emp. Adm. Part. - Alimentos;BOLSA;Categoria B;2025-10-30;FASE OPERACIONAL;2001-03-31;PRIVADO;SEDE;Av. Jorge Tzachel, 475;--;Fazenda;ITAJAÍ;SC;BRASIL;88301600;11;23225377;11;23225747;ri@mbrf.com;DIRETOR DE RELAÇÕES COM INVESTIDORES;Jose Ignacio Scoseria Rey;2025-09-22;Av. Das Nações Unidas, 14.401;27° andar;Chácara Sto. Antonio;SÃO PAULO;SP;;4730090;11;23225377;;;ri@mbrf.com;10.830.108/0001-65;GRANT THORNTON AUDITORES INDEPENDENTES LTDA.
04.601.397/0001-28;BRISANET SERVIÇOS DE TELECOMUNICAÇÕES S.A.;;2024-11-05;2001-08-08;;;ATIVO;2024-11-05;27693;Telecomunicações;BOLSA;Categoria A;2024-07-29;FASE OPERACIONAL;2001-08-01;PRIVADO;SEDE;Rod. CE-138, CE Divisa c/ RN, Estr. Acesso Brisa 1Km PortãoA;Préd.2 Entr.3 Térreo;Zona Rural;PEREIRO;CE;BRASIL;63460000;88;21500288;;;falecomri@grupobrisanet.com.br;DIRETOR DE RELAÇÕES COM INVESTIDORES;LUCIANA PAULO FERREIRA;2024-07-29;Rod. CE-138, CE Divisa c/ RN, Estr. Acesso Brisa 1Km PortãoA;Préd.2 Entr.3 Térreo;Zona Rural;PEREIRO;CE;;63460000;88;21500288;;;falecomri@grupobrisanet.com.br;61.366.936/0001-25;ERNST & YOUNG AUDITORES INDEPENDENTES S/S LTDA.
39.580.673/0001-01;BRK AMBIENTAL - REGIÃO METROPOLITANA DE MACEIÓ S.A.;BRK AMBIENTAL - REGIÃO METROPOLITANA DE MACEIÓ S.A.;2022-11-07;2020-10-21;;;ATIVO;2022-11-07;26999;Emp. Adm. Part. - Saneamento, Serv. Água e Gás;BALCÃO ORGANIZADO;Categoria B;2022-07-22;FASE OPERACIONAL;2022-07-22;PRIVADO;SEDE;Avenida Fernandes Lima, n° 679, 1º andar;Shopping Cidade;Farol;MACEIÓ;AL;BRASIL;57055000;82;31421120;;;ribrkrmm@brkambiental.com.br;DIRETOR DE RELAÇÕES COM INVESTIDORES;Mateus Lemos Longman;2023-01-11;Avenida Fernandes Lima, n° 679, 1º andar;Shopping Cidade;Farol;MACEIÓ;AL;;57055000;82;981859086;;;ribrkrmm@brkambiental.com.br;49.928.567/0001-11;DELOITTE TOUCHE TOHMATSU AUDITORES INDEPENDENTES LTDA.
24.396.489/0001-20;BRK AMBIENTAL PARTICIPAÇÕES S.A.;BRK AMBIENTAL PARTICIPAÇÕES S.A.;2019-10-22;2016-01-28;;;ATIVO;2019-10-22;24830;Emp. Adm. Part. - Saneamento, Serv. Água e Gás;BALCÃO NÃO ORGANIZADO;Categoria A;2022-11-07;FASE OPERACIONAL;2019-08-13;PRIVADO;SEDE;Avenida das Nações Unidas, 14.401, Torre Corp. B2 Paineira;7º andar, Setor B;Vila Gertrudes;SÃO PAULO;SP;BRASIL;4794000;11;38302000;11;38302000;riambiental@brkambiental.com.br;DIRETOR DE RELAÇÕES COM INVESTIDORES;Felipe Cardoso de Gusmão Cunha;2022-09-01;Avenida das Nações Unidas, 14.401, Torre Corp. B2 Paineira;7º andar, Setor B;Vila Gertrudes;SÃO PAULO;SP;;4794000;11;38302000;;;riambiental@brkambiental.com.br;49.928.567/0001-11;DELOITTE TOUCHE TOHMATSU AUDITORES INDEPENDENTES LTDA.
36.542.025/0001-64;BRQ SOLUÇÕES EM INFORMÁTICA S.A.;BRQ SOLUÇÕES EM INFORMÁTICA S.A.;2016-01-11;1993-02-26;;;ATIVO;2016-01-11;23817;Comunicação e Informática;BALCÃO ORGANIZADO;Categoria A;2016-01-11;FASE OPERACIONAL;2015-05-28;PRIVADO;SEDE;Alameda Mamoré, nº 687;Andar 03 - Cj 301;Alphaville;BARUERI;SP;BRASIL;6454040;11;21267000;11;21267099;ri@brq.com;DIRETOR DE RELAÇÕES COM INVESTIDORES;Antonio Eduardo Pimentel Rodrigues;2021-05-03;Avenida Brigadeiro Faria Lima, nº 1.336;conjunto 71 e 72;Jardim Paulistano;SÃO PAULO;SP;;1451001;11;21267000;;;ri@brq.com;61.366.936/0001-25;ERNST & YOUNG AUDITORES INDEPENDENTES S/S LTDA.
36.542.025/0001-64;BRQ SOLUÇÕES EM INFORMÁTICA S.A.;BRQ SOLUÇÕES EM INFORMÁTICA S.A.;2016-01-11;1993-02-26;;;ATIVO;2016-01-11;23817;Comunicação e Informática;BOLSA;Categoria A;2016-01-11;FASE OPERACIONAL;2015-05-28;PRIVADO;SEDE;Alameda Mamoré, nº 687;Andar 03 - Cj 301;Alphaville;BARUERI;SP;BRASIL;6454040;11;21267000;11;21267099;ri@brq.com;DIRETOR DE RELAÇÕES COM INVESTIDORES;Antonio Eduardo Pimentel Rodrigues;2021-05-03;Avenida Brigadeiro Faria Lima, nº 1.336;conjunto 71 e 72;Jardim Paulistano;SÃO PAULO;SP;;1451001;11;21267000;;;ri@brq.com;61.366.936/0001-25;ERNST & YOUNG AUDITORES INDEPENDENTES S/S LTDA.
04.065.053/0001-41;BRZ EMPREENDIMENTOS E CONSTRUÇÕES S.A.;BRZ EMPREENDIMENTOS E CONSTRUÇÕES S.A.;2023-12-27;2000-09-25;;;ATIVO;2023-12-27;27391;Construção Civil, Mat. Constr. e Decoração;;Categoria A;2023-12-27;FASE OPERACIONAL;2023-10-06;PRIVADO;SEDE;Avenida Coronel Silva Teles, 1.002;4º andar;Cambuí;CAMPINAS;SP;BRASIL;13024001;31;25378787;;;fabiano.valese@brz.eng.br/ ri@brz.eng.br;DIRETOR DE RELAÇÕES COM INVESTIDORES;Fabiano Valese;2025-08-11;Avenida Coronel Silva Teles, 1.002;4º andar;Cambuí;CAMPINAS;SP;;13024001;19;32090039;;;fabiano.valese@brz.eng.br/ ri@brz.eng.br;57.755.217/0001-29;KPMG AUDITORES INDEPENDENTES LTDA.
04.626.426/0001-06;BTG PACTUAL COMMODITIES SERTRADING S.A.;BTG PACTUAL COMMODITIES SERTRADING S.A.;2025-01-31;2001-08-14;;;ATIVO;2025-01-31;27774;Comércio (Atacado e Varejo);;Categoria B;2024-11-13;FASE OPERACIONAL;2024-11-13;PRIVADO;SEDE;AVENIDA NOSSA SENHORA DA PENHA, Nº 1.495;TORRE A, SALA 804;BAIRRO SANTA LUCIA;VITÓRIA;ES;;29056905;11;33832000;;;;DIRETOR DE RELAÇÕES COM INVESTIDORES;Julia Mendonça Rocha;2024-10-10;Avenida Brigadeiro Faria Lima, 3.477, 11º andar;Parte;Itaim Bibi;SÃO PAULO;SP;;4538133;11;33832000;;;ri-sertrading@btgpactual.com;61.562.112/0001-20;PRICEWATERHOUSECOOPERS AUDITORES INDEPENDENTES LTDA.
45.242.914/0001-05;C&A MODAS S.A.;C&A MODAS LTDA;2019-10-24;1981-01-12;;;ATIVO;2019-10-24;24848;Têxtil e Vestuário;BOLSA;Categoria A;2019-10-24;FASE OPERACIONAL;2019-09-02;PRIVADO;SEDE;Alameda Araguaia;1.222/1.022;Alphaville;BARUERI;SP;BRASIL;6455000;11;21349259;;;ri@cea.com.br;DIRETOR DE RELAÇÕES COM INVESTIDORES;Laurence Beltrão Gomes;2023-06-19;Alameda Araguaia;1.222/1.022;Alphaville;BARUERI;SP;;6455000;11;21349259;;;ri@cea.com.br;57.755.217/0001-29;KPMG AUDITORES INDEPENDENTES LTDA.
04.030.182/0001-02;CABINDA PARTICIPAÇÕES SA;CABINDA PARTICIPAÇÕES S.A.;2001-10-29;2000-07-31;;;ATIVO;2001-10-29;19119;Emp. Adm. Part. - Sem Setor Principal;;Categoria A;2010-01-01;FASE PRÉ-OPERACIONAL;2001-10-29;PRIVADO HOLDING;SEDE;Rua Pamplona, 818;conjunto;Jardim Paulista;SÃO PAULO;SP;BRASIL;1405001;11;35565505;11;35565566;todosformulariodereferencia@gp-investments.com;DIRETOR DE RELAÇÕES COM INVESTIDORES;RAFAEL GONÇALVES DE SOUZA;2023-04-28;AV. BRIGADEIRO FARIA LIMA - 4300;CONJUNT0 21;ITAIM BIBI;SÃO PAULO;;;4538132;11;35565505;;;todosformulariodereferencia@gp-investments.com;16.549.480/0001-84;RSM BRASIL AUDITORES INDEPENDENTES LTDA.
05.336.882/0001-84;CACHOEIRA PAULISTA TRANSMISSORA DE ENERGIA SA;CACHOEIRA PAULISTA TRANSMISSORA DE ENERGIA SA;2011-12-19;2002-10-09;;;ATIVO;2011-12-19;22683;Energia Elétrica;BALCÃO ORGANIZADO;Categoria B;2011-12-19;FASE OPERACIONAL;2011-12-19;PRIVADO HOLDING;SEDE;Rua do Passeio, 38 - Setor 2;Torre 2 - Sala 1201;Centro;RIO DE JANEIRO;RJ;BRASIL;20021290;21;30770077;21;30770060;br.investidores@celeogroup.com;DIRETOR DE RELAÇÕES COM INVESTIDORES;Marcus Hansen Balata;2024-09-02;Rua do Passeio, nº 38 - Setor 2;Sala 1201;Centro;RIO DE JANEIRO;;;20021290;21;39619400;;;br.investidores@celeogroup.com;57.755.217/0001-29;KPMG AUDITORES INDEPENDENTES LTDA.
04.031.213/0001-31;CACONDE PARTICIPAÇÕES SA;CACONDE PARTICIPAÇÕES S.A.;2001-10-29;2000-07-31;;;ATIVO;2001-10-29;19135;Emp. Adm. Part. - Sem Setor Principal;;Categoria A;2010-01-01;FASE PRÉ-OPERACIONAL;2001-10-29;PRIVADO HOLDING;SEDE;Rua Pamplona, 818;conjunto;Jardim Paulista;SÃO PAULO;SP;BRASIL;1405001;11;35565505;11;35565566;todosformulariodereferencia@gp-investments.com;DIRETOR DE RELAÇÕES COM INVESTIDORES;RAFAEL GONÇALVES DE SOUZA;2023-04-28;AV. BRIGADEIRO FARIA LIMA - 4300;CONJUNTO 21;ITAIM BIBI;SÃO PAULO;;;4538132;11;35565505;;;todosformulariodereferencia@gp-investments.com;16.549.480/0001-84;RSM BRASIL AUDITORES INDEPENDENTES LTDA.
04.038.763/0001-82;CAIANDA PARTICIPAÇÕES SA;CAIANDA PARTICIPAÇÕES S.A.;2001-10-29;2000-07-31;;;ATIVO;2001-10-29;19097;Emp. Adm. Part. - Sem Setor Principal;;Categoria A;2010-01-01;FASE OPERACIONAL;2002-06-30;PRIVADO HOLDING;SEDE;Rua Pamplona, 818;conjunto;Jardim Paulista;SÃO PAULO;SP;BRASIL;1405001;11;35565505;11;35565566;todosformulariodereferencia@gp-investments.com;DIRETOR DE RELAÇÕES COM INVESTIDORES;RAFAEL GONÇALVES DE SOUZA;2023-04-28;AV. BRIGADEIRO FARIA LIMA - 4.300;CONJUNTO 21;ITAIM BIBI;SÃO PAULO;;;4538132;11;35565505;;;todosformulariodereferencia@gp-investments.com;16.549.480/0001-84;RSM BRASIL AUDITORES INDEPENDENTES LTDA.
00.979.969/0001-56;CAIXA ADM DIV PUB ESTADUAL SA;CADIP;1996-09-04;1995-12-28;;;ATIVO;1996-09-04;15717;Intermediação Financeira;;Categoria B;2010-06-24;FASE OPERACIONAL;1996-09-04;ESTATAL;SEDE;Av. Mauá, 1155;Conj. 502 A;Centro;PORTO ALEGRE;RS;BRASIL;90030080;51;32145133;51;32145135;;DIRETOR DE RELAÇÕES COM INVESTIDORES;Luis Antonio Medina Gomez;2019-04-30;Av. Mauá, 1155;Conj. 502A;Centro;PORTO ALEGRE;RS;;90030080;51;999333078;;;luismg@sefaz.rs.gov.br;09.285.766/0001-34;MOREIRA ASSOCIADOS AUDITORES INDEPENDENTES S/S
22.543.331/0001-00;CAIXA SEGURIDADE PARTICIPAÇÕES S.A.;;2015-12-17;2015-05-21;;;ATIVO;2015-12-17;23795;Emp. Adm. Part. - Seguradoras e Corretoras;BOLSA;Categoria A;2015-12-17;FASE OPERACIONAL;2015-08-25;ESTATAL;SEDE;Q SHN Quadra 1 Bloco E Conj A;SALAS 1601 E 1701;Asa Norte;BRASÍLIA;DF;BRASIL;70701050;11;31761340;;;diseg@caixa.gov.br;DIRETOR DE RELAÇÕES COM INVESTIDORES;EDGAR VIEIRA SOARES;2025-07-14;Q SHN QUADRA 1 BLOCO E CONJ A;SALAS 1601 E 1701;Asa Norte;BRASÍLIA;DF;;70701050;11;31761340;;;dirif@caixa.gov.br;54.276.936/0001-79;BDO RCS AUDITORES INDEPENDENTES - SOCIEDADE SIMPLES LIMITADA
61.088.894/0001-08;CAMBUCI SA;PENALTY;1985-01-05;1945-11-05;;;ATIVO;1985-01-05;2100;Têxtil e Vestuário;BOLSA;Categoria A;2010-01-01;FASE OPERACIONAL;1985-01-05;PRIVADO;SEDE;Avenida Getulio Vargas, 930;Escritório;Marmeleiro;SÃO ROQUE;SP;BRASIL;18130430;11;47139500;11;47139500;roberto.estefano@cambuci.com.br;DIRETOR DE RELAÇÕES COM INVESTIDORES;ROBERTO ESTEFANO;2015-09-02;Avenida Getulio Vargas, 930;Escritório;Marmeleiro;SÃO ROQUE;SP;;18130430;11;47139500;;;roberto.estefano@cambuci.com.br;23.037.018/0001-63;MACSO LEGATE AUDITORES INDEPENDENTES
64.904.295/0001-03;CAMIL ALIMENTOS S/A;CAMIL ALIMENTOS S/A;2017-09-26;1990-11-09;;;ATIVO;2017-09-26;24228;Alimentos;BOLSA;Categoria A;2017-09-26;FASE OPERACIONAL;2017-07-25;PRIVADO HOLDING;SEDE;Av. Rebouças, 3970;12º Andar;Pinheiros;SÃO PAULO;SP;BRASIL;5402600;11;30399200;11;0;ri@camil.com.br;DIRETOR DE RELAÇÕES COM INVESTIDORES;Flávio Jardim Vargas;2017-07-21;Av. Rebouças, 3970;12º Andar;Pinheiros;SÃO PAULO;SP;;5402600;11;30399200;;;ri@camil.com.br;54.276.936/0001-79;BDO RCS AUDITORES INDEPENDENTES - SOCIEDADE SIMPLES LIMITADA
47.815.827/0001-17;CAMINHOS DA SERRA GAUCHA S/A;CAMINHOS DA SERRA GAUCHA S/A;2025-08-04;2022-07-19;;;ATIVO;2025-08-04;27871;Serviços Transporte e Logística;;Categoria B;2025-03-31;FASE OPERACIONAL;2025-03-31;PRIVADO;SEDE;Rua José Dalla Riva, nº 441;;Centro;FARROUPILHA;RS;BRASIL;95170408;54;30359901;;;atendimento@csg.com.br;DIRETOR DE RELAÇÕES COM INVESTIDORES;Ricardo José Peres;2024-11-25;Av. Cândido de Abreu, nº 776;15º andar, Sala 1503;Centro Cívico;CURITIBA;;;80530000;54;30359901;;;ricardo.peres@csg.com.br;41.835.722/0001-43;CONSULT AUDITORES E CONSULTORES ASSOCIADOS
41.096.674/0001-19;CANTU STORE S.A.;;2022-03-17;2020-09-28;;;ATIVO;2022-03-17;26646;Emp. Adm. Part. - Comércio (Atacado e Varejo);;Categoria A;2021-10-21;FASE OPERACIONAL;2021-10-21;PRIVADO;SEDE;Rua Gomes de Carvalho, 1.108;Conj 144, 14º andar;Vila Olímpia;SÃO PAULO;SP;BRASIL;4547001;47;30462550;;;;DIRETOR DE RELAÇÕES COM INVESTIDORES;RICARDO BERALDI PORTO;2026-01-15;RUA GOMES DE CARVALHO, 1.108;CONJ 144, 14º ANDA;VILA OLÍMPIA;SÃO PAULO;SP;;4547001;47;30462550;0;0;ri@cantustore.com.br;61.562.112/0001-20;PRICEWATERHOUSECOOPERS AUDITORES INDEPENDENTES LTDA.
02.591.787/0001-39;CAPITALPART PARTICIPAÇÕES SA;CAPITALPART PARTICIPAÇÕES S.A.;1998-07-09;1998-06-01;;;ATIVO;2021-11-11;17493;Emp. Adm. Part. - Telecomunicações;BALCÃO ORGANIZADO;Categoria A;2010-01-01;FASE OPERACIONAL;2001-03-31;PRIVADO HOLDING;SEDE;Avenida Brigadeiro Faria Lima;2277, 21 andar, 2101;Jardim Paulistano;SÃO PAULO;SP;BRASIL;1452000;11;32374588;11;32374588;celso.alexandre@cvcpart.com;DIRETOR DE RELAÇÕES COM INVESTIDORES;CELSO ALEXANDRE DA SILVA;2025-01-31;Av. Brigadeiro Faria Lima, 2.777;21º andar, cj. 2101;Jardim Paulistano;SÃO PAULO;;;1452000;11;32374588;;;celso.alexandre@cvcpart.com;16.549.480/0001-84;RSM BRASIL AUDITORES INDEPENDENTES LTDA.
00.080.671/0001-00;CARAMURU ALIMENTOS S.A.;CARAMURU ALIMENTOS S.A.;2021-09-15;1984-12-17;;;ATIVO;2025-10-09;26190;Alimentos;;Categoria A;2021-09-15;FASE OPERACIONAL;2021-06-17;PRIVADO;SEDE;Via Expressa Júlio Borges de Souza, 4.240;às margens da BR 153;Nossa Senh. da Saúde;ITUMBIARA;GO;BRASIL;75520900;64;34040900;;;ri@caramuru.com.br;DIRETOR DE RELAÇÕES COM INVESTIDORES;Marcus Erich Thieme;2021-05-03;Via Expressa Júlio Borges de Souza, 4.240;às margens da BR 153;Nossa Senh. da Saúde;ITUMBIARA;GO;;75520900;64;34040900;;;ri@caramuru.com;61.366.936/0001-25;ERNST & YOUNG AUDITORES INDEPENDENTES S/S LTDA.
07.253.321/0001-47;CARBOMIL SA MINER. E INDUSTRIA;CARBOMIL;1993-07-27;1966-11-14;;;ATIVO;1993-07-27;14168;Extração Mineral;;Categoria B;2010-01-01;FASE OPERACIONAL;1993-07-27;PRIVADO;SEDE;Rua Desembargador Lauro Nogueira, 1500;sala 907;Papicu;FORTALEZA;CE;BRASIL;60176065;85;999946813;85;31989960;candido@carbomil.com.br;DIRETOR DE RELAÇÕES COM INVESTIDORES;CANDIDO DA SILVEIRA QUINDERÉ;1993-07-27;RU DESEMBARGADOR LAURO NOGUEIRA2 1500;SALA 907;PAPICU;FORTALEZA;CE;;60176065;85;999915250;;;candido@carbomil.com.br;23.562.663/0001-03;CONTROLLER AUDITORIA E ASSESSORIA CONTÁBIL S/S
14.882.295/0001-81;CBO HOLDING S.A.;OCEANA OFFSHORE S.A.;2015-06-11;2011-07-20;;;ATIVO;2015-06-11;23620;Emp. Adm. Part. - Petróleo e Gás;;Categoria A;2015-06-11;FASE OPERACIONAL;2015-03-23;PRIVADO;SEDE;Travessa Braga;número 2;Barreto;NITERÓI;RJ;BRASIL;24110200;21;25461122;21;25461387;ri@grupocbo.com.br;DIRETOR DE RELAÇÕES COM INVESTIDORES;Marcos Roberto Tinti;2022-08-16;Travessa Braga nº2;;Barreto;NITERÓI;RJ;;24110200;21;26249300;;;ri@grupocbo.com.br;49.928.567/0001-11;DELOITTE TOUCHE TOHMATSU AUDITORES INDEPENDENTES LTDA.
02.201.787/0001-85;CEL PARTICIPAÇÕES S.A. - CELPAR;CELPAR;1997-12-01;1997-09-10;;;ATIVO;1997-12-01;16675;Emp. Adm. Part. - Educação;;Categoria B;2010-01-01;FASE OPERACIONAL;2000-12-31;PRIVADO;SEDE;RUA MARIA ANGELICA;310 PARTE;JARDIM BOTANICO;RIO DE JANEIRO;RJ;BRASIL;22461152;21;25363500;21;25363524;contabilidade@cel.g12.br;DIRETOR DE RELAÇÕES COM INVESTIDORES;JULIO LUIZ BAPTISTA LOPES;1997-12-01;RUA MARIA ANGELICA;310 PARTE;JARDIM BOTANICO;RIO DE JANEIRO;RJ;;22461152;21;25363500;;;contabilidade@grupocel.com.br;02.956.745/0001-54;AUDITÓR - AUDITORES INDEPENDENTES LTDA.
31.001.230/0001-07;CELEO REDES TRANSMISSÃO DE ENERGIA S.A.;CELEO REDES TRANSMISSÃO DE ENERGIA S.A.;2018-12-12;2018-06-26;;;ATIVO;2018-12-12;24597;Emp. Adm. Part. - Energia Elétrica;BALCÃO ORGANIZADO;Categoria B;2018-12-12;FASE OPERACIONAL;2022-05-31;PRIVADO;SEDE;Rua do Passeio, 38 - Setor 2;Sala 1201;Centro;RIO DE JANEIRO;RJ;BRASIL;20021290;21;31619400;21;31717000;br.investidores@celeogroup.com;DIRETOR DE RELAÇÕES COM INVESTIDORES;Marcus Hansen Balata;2024-09-02;Rua do Passeio, nº 38 - Setor 2;Sala 1201;Centro;RIO DE JANEIRO;;;20021290;21;39619400;;;br.investidores@celeogroup.com;61.562.112/0001-20;PRICEWATERHOUSECOOPERS AUDITORES INDEPENDENTES LTDA.
93.828.986/0001-73;CEMEPE INVESTIMENTOS SA;CIA MARCOPOLO;1991-06-28;1991-03-01;;;ATIVO;1991-06-28;13854;Emp. Adm. Part. - Sem Setor Principal;BOLSA;Categoria A;2010-01-01;FASE OPERACIONAL;1991-06-28;PRIVADO HOLDING;SEDE;PRAÇA TIRADENTES, 10;SALA 304 PARTE;CENTRO;RIO DE JANEIRO;RJ;BRASIL;20060070;021;22240756;21;22240756;ri@cemepe.com.br;DIRETOR DE RELAÇÕES COM INVESTIDORES;SAMUEL PAPELBAUM;2003-04-30;PRAÇA TIRADENTES, 10;SALA 304 PARTE;CENTRO;RIO DE JANEIRO;RJ;;20060070;21;22240756;;;ri@cemepe.com.br;40.262.602/0001-31;BKR - LOPES, MACHADO AUDITORES
06.981.180/0001-16;CEMIG DISTRIBUIÇÃO S/A;CEMIG DISTRIBUIÇÃO S/A;2006-09-25;2004-09-08;;;ATIVO;2006-09-25;20303;Energia Elétrica;;Categoria B;2010-01-01;FASE OPERACIONAL;2006-09-25;ESTATAL;SEDE;Av. Barbacena, 1200;16º andar, ala A1;Santo Agostinho;BELO HORIZONTE;MG;BRASIL;30190131;31;35065024;31;35065025;ri@cemig.com.br;DIRETOR DE RELAÇÕES COM INVESTIDORES;Andrea Marques de Almeida;2024-12-02;Avenida Barbacena;1200;Santo Agostinho;BELO HORIZONTE;MG;;30190131;31;35065024;;;ri@cemig.com.br;57.755.217/0001-29;KPMG AUDITORES INDEPENDENTES LTDA.
06.981.176/0001-58;CEMIG GERAÇÃO E TRANSMISSÃO S/A;CEMIG GT;2006-10-10;2004-09-08;;;ATIVO;2006-10-10;20320;Energia Elétrica;;Categoria B;2010-01-01;FASE OPERACIONAL;2006-10-10;ESTATAL;SEDE;Avenida Barbacena, 1200;16° andar - Ala B1;Santo Agostinho;BELO HORIZONTE;MG;BRASIL;31190924;31;35063930;31;35063933;ri@cemig.com.br;DIRETOR DE RELAÇÕES COM INVESTIDORES;Andrea Marques de Almeida;2024-12-02;Av.: Barbacena, 1200;18º andar/B1;Santo Agostinho;BELO HORIZONTE;MG;;30190131;31;35065024;;;ri@cemig.com.br;57.755.217/0001-29;KPMG AUDITORES INDEPENDENTES LTDA.
83.878.892/0001-55;CENTRAIS ELETRICAS DE SANTA CATARINA S.A;CELESC;1973-03-26;1956-01-30;;;ATIVO;1973-03-26;2461;Energia Elétrica;BOLSA;Categoria A;2010-01-01;FASE OPERACIONAL;1973-03-26;ESTATAL;SEDE;Avenida Itamarati, 160;Itacorubi;Itacorubi;FLORIANÓPOLIS;SC;BRASIL;88034900;48;32315000;48;32316039;ri@celesc.com.br;DIRETOR DE RELAÇÕES COM INVESTIDORES;Júlio César Pungan;2023-02-09;Avenida Itamarati, 160;;Itacorubi;FLORIANÓPOLIS;SC;;88034900;48;32316011;;;ri@celesc.com.br;57.755.217/0001-29;KPMG AUDITORES INDEPENDENTES LTDA.
08.322.396/0001-03;CERRADINHO BIOENERGIA S.A.;;2021-12-21;2006-06-04;;;ATIVO;2021-12-21;26522;Agricultura (Açúcar, Álcool e Cana);BALCÃO ORGANIZADO;Categoria A;2021-12-21;FASE OPERACIONAL;2021-08-20;PRIVADO;SEDE;Rodovia GO 050, km 11 + 900mts;S/Nº;Zona Rural;CHAPADÃO DO CÉU;GO;BRASIL;75828000;17;31112990;;;ri@cerradinho.com.br;DIRETOR DE RELAÇÕES COM INVESTIDORES;Gustavo de Marchi Galvão Oliveira;2021-08-20;Rodovia GO 050, km 11 + 900mts;S/Nº;Zona Rural;CHAPADÃO DO CÉU;GO;;75828000;17;33112990;;;ri@cerradinho.com.br;61.562.112/0001-20;PRICEWATERHOUSECOOPERS AUDITORES INDEPENDENTES LTDA.
60.933.603/0001-78;CESP - COMPANHIA ENERGÉTICA DE SÃO PAULO;CESP CIA ENERGETICA SAO PAULO;1971-09-27;1966-12-06;;;ATIVO;1971-09-27;2577;Energia Elétrica;BALCÃO ORGANIZADO;Categoria B;2022-04-25;FASE OPERACIONAL;1971-09-27;PRIVADO;SEDE;Av. Dra. Ruth Cardoso, 8501;2º andar;Pinheiros;SÃO PAULO;SP;BRASIL;5425070;11;28742540;;;ricesp@cesp.com.br;DIRETOR DE RELAÇÕES COM INVESTIDORES;João André Guillaumon Neto;2025-08-07;Avenida Dra. Ruth Cardoso, nº 8.501;2º andar;Pinheiros;SÃO PAULO;SP;;5425070;11;28742540;;;ri@aurenenergia.com.br;54.276.936/0001-79;BDO RCS AUDITORES INDEPENDENTES - SOCIEDADE SIMPLES LIMITADA
60.933.603/0001-78;CESP - COMPANHIA ENERGÉTICA DE SÃO PAULO;CESP CIA ENERGETICA SAO PAULO;1971-09-27;1966-12-06;;;ATIVO;1971-09-27;2577;Energia Elétrica;BOLSA;Categoria B;2022-04-25;FASE OPERACIONAL;1971-09-27;PRIVADO;SEDE;Av. Dra. Ruth Cardoso, 8501;2º andar;Pinheiros;SÃO PAULO;SP;BRASIL;5425070;11;28742540;;;ricesp@cesp.com.br;DIRETOR DE RELAÇÕES COM INVESTIDORES;João André Guillaumon Neto;2025-08-07;Avenida Dra. Ruth Cardoso, nº 8.501;2º andar;Pinheiros;SÃO PAULO;SP;;5425070;11;28742540;;;ri@aurenenergia.com.br;54.276.936/0001-79;BDO RCS AUDITORES INDEPENDENTES - SOCIEDADE SIMPLES LIMITADA
19.014.221/0001-47;CHINA THREE GORGES BRASIL ENERGIA S.A.;;2023-02-23;2013-09-26;;;ATIVO;2023-02-23;27103;Energia Elétrica;;Categoria A;2023-02-23;FASE OPERACIONAL;2022-11-25;PRIVADO;SEDE;Rua Funchal, nº 418;3º andar, Sala 1;Vila Olímpia;SÃO PAULO;SP;BRASIL;4551060;11;45506040;;;ri@ctgbr.com.br;DIRETOR DE RELAÇÕES COM INVESTIDORES;SILVIO ALEXANDRE SCUCUGLIA DA SILVA;2022-11-24;Rua Funchal, nº 418;3º andar,  Sala 1;Vila Olímpia;SÃO PAULO;SP;;4551060;11;45506040;;;ri@ctgbr.com.br;49.928.567/0001-11;DELOITTE TOUCHE TOHMATSU AUDITORES INDEPENDENTES LTDA.
82.508.433/0001-17;CIA CAT. DE ÁGUAS E SANEAMENTO - CASAN;CASAN;1998-02-06;1970-12-31;;;ATIVO;1998-02-06;16861;Saneamento, Serv. Água e Gás;BOLSA;Categoria A;2010-01-01;FASE OPERACIONAL;1998-02-06;ESTATAL;SEDE;Rua Emilio Blun;83;Centro;FLORIANÓPOLIS;SC;BRASIL;88020010;48;32215225;48;32215226;acionistas@casan.com.br;DIRETOR DE RELAÇÕES COM INVESTIDORES;Carlos Ivan Sturzbecher;2025-07-14;Rua Emílio Blum, 83;;Centro;FLORIANÓPOLIS;;;88020010;48;32215217;;;acionistas@casan.com.br;13.098.174/0001-80;RUSSELL BEDFORD GM AUDITORES INDEPENDENTES S/S
15.139.629/0001-94;CIA DE ELETRICIDADE DO ESTADO DA BAHIA - COELBA;COELBA;1994-07-28;1966-09-22;;;ATIVO;1994-07-28;14524;Energia Elétrica;BOLSA;Categoria A;2010-01-01;FASE OPERACIONAL;1994-07-28;PRIVADO HOLDING;SEDE;Avenida Edgard Santos;N° 300;Narandiba;SALVADOR;BA;BRASIL;41181900;21;32359800;21;32359876;ri@neoenergia.com;DIRETOR DE RELAÇÕES COM INVESTIDORES;Renato de Almeida Rocha;2021-08-16;Praia do Flamengo, 78;10º andar;Flamengo;RIO DE JANEIRO;RJ;;22210030;21;32359828;;;ri@neoenergia.com;49.928.567/0001-11;DELOITTE TOUCHE TOHMATSU AUDITORES INDEPENDENTES LTDA.
01.938.783/0001-11;CIA DE PARTICIPAÇÕES ALIANÇA DA BAHIA;CIA. DE PARTICIPAÇÕES ALIANÇA DA BAHIA;2000-07-26;1997-05-14;;;ATIVO;2000-07-26;18708;Emp. Adm. Part. - Sem Setor Principal;BALCÃO ORGANIZADO;Categoria A;2010-01-01;FASE OPERACIONAL;2000-07-26;PRIVADO HOLDING;SEDE;Av Professor Magalhães Neto, 1.752;11º andar;Pituba;SALVADOR;BA;BRASIL;41810012;71;36161013;71;36161016;aliancadiretoria@alba.com.br;DIRETOR DE RELAÇÕES COM INVESTIDORES;CLARISSA BARRETO MODAFFERI;2019-07-01;Av. Professor Magalhães Neto, 1.752;11º andar;Pituba;SALVADOR;BA;;41810012;71;36161012;;;aliancadiretoria@alba.com.br;54.276.936/0001-79;BDO RCS AUDITORES INDEPENDENTES - SOCIEDADE SIMPLES LIMITADA
01.938.783/0001-11;CIA DE PARTICIPAÇÕES ALIANÇA DA BAHIA;CIA. DE PARTICIPAÇÕES ALIANÇA DA BAHIA;2000-07-26;1997-05-14;;;ATIVO;2000-07-26;18708;Emp. Adm. Part. - Sem Setor Principal;BOLSA;Categoria A;2010-01-01;FASE OPERACIONAL;2000-07-26;PRIVADO HOLDING;SEDE;Av Professor Magalhães Neto, 1.752;11º andar;Pituba;SALVADOR;BA;BRASIL;41810012;71;36161013;71;36161016;aliancadiretoria@alba.com.br;DIRETOR DE RELAÇÕES COM INVESTIDORES;CLARISSA BARRETO MODAFFERI;2019-07-01;Av. Professor Magalhães Neto, 1.752;11º andar;Pituba;SALVADOR;BA;;41810012;71;36161012;;;aliancadiretoria@alba.com.br;54.276.936/0001-79;BDO RCS AUDITORES INDEPENDENTES - SOCIEDADE SIMPLES LIMITADA
07.047.251/0001-70;CIA ENERG CEARA - COELCE;CIA ENERG CEARA - COELCE;1995-06-13;1971-08-30;;;ATIVO;1995-06-13;14869;Energia Elétrica;BOLSA;Categoria A;2010-01-01;FASE OPERACIONAL;1995-06-13;PRIVADO;SEDE;Rua Padre Valdevino;150;Centro;FORTALEZA;CE;BRASIL;60135040;85;34534029;85;34534947;brasil.investorrelations@enel.com;DIRETOR DE RELAÇÕES COM INVESTIDORES;Francesco Tutoli;2024-07-26;Avenida das Nações Unidas, 14401, Conjunto 1 ao 4, Torre B1;17º ao 23º andar;Vila Gertrudes;SÃO PAULO;SP;;4794000;11;21957048;;;brasil.investorrelations@enel.com;07.326.840/0001-98;FORVIS MAZARS AUDITORES INDEPENDENTES - SOCIEDADE SIMPLES LTDA.
17.155.730/0001-64;CIA ENERG MINAS GERAIS - CEMIG;CEMIG;1971-06-30;1952-05-22;;;ATIVO;1971-06-30;2453;Energia Elétrica;BOLSA;Categoria A;2010-01-01;FASE OPERACIONAL;1971-06-30;ESTATAL;SEDE;Avenida Barbacena, 1200;16º / B1;Santo Agostinho;BELO HORIZONTE;MG;BRASIL;30190131;31;35065024;31;35065026;ri@cemig.com.br;DIRETOR DE RELAÇÕES COM INVESTIDORES;Andrea Marques de Almeida;2024-12-02;Avenida Barbacena;1200;Santo Agostinho;BELO HORIZONTE;MG;;30190131;31;35065024;;;ri@cemig.com.br;57.755.217/0001-29;KPMG AUDITORES INDEPENDENTES LTDA.
10.835.932/0001-08;CIA ENERGÉTICA DE PERNAMBUCO - CELPE;CELPE;1994-04-29;1965-02-10;;;ATIVO;1994-04-29;14362;Energia Elétrica;BOLSA;Categoria B;2022-11-01;FASE OPERACIONAL;1994-04-29;PRIVADO HOLDING;SEDE;Av. João de Barros;nº 111;Boa Vista;RECIFE;PE;BRASIL;50050902;21;32359824;21;32359876;ri@neoenergia.com;DIRETOR DE RELAÇÕES COM INVESTIDORES;Renato de Almeida Rocha;2021-08-18;Praia do Flamengo, 78;10º andar;Flamengo;RIO DE JANEIRO;RJ;;22210030;21;32359828;;;ri@neoenergia.com;49.928.567/0001-11;DELOITTE TOUCHE TOHMATSU AUDITORES INDEPENDENTES LTDA.
08.324.196/0001-81;CIA ENERGÉTICA DO RIO GRANDE DO NORTE;COSERN;1999-01-04;1961-12-14;;;ATIVO;1999-01-04;18139;Energia Elétrica;BOLSA;Categoria B;2024-08-29;FASE OPERACIONAL;1999-01-04;PRIVADO;SEDE;Rua Mermoz;Nº 150;Baldo;NATAL;RN;BRASIL;59025250;21;32359800;21;32359876;ri@neoenergia.com;DIRETOR DE RELAÇÕES COM INVESTIDORES;Renato de Almeida Rocha;2021-08-16;Praia do Flamengo, 78;10º andar;Flamengo;RIO DE JANEIRO;RJ;;22210030;21;32359828;;;ri@neoenergia.com;49.928.567/0001-11;DELOITTE TOUCHE TOHMATSU AUDITORES INDEPENDENTES LTDA.
33.352.394/0001-04;CIA ESTADUAL DE ÁGUAS E ESGOTOS - CEDAE;CEDAE;1997-07-28;1975-08-01;;;ATIVO;2010-10-20;16373;Saneamento, Serv. Água e Gás;BALCÃO ORGANIZADO;Categoria A;2010-01-01;FASE OPERACIONAL;1997-07-28;ESTATAL;SEDE;Avenida Presidente Vargas, 2655;6º andar;Cidade Nova;RIO DE JANEIRO;RJ;BRASIL;20210031;21;23323644;21;23323644;ri@cedae.com.br;DIRETOR DE RELAÇÕES COM INVESTIDORES;Rodrigo Luiz Resende Morales;2026-05-18;Avenida Presidente Vargas, 2655;6º andar;Cidade Nova;RIO DE JANEIRO;RJ;;20210030;21;25626590;;;ri@cedae.com.br;54.276.936/0001-79;BDO RCS AUDITORES INDEPENDENTES - SOCIEDADE SIMPLES LIMITADA
08.467.115/0001-00;CIA ESTADUAL DE DISTRIBUIÇÃO DE ENERGIA ELETRICA;CEEE-D;2007-04-17;2006-12-01;;;ATIVO;2007-04-17;20648;Energia Elétrica;BOLSA;Categoria A;2010-01-01;FASE OPERACIONAL;2007-04-17;ESTATAL;SEDE;Avenida Clovis Paim Grivot;11;Humaitá;PORTO ALEGRE;RS;BRASIL;90250020;61;34261000;;;ri@equatorialenergia.com.br;DIRETOR DE RELAÇÕES COM INVESTIDORES;Tatiana Queiroga Vasques;2025-02-17;SCS, Quadra 09, Lote C, Torre A, Parque Cidade Corporate;12º andar;Asa Sul;BRASÍLIA;DF;;70308200;61;34261000;;;ri@equatorialenergia.com.br;61.366.936/0001-25;ERNST & YOUNG AUDITORES INDEPENDENTES S/S LTDA.
15.141.799/0001-03;CIA FERRO LIGAS BAHIA FERBASA;FERBASA;1961-02-28;1961-02-23;;;ATIVO;1961-02-28;3069;Metalurgia e Siderurgia;BOLSA;Categoria A;2010-01-01;FASE OPERACIONAL;1961-02-28;PRIVADO;SEDE;Estrada de Santiago, s/n,;Sede;Santiago;POJUCA;BA;BRASIL;48120000;71;36458706;71;36451317;dri@ferbasa.com.br;DIRETOR DE RELAÇÕES COM INVESTIDORES;Silvano de Souza Andrade;2026-04-20;Rua Ewerton Visco, 290, Edf. Boulevard Side Empresarial;27 andar;Caminho das Árvores;SALVADOR;BA;;41820022;71;34043023;;;dri@ferbasa.com.br;61.562.112/0001-20;PRICEWATERHOUSECOOPERS AUDITORES INDEPENDENTES LTDA.
04.172.213/0001-51;CIA PIRATININGA DE FORÇA E LUZ;CPFL - PIRATININGA;2002-04-18;2000-12-01;;;ATIVO;2002-04-18;19275;Energia Elétrica;BALCÃO ORGANIZADO;Categoria B;2010-01-01;FASE OPERACIONAL;2002-04-18;PRIVADO;SEDE;Rua Jorge de Figueiredo Correa, nº 1.632;(parte);Jd. Profª Tarcilia;CAMPINAS;SP;BRASIL;13087397;19;37566083;;;ri@cpfl.com.br;DIRETOR DE RELAÇÕES COM INVESTIDORES;Mingzhi Han;2024-08-08;Rua Jorge de Figueiredo Correa, nº 1.632;(parte);Jd. Profª Tarcilia;CAMPINAS;SP;;13087397;19;37568458;;;ri@cpfl.com.br;61.562.112/0001-20;PRICEWATERHOUSECOOPERS AUDITORES INDEPENDENTES LTDA.
92.802.784/0001-90;CIA RIOGRANDENSE DE SANEAMENTO;CORSAN;1997-12-19;1965-12-21;;;ATIVO;1997-12-19;16748;Saneamento, Serv. Água e Gás;BALCÃO ORGANIZADO;Categoria B;2010-01-01;FASE OPERACIONAL;1997-12-19;ESTATAL;SEDE;Rua Caldas Júnior, nº 120;18º Andar;Centro;PORTO ALEGRE;RS;BRASIL;90010260;51;32155600;51;32155695;ri@corsan.com.br;DIRETOR DE RELAÇÕES COM INVESTIDORES;Bruno Queiroz Jatene;2024-10-01;Rua Caldas Júnior, n° 120;18°andar;Centro;PORTO ALEGRE;;;90010260;51;32155671;;;ri@corsan.com.br;57.755.217/0001-29;KPMG AUDITORES INDEPENDENTES LTDA.
43.776.517/0001-80;CIA SANEAMENTO BÁSICO ESTADO SÃO PAULO;SABESP;1994-06-27;1973-09-06;;;ATIVO;1994-06-27;14443;Saneamento, Serv. Água e Gás;BALCÃO ORGANIZADO;Categoria A;2010-01-01;FASE OPERACIONAL;1994-06-27;ESTATAL;SEDE;Rua Costa Carvalho, nº 300;Diretoria F;Pinheiros;SÃO PAULO;SP;BRASIL;5429900;11;33888110;11;38130254;dri@sabesp.com.br;DIRETOR DE RELAÇÕES COM INVESTIDORES;DANIEL SZLAK;2024-10-01;Rua Costa Carvalho, 300;Diretoria F;Pinheiros;SÃO PAULO;SP;;5429900;11;33888110;;;dri@sabesp.com.br;61.366.936/0001-25;ERNST & YOUNG AUDITORES INDEPENDENTES S/S LTDA.
43.776.517/0001-80;CIA SANEAMENTO BÁSICO ESTADO SÃO PAULO;SABESP;1994-06-27;1973-09-06;;;ATIVO;1994-06-27;14443;Saneamento, Serv. Água e Gás;BOLSA;Categoria A;2010-01-01;FASE OPERACIONAL;1994-06-27;ESTATAL;SEDE;Rua Costa Carvalho, nº 300;Diretoria F;Pinheiros;SÃO PAULO;SP;BRASIL;5429900;11;33888110;11;38130254;dri@sabesp.com.br;DIRETOR DE RELAÇÕES COM INVESTIDORES;DANIEL SZLAK;2024-10-01;Rua Costa Carvalho, 300;Diretoria F;Pinheiros;SÃO PAULO;SP;;5429900;11;33888110;;;dri@sabesp.com.br;61.366.936/0001-25;ERNST & YOUNG AUDITORES INDEPENDENTES S/S LTDA.
35.522.178/0001-87;CIA SECURITIZADORA DE CRED. FIN. CARTÕES CONSIGNADOS II;CIA SECURITIZADORA DE CRED. FIN. CARTÕES CONSIGNADOS II;2021-07-29;2019-09-16;;;ATIVO;2021-07-29;26107;Securitização de Recebíveis;BALCÃO ORGANIZADO;Categoria B;2021-07-29;FASE OPERACIONAL;2021-05-10;PRIVADO;SEDE;Rua Cardeal Arcoverde, nº 2365;11º andar;Pinheiros;SÃO PAULO;SP;BRASIL;5407003;11;33851800;;;dri_consignados2@vert-capital.com;DIRETOR DE RELAÇÕES COM INVESTIDORES;Victoria de Sá;2021-02-26;Rua Cardeal Arcoverde 2365;7 andar;Pinheiros;SÃO PAULO;SP;;5407003;11;33851800;;;dri_consignados2@vert-capital.com;10.830.108/0001-65;GRANT THORNTON AUDITORES INDEPENDENTES LTDA.
33.042.730/0001-04;CIA SIDERURGICA NACIONAL;CSN;1943-02-26;1941-04-09;;;ATIVO;1943-02-26;4030;Metalurgia e Siderurgia;BALCÃO ORGANIZADO;Categoria A;2010-01-01;FASE OPERACIONAL;1943-02-26;PRIVADO;SEDE;Av. Brigadeiro Faria Lima, 3400;19º andar;Itaim Bibi;SÃO PAULO;SP;BRASIL;4538132;11;30497238;11;30497212;invrel@csn.com.br;DIRETOR DE RELAÇÕES COM INVESTIDORES;ANTONIO MARCO CAMPOS RABELLO;2024-03-18;Avenida Brigadeiro Faria Lima, 3400;20º andar;Itaim Bibi;SÃO PAULO;SP;;4538132;11;30497238;;;invrel@csn.com.br;07.326.840/0001-98;FORVIS MAZARS AUDITORES INDEPENDENTES - SOCIEDADE SIMPLES LTDA.
33.042.730/0001-04;CIA SIDERURGICA NACIONAL;CSN;1943-02-26;1941-04-09;;;ATIVO;1943-02-26;4030;Metalurgia e Siderurgia;BOLSA;Categoria A;2010-01-01;FASE OPERACIONAL;1943-02-26;PRIVADO;SEDE;Av. Brigadeiro Faria Lima, 3400;19º andar;Itaim Bibi;SÃO PAULO;SP;BRASIL;4538132;11;30497238;11;30497212;invrel@csn.com.br;DIRETOR DE RELAÇÕES COM INVESTIDORES;ANTONIO MARCO CAMPOS RABELLO;2024-03-18;Avenida Brigadeiro Faria Lima, 3400;20º andar;Itaim Bibi;SÃO PAULO;SP;;4538132;11;30497238;;;invrel@csn.com.br;07.326.840/0001-98;FORVIS MAZARS AUDITORES INDEPENDENTES - SOCIEDADE SIMPLES LTDA.
76.484.013/0001-45;CIA. DE SANEAMENTO DO PARANÁ - SANEPAR;SANEPAR;2000-03-10;1963-01-23;;;ATIVO;2000-03-10;18627;Saneamento, Serv. Água e Gás;BOLSA;Categoria A;2010-01-01;FASE OPERACIONAL;2000-03-10;ESTATAL;SEDE;Rua Engenheiros Rebouças, 1376;;Rebouças;CURITIBA;PR;BRASIL;80215900;41;33303929;;;ri@sanepar.com.br;DIRETOR DE RELAÇÕES COM INVESTIDORES;ABEL DEMETRIO;2019-01-31;ENGENHEIROS REBOUÇAS 1376;;REBOUÇAS;CURITIBA;PR;;80215900;41;33303929;;;ri@sanepar.com.br;10.830.108/0001-65;GRANT THORNTON AUDITORES INDEPENDENTES LTDA.
33.938.119/0001-69;CIA. DISTRIB. DE GÁS DO RIO DE JANEIRO;CEG;1997-11-17;1969-05-28;;;ATIVO;1997-11-17;16616;Saneamento, Serv. Água e Gás;BOLSA;Categoria A;2010-01-01;FASE OPERACIONAL;1997-11-17;PRIVADO;SEDE;Av. das Américas, n° 4200, Bloco 6;Salas 101 a 601;Barra da Tijuca;RIO DE JANEIRO;RJ;BRASIL;22640907;021;31156565;21;31156565;;DIRETOR DE RELAÇÕES COM INVESTIDORES;MARCIO GOMES VARGAS;2020-03-26;Av. das Américas, n° 4200, Bloco 6;Salas 101 a 601;Barra da Tijuca;RIO DE JANEIRO;RJ;;22640907;21;31156565;;;vargas@naturgy.com;61.366.936/0001-25;ERNST & YOUNG AUDITORES INDEPENDENTES S/S LTDA.
01.027.058/0001-91;CIELO S.A. - INSTITUIÇÃO DE PAGAMENTO;CIELO S.A. - INSTITUIÇÃO DE PAGAMENTO;2009-06-25;1995-11-23;;;ATIVO;2009-06-25;21733;Intermediação Financeira;BOLSA;Categoria B;2024-08-26;FASE OPERACIONAL;2009-06-25;PRIVADO;SEDE;Alameda Xingu;512;Alphaville;BARUERI;SP;BRASIL;6455030;11;21847600;11;21847799;ri@cielo.com.br;DIRETOR DE RELAÇÕES COM INVESTIDORES;Filipe Augusto dos Santos Oliveira;2022-05-23;Alameda Xingu, 512;;Alphaville;BARUERI;SP;;6455030;11;21847814;;;ri@cielo.com.br;57.755.217/0001-29;KPMG AUDITORES INDEPENDENTES LTDA.
07.043.628/0001-13;CLARO TELECOM PARTICIPAÇÕES S.A.;CLARO TELECOM PARTICIPAÇÕES S.A.;2014-12-05;2004-09-27;;;ATIVO;2014-12-05;23531;Emp. Adm. Part. - Telecomunicações;;Categoria A;2014-12-05;FASE OPERACIONAL;2014-08-07;PRIVADO;SEDE;Rua Henri Dunant, nº 780;Torre B - 2º andar;Santo Amaro;SÃO PAULO;SP;BRASIL;4709110;21;21216474;21;21216388;presidencia@claro.com.br;DIRETOR DE RELAÇÕES COM INVESTIDORES;Roberto Catalão Cardoso;2015-06-01;Avenida Presidente Vargas, nº 1012;11º andar;Centro;RIO DE JANEIRO;RJ;;20071910;11;43132019;;;invest@claro.com.br;49.928.567/0001-11;DELOITTE TOUCHE TOHMATSU AUDITORES INDEPENDENTES LTDA.
43.514.079/0001-81;CLI SUL S.A.;CLI SUL S.A.;2023-07-19;2021-09-14;;;ATIVO;2023-07-19;27243;Serviços Transporte e Logística;;Categoria B;2023-05-10;FASE OPERACIONAL;2023-05-10;PRIVADO;SEDE;Avenida das Nações Unidas, nº 10989;Conjunto 142;Brooklin Paulista;SÃO PAULO;SP;BRASIL;4578900;98;33135150;;;ri@cli-br.com;DIRETOR DE RELAÇÕES COM INVESTIDORES;Sr. Carlos Gabriel Pradela Exposito Motta;2023-05-10;Avenida das Nações Unidas, nº 10989;Conjunto 142;Brooklin Paulista;SÃO PAULO;SP;;4578900;98;33135150;;;ri@cli-br.com;49.928.567/0001-11;DELOITTE TOUCHE TOHMATSU AUDITORES INDEPENDENTES LTDA.
12.420.164/0001-57;CM HOSPITALAR S.A;CM HOSPITALAR S.A;2021-04-14;2010-08-09;;;ATIVO;2021-04-14;25682;Comércio (Atacado e Varejo);BALCÃO ORGANIZADO;Categoria A;2021-04-14;FASE OPERACIONAL;2021-02-03;PRIVADO;SEDE;RUA MIRYAN STRAMBI, Nº 915;;RECREIO ANHANGUERA;RIBEIRÃO PRETO;SP;;14097052;11;21028081;;;;DIRETOR DE RELAÇÕES COM INVESTIDORES;FLÁVIA CARVALHO;2022-05-02;Av. Alfredo Egídio de Souza Aranha, 100;3o andar;Vila Cruzeiro;SÃO PAULO;SP;;4726170;11;21028000;;;ri@viveo.com.br;49.928.567/0001-11;DELOITTE TOUCHE TOHMATSU AUDITORES INDEPENDENTES LTDA.
61.080.313/0001-91;COBRASMA SA;COBRASMA S/A;1979-12-12;1944-09-19;;;ATIVO;1979-12-12;4448;Máquinas, Equipamentos, Veículos e Peças;;Categoria A;2010-01-01;FASE OPERACIONAL;1979-12-12;PRIVADO;SEDE;Rua Professor Luis Eulalio de Bueno Vidigal 131;;Centro;OSASCO;SP;BRASIL;6093085;11;36821700;11;46238425;marcia.bvrb@terra.com.br;DIRETOR DE RELAÇÕES COM INVESTIDORES;Luis Eulalio de Bueno Vidigal Filho;2008-04-28;Rua Professor Luis Eulalio de Bueno Vidigal 131;;Centro;;SP;;6093085;11;50709333;;;marcia.bvrb@terra.com.br;54.933.015/0001-31;IRMÃOS CAMPOS & CERBONCINI AUDITORES ASSOCIADOS
02.800.026/0001-40;COGNA EDUCAÇÃO S.A.;KROTON EDUCACIONAL S.A.;1998-12-01;1998-08-26;;;ATIVO;1998-12-01;17973;Emp. Adm. Part. - Educação;BOLSA;Categoria A;2010-01-01;FASE OPERACIONAL;2002-12-31;PRIVADO;SEDE;Rua dos Guajajaras, nº 591;4º andar, sala 1;Lourdes;BELO HORIZONTE;MG;BRASIL;30180101;31;21260700;31;32974983;dri@cogna.com.br;DIRETOR DE RELAÇÕES COM INVESTIDORES;Frederico da Cunha Villa;2023-04-13;Avenida Paulista, 901;2 andar;Bela Vista;SÃO PAULO;SP;;1310100;11;31337309;;;dri@cogna.com.br;61.562.112/0001-20;PRICEWATERHOUSECOOPERS AUDITORES INDEPENDENTES LTDA.
25.369.840/0001-57;COMERC ENERGIA S.A.;COMERC ENERGIA S.A.;2021-10-08;2016-07-15;;;ATIVO;2021-10-08;26280;Energia Elétrica;;Categoria A;2021-10-08;FASE OPERACIONAL;2021-08-16;PRIVADO;SEDE;Rua Surubim, 550;2 andar;Cidade Monções;SÃO PAULO;SP;BRASIL;4571050;11;35083688;;;ri@comerc.com.br;DIRETOR DE RELAÇÕES COM INVESTIDORES;BRUNO DE ARAUJO SOARES;2025-01-16;Avenida Juscelino Kubitschek, 1.909 - 21° andar;sala 05, torre norte;Vila Nova Conceição;SÃO PAULO;;;4543907;11;35083688;;;ri@comerc.com.br;57.755.217/0001-29;KPMG AUDITORES INDEPENDENTES LTDA.
60.730.348/0001-66;COMPANHIA  MELHORAMENTOS DE SÃO PAULO;MELHORAMENTOS;1977-07-20;1967-11-30;;;ATIVO;1977-07-20;3654;Papel e Celulose;BOLSA;Categoria A;2010-01-01;FASE OPERACIONAL;1977-07-20;PRIVADO;SEDE;Rua Tito;479;Vila Romana;SÃO PAULO;SP;BRASIL;5051000;11;38740662;11;38740504;ri@melhoramentos.com.br;DIRETOR DE RELAÇÕES COM INVESTIDORES;Rafael Gibini;2020-05-15;Rua Tito;479;Vila Romana;SÃO PAULO;SP;;5051000;11;38740501;;;ri@melhoramentos.com.br;10.830.108/0001-65;GRANT THORNTON AUDITORES INDEPENDENTES LTDA.
61.409.892/0001-73;COMPANHIA BRASILEIRA DE ALUMINIO;;2021-07-13;1941-12-12;;;ATIVO;2021-07-13;25984;Extração Mineral;BOLSA;Categoria A;2021-07-13;FASE OPERACIONAL;2021-05-17;PRIVADO;SEDE;Avenida Engenheiro Luiz Carlos Berrini, nº 105;14 parte, cj. 141;Cidade Monções;SÃO PAULO;SP;BRASIL;4571900;11;55086934;;;ir@cba.com.br;DIRETOR DE RELAÇÕES COM INVESTIDORES;Camila Abel Correia da Silva;2025-11-26;Avenida Engenheiro Luiz Carlos Berrini, nº 105, 14ª, parte;conjunto 141;Cidade Monções;SÃO PAULO;SP;;4571900;11;55086934;;;ir@cba.com.br;61.562.112/0001-20;PRICEWATERHOUSECOOPERS AUDITORES INDEPENDENTES LTDA.
47.508.411/0001-56;COMPANHIA BRASILEIRA DE DISTRIBUIÇÃO;PÃO DE AÇÚCAR;1995-04-04;1981-11-11;;;ATIVO;1995-04-04;14826;Comércio (Atacado e Varejo);BALCÃO ORGANIZADO;Categoria A;2010-01-01;FASE OPERACIONAL;1995-04-04;PRIVADO;SEDE;Avenida Brigadeiro Luís Antônio, 3142;-;Jardim Paulista;SÃO PAULO;SP;BRASIL;1402901;11;38860024;11;38842677;gpa.ri@gpabr.com;DIRETOR DE RELAÇÕES COM INVESTIDORES;Pedro Vieira Lima de Albuquerque;2026-03-04;Avenida Brigadeiro Luis Antônio, 3142;;Jardim Paulista;SÃO PAULO;SP;;1402000;11;38860024;;;gpa.ri@gpabr.com;61.366.936/0001-25;ERNST & YOUNG AUDITORES INDEPENDENTES S/S LTDA.
47.508.411/0001-56;COMPANHIA BRASILEIRA DE DISTRIBUIÇÃO;PÃO DE AÇÚCAR;1995-04-04;1981-11-11;;;ATIVO;1995-04-04;14826;Comércio (Atacado e Varejo);BOLSA;Categoria A;2010-01-01;FASE OPERACIONAL;1995-04-04;PRIVADO;SEDE;Avenida Brigadeiro Luís Antônio, 3142;-;Jardim Paulista;SÃO PAULO;SP;BRASIL;1402901;11;38860024;11;38842677;gpa.ri@gpabr.com;DIRETOR DE RELAÇÕES COM INVESTIDORES;Pedro Vieira Lima de Albuquerque;2026-03-04;Avenida Brigadeiro Luis Antônio, 3142;;Jardim Paulista;SÃO PAULO;SP;;1402000;11;38860024;;;gpa.ri@gpabr.com;61.366.936/0001-25;ERNST & YOUNG AUDITORES INDEPENDENTES S/S LTDA.
06.267.630/0001-03;COMPANHIA BRASILEIRA DE EDUCAÇÃO E SISTEMA DE ENSINO S.A.;COMPANHIA BRASILEIRA DE EDUCAÇÃO E SISTEMA DE ENSINO S.A.;2026-02-20;2004-05-13;;;ATIVO;2026-02-20;28002;Educação;BALCÃO ORGANIZADO;Categoria B;2025-12-16;FASE OPERACIONAL;2025-12-16;PRIVADO;SEDE;Avenida Engenheiro Santana Júnior, nº 3.333;;Cocó;FORTALEZA;CE;BRASIL;60192205;85;30338274;;;ir@arcoeducacao.com.br;DIRETOR DE RELAÇÕES COM INVESTIDORES;Arieh Levin;2025-12-15;Rua Augusta, nº 2.840, 16º andar, conjunto 161;;Cerqueira César;SÃO PAULO;SP;;1412100;85;30338274;;;ir@arcoeducacao.com.br;61.366.936/0001-25;ERNST & YOUNG AUDITORES INDEPENDENTES S/S LTDA.
08.560.444/0001-93;COMPANHIA CELG DE PARTICIPAÇÕES - CELGPAR;CELGPAR;2008-03-14;2006-12-04;;;ATIVO;2008-03-14;21393;Emp. Adm. Part. - Energia Elétrica;BOLSA;Categoria A;2010-01-01;FASE OPERACIONAL;2008-03-14;ESTATAL HOLDING;SEDE;Rua 88-A, Quadra F-37, Lote 13, nº 116, CEP 74085-020;;Setor Sul;GOIÂNIA;GO;BRASIL;74805080;62;34145910;;;relacoescominvestidores@celgpar.com;DIRETOR DE RELAÇÕES COM INVESTIDORES;Bruno Batista Silva;2026-04-01;Rua T 51 978 Apartamento 2101 Torre A;Resid La Musique;Setor Bueno;GOIÂNIA;;;74215210;62;948095434;;;relacoescominvestidores@celgpar.com;03.061.922/0001-05;CONVICTA AUDITORES INDEPENDENTES S/S LTDA.
07.040.108/0001-57;COMPANHIA DE ÁGUA E ESGOTO DO CEARÁ  - CAGECE;CAGECE;2000-01-19;1971-07-21;;;ATIVO;2000-01-19;18546;Saneamento, Serv. Água e Gás;BALCÃO ORGANIZADO;Categoria A;2010-01-01;FASE OPERACIONAL;2000-01-19;ESTATAL;SEDE;AV. LAURO VIEIRA CHAVES;1030;VILA UNIAO;FORTALEZA;CE;BRASIL;60422901;85;31011809;85;31011822;ri@cagece.com.br;DIRETOR DE RELAÇÕES COM INVESTIDORES;DARIO SIDRIM PERINI;2015-03-05;Av. Lauro Vieira Chaves, 1030;;Vila União;FORTALEZA;CE;;60422901;85;31337455;;;ri@cagece.com.br;13.098.174/0001-80;RUSSELL BEDFORD GM AUDITORES INDEPENDENTES S/S
17.245.234/0001-00;COMPANHIA DE FIACAO E TECIDOS CEDRO E CACHOEIRA;CIA. DE FIAÇÃO E TECIDOS CEDRO CACHOEIRA;1969-08-11;1883-04-02;;;ATIVO;1969-08-11;3077;Têxtil e Vestuário;BOLSA;Categoria A;2010-01-01;FASE OPERACIONAL;1969-08-11;PRIVADO;SEDE;Rua Paraíba, 330;9º Andar;Funcionários;BELO HORIZONTE;MG;BRASIL;30130917;31;32355224;31;32355033;ri@cedro.ind.br;DIRETOR DE RELAÇÕES COM INVESTIDORES;Fábio Mascarenhas Alves;2023-01-01;Rua Paraíba, 330;9º Andar;Funcionários;BELO HORIZONTE;MG;;30130917;31;32355222;;;fabio@cedro.com.br;10.830.108/0001-65;GRANT THORNTON AUDITORES INDEPENDENTES LTDA.
22.261.473/0001-85;COMPANHIA DE GÁS DE MINAS GERAIS - GASMIG;;2020-10-06;1986-07-15;;;ATIVO;2020-10-06;25178;Saneamento, Serv. Água e Gás;;Categoria B;2020-10-06;FASE OPERACIONAL;2020-03-30;ESTATAL;SEDE;Avenida Barbacena, 1200;7o andar;Santo Agostinho;BELO HORIZONTE;MG;BRASIL;30190131;31;32651000;031;32912015;ri@gasmig.com.br;DIRETOR DE RELAÇÕES COM INVESTIDORES;RONALDE XAVIER MOREIRA JUNIOR;2024-11-26;Avenida Barbacena, 1200;7º andar;Santo Agostinho;BELO HORIZONTE;;;30190131;31;32651000;;;ri@gasmig.com.br;57.755.217/0001-29;KPMG AUDITORES INDEPENDENTES LTDA.
61.856.571/0001-17;COMPANHIA DE GÁS DE SÃO PAULO - COMGÁS;COMPANHIA DE GÁS DE SÃO PAULO - COMGÁS;1996-07-03;1968-11-11;;;ATIVO;1996-07-03;15636;Emp. Adm. Part. - Saneamento, Serv. Água e Gás;BALCÃO NÃO ORGANIZADO;Categoria A;2010-01-01;FASE OPERACIONAL;1996-07-03;PRIVADO;SEDE;Avenida Brigadeiro Faria Lima, 3732;27º andar;Itaim Bibi;SÃO PAULO;SP;BRASIL;4538132;11;45045065;011;45045257;investidores@comgas.com.br;DIRETOR DE RELAÇÕES COM INVESTIDORES;Thiago da Fonseca Rodrigues;2026-03-23;Avenida Brigadeiro Faria Lima, 3732;27º andar;Itaim Bibi;SÃO PAULO;;;4538132;11;45045065;;;investidores@comgas.com.br;61.562.112/0001-20;PRICEWATERHOUSECOOPERS AUDITORES INDEPENDENTES LTDA.
61.856.571/0001-17;COMPANHIA DE GÁS DE SÃO PAULO - COMGÁS;COMPANHIA DE GÁS DE SÃO PAULO - COMGÁS;1996-07-03;1968-11-11;;;ATIVO;1996-07-03;15636;Emp. Adm. Part. - Saneamento, Serv. Água e Gás;BOLSA;Categoria A;2010-01-01;FASE OPERACIONAL;1996-07-03;PRIVADO;SEDE;Avenida Brigadeiro Faria Lima, 3732;27º andar;Itaim Bibi;SÃO PAULO;SP;BRASIL;4538132;11;45045065;011;45045257;investidores@comgas.com.br;DIRETOR DE RELAÇÕES COM INVESTIDORES;Thiago da Fonseca Rodrigues;2026-03-23;Avenida Brigadeiro Faria Lima, 3732;27º andar;Itaim Bibi;SÃO PAULO;;;4538132;11;45045065;;;investidores@comgas.com.br;61.562.112/0001-20;PRICEWATERHOUSECOOPERS AUDITORES INDEPENDENTES LTDA.
17.281.106/0001-03;COMPANHIA DE SANEAMENTO DE MINAS GERAIS;COPASA MG;2003-09-17;1963-07-05;;;ATIVO;2003-09-17;19445;Saneamento, Serv. Água e Gás;BALCÃO ORGANIZADO;Categoria A;2010-01-01;FASE OPERACIONAL;2003-09-17;ESTATAL;SEDE;Rua Mar de Espanha;525;Bairro Santo Antonio;BELO HORIZONTE;MG;BRASIL;30330900;31;32502015;31;32501604;ri@copasa.com.br;DIRETOR DE RELAÇÕES COM INVESTIDORES;Adriano Rudek de Moura;2025-02-24;Rua Mar de Espanha;525;Santo Antônio;BELO HORIZONTE;MG;;30330900;31;32502015;;;ri@copasa.com.br;10.830.108/0001-65;GRANT THORNTON AUDITORES INDEPENDENTES LTDA.
17.281.106/0001-03;COMPANHIA DE SANEAMENTO DE MINAS GERAIS;COPASA MG;2003-09-17;1963-07-05;;;ATIVO;2003-09-17;19445;Saneamento, Serv. Água e Gás;BOLSA;Categoria A;2010-01-01;FASE OPERACIONAL;2003-09-17;ESTATAL;SEDE;Rua Mar de Espanha;525;Bairro Santo Antonio;BELO HORIZONTE;MG;BRASIL;30330900;31;32502015;31;32501604;ri@copasa.com.br;DIRETOR DE RELAÇÕES COM INVESTIDORES;Adriano Rudek de Moura;2025-02-24;Rua Mar de Espanha;525;Santo Antônio;BELO HORIZONTE;MG;;30330900;31;32502015;;;ri@copasa.com.br;10.830.108/0001-65;GRANT THORNTON AUDITORES INDEPENDENTES LTDA.
62.070.362/0001-06;COMPANHIA DO METROPOLITANO DE SÃO PAULO - METRÔ;COMPANHIA DO METROPOLITANO DE SÃO PAULO - METRÔ;2023-01-06;1968-04-24;;;ATIVO;2023-01-06;27065;Serviços Transporte e Logística;BALCÃO ORGANIZADO;Categoria B;2022-08-26;FASE OPERACIONAL;2022-08-26;ESTATAL;SEDE;Rua Boa Vista, 175;Bloco B;Centro;SÃO PAULO;SP;BRASIL;1014920;11;32912850;;;metrosp.docdigital@metrosp.com.br;DIRETOR DE RELAÇÕES COM INVESTIDORES;Paulo Menezes Figueiredo;2022-08-12;Rua Joaquim Távora, 974;131;Vila Mariana;SÃO PAULO;SP;;4015012;11;32912882;;;rimetrosp@metrosp.com.br;54.276.936/0001-79;BDO RCS AUDITORES INDEPENDENTES - SOCIEDADE SIMPLES LIMITADA
00.070.698/0001-11;COMPANHIA ENERGÉTICA DE BRASÍLIA - CEB;CEB - COMPANHIA ENERGÉTICA DE BRASÍLIA;1994-07-04;1968-12-16;;;ATIVO;1994-07-04;14451;Energia Elétrica;BOLSA;Categoria A;2010-01-01;FASE OPERACIONAL;1994-07-04;ESTATAL;SEDE;SGAN Quadra 601, Bloco H, Salas 2010 a 2023;Edifício ÍON;Asa Norte;BRASÍLIA;DF;BRASIL;70830010;61;34659300;61;34652007;ri@ceb.com.br;DIRETOR DE RELAÇÕES COM INVESTIDORES;IVAN CARLOS FERREIRA LIMA;2026-05-11;SGAN 601 MÓDULO H SALAS 2010 A 2023;;ASA NORTE;BRASÍLIA;DF;;70830010;61;37741022;;;ri@ceb.com.br;54.276.936/0001-79;BDO RCS AUDITORES INDEPENDENTES - SOCIEDADE SIMPLES LIMITADA
28.925.264/0001-75;COMPANHIA ENERGÉTICA JAGUARA;COMPANHIA ENERGÉTICA JAGUARA;2018-04-27;2017-10-09;;;ATIVO;2018-04-27;24422;Energia Elétrica;BALCÃO ORGANIZADO;Categoria B;2018-04-27;FASE OPERACIONAL;2018-02-15;PRIVADO;SEDE;Rua Paschoal Apóstolo Pítsica, 5064;;Agronômica;FLORIANÓPOLIS;SC;BRASIL;88025255;48;32217246;48;32217253;ri.brenergia@engie.com;DIRETOR DE RELAÇÕES COM INVESTIDORES;Romary dos Anjos Silva;2023-10-25;Rua Paschoal Apóstolo Pítsica, 5064;;Agronômica;FLORIANÓPOLIS;;;88025255;48;32217246;;;ri.brenergia@engie.com;57.755.217/0001-29;KPMG AUDITORES INDEPENDENTES LTDA.
28.942.127/0001-49;COMPANHIA ENERGÉTICA MIRANDA;COMPANHIA ENERGÉTICA MIRANDA;2018-04-27;2017-10-09;;;ATIVO;2018-04-27;24430;Energia Elétrica;BALCÃO ORGANIZADO;Categoria B;2018-04-27;FASE OPERACIONAL;2018-02-19;PRIVADO;SEDE;Rua Paschoal Apóstolo Pítsica, 5064;;Agronômica;FLORIANÓPOLIS;SC;BRASIL;88025255;48;32217246;48;32217253;ri.brenergia@engie.com;DIRETOR DE RELAÇÕES COM INVESTIDORES;Romary dos Anjos Silva;2023-10-25;Rua Paschoal Apóstolo Pítsica, 5064;;Agronômica;FLORIANÓPOLIS;;;88025255;48;32217246;;;ri.brenergia@engie.com;57.755.217/0001-29;KPMG AUDITORES INDEPENDENTES LTDA.
19.527.586/0001-75;COMPANHIA ENERGÉTICA SINOP S.A.;COMPANHIA ENERGÉTICA SINOP S.A.;2017-06-22;2013-10-28;;;ATIVO;2017-06-22;24155;Energia Elétrica;BALCÃO ORGANIZADO;Categoria B;2017-06-22;FASE OPERACIONAL;2017-06-22;PRIVADO;SEDE;Avenida dos Flamboyants, 684;;Jardim Botânico;SINOP;MT;BRASIL;78556024;66;35209500;66;35209500;ri@sinopenergia.com.br;DIRETOR DE RELAÇÕES COM INVESTIDORES;Sergio Carvalho Aguiar;2023-08-22;Avenida dos Flamboyants, 684;;Jardim Botânico;SINOP;MT;;78556024;66;35209500;;;ri@sinopenergia.com.br;61.562.112/0001-20;PRICEWATERHOUSECOOPERS AUDITORES INDEPENDENTES LTDA.
39.881.421/0001-04;COMPANHIA ESTADUAL DE GERAÇÃO DE ENERGIA ELÉTRICA - CEEE-G;CIA ESTADUAL DE GERAÇÃO DE ENERGIA ELÉTRICA - CEEE-G;2023-03-30;2020-10-13;;;ATIVO;2023-03-30;27154;Energia Elétrica;;Categoria B;2024-01-25;FASE OPERACIONAL;2022-11-25;PRIVADO;SEDE;AVENIDA CARLOS GOMES, Nº 222;SALA A;BOA VISTA;PORTO ALEGRE;RS;;90480000;11;30497238;;;;DIRETOR DE RELAÇÕES COM INVESTIDORES;Pedro Barros Mercadante Oliva;2025-08-08;Avenida Brigadeiro Faria Lima, 3400;19/20 andar;Itaim Bibi;SÃO PAULO;;;4538132;11;30497585;;;invrel@csn.com.br;07.326.840/0001-98;FORVIS MAZARS AUDITORES INDEPENDENTES - SOCIEDADE SIMPLES LTDA.
19.526.748/0001-50;COMPANHIA INDUSTRIAL CATAGUASES;COMPANHIA INDUSTRIAL CATAGUASES;1973-12-19;1936-11-12;;;ATIVO;1973-12-19;3395;Têxtil e Vestuário;;Categoria A;2010-01-01;FASE OPERACIONAL;1973-12-19;PRIVADO;SEDE;Praça José Inácio Peixoto;28;Vila Tereza;CATAGUASES;MG;BRASIL;36772010;32;34222211;32;34211382;philiper@cataguases.com.br;DIRETOR DE RELAÇÕES COM INVESTIDORES;José Júlio Lamas Vidueiros;2022-11-10;Praça José Inácio Peixoto, 28;;Vila Tereza;CATAGUASES;MG;;36772010;32;34222211;;;julio@cataguases.com.br;10.830.108/0001-65;GRANT THORNTON AUDITORES INDEPENDENTES LTDA.
21.254.073/0001-80;COMPANHIA ITAUNENSE ENERGIA E PARTICIPAÇÕES;INDL ITAUNENSE;1969-04-02;1911-05-01;;;ATIVO;2017-11-23;3450;Emp. Adm. Part. - Energia Elétrica;;Categoria A;2010-01-01;FASE OPERACIONAL;2014-05-03;PRIVADO;SEDE;Rua João Cerqueira Lima;133;Centro;ITAÚNA;MG;BRASIL;35680063;37;32421242;31;32819827;companhiaitaunense@gmail.com;DIRETOR DE RELAÇÕES COM INVESTIDORES;Tonny Salera Primeiro;2022-12-01;Rua João Cerqueira Lima, 133;;centro;ITAÚNA;MG;;35680063;37;32421242;;;companhiaitaunense@gmail.com;16.549.480/0001-84;RSM BRASIL AUDITORES INDEPENDENTES LTDA.
76.483.817/0001-20;COMPANHIA PARANAENSE DE ENERGIA COPEL;COPEL;1994-04-04;1954-10-26;;;ATIVO;1994-04-04;14311;Energia Elétrica;BALCÃO NÃO ORGANIZADO;Categoria A;2010-01-01;FASE OPERACIONAL;1994-04-04;ESTATAL HOLDING;SEDE;Rua José Izidoro Biazetto, nº 158;Bloco A;Mossunguê;CURITIBA;PR;BRASIL;81200240;41;33314011;41;33312849;ri@copel.com;DIRETOR DE RELAÇÕES COM INVESTIDORES;Felipe Gutterres Ramella;2024-07-01;Rua José Izidoro Biazetto, 158;Bloco A;Mossunguê;CURITIBA;PR;;81200240;41;33314141;;;ri@copel.com;61.562.112/0001-20;PRICEWATERHOUSECOOPERS AUDITORES INDEPENDENTES LTDA.
76.483.817/0001-20;COMPANHIA PARANAENSE DE ENERGIA COPEL;COPEL;1994-04-04;1954-10-26;;;ATIVO;1994-04-04;14311;Energia Elétrica;BOLSA;Categoria A;2010-01-01;FASE OPERACIONAL;1994-04-04;ESTATAL HOLDING;SEDE;Rua José Izidoro Biazetto, nº 158;Bloco A;Mossunguê;CURITIBA;PR;BRASIL;81200240;41;33314011;41;33312849;ri@copel.com;DIRETOR DE RELAÇÕES COM INVESTIDORES;Felipe Gutterres Ramella;2024-07-01;Rua José Izidoro Biazetto, 158;Bloco A;Mossunguê;CURITIBA;PR;;81200240;41;33314141;;;ri@copel.com;61.562.112/0001-20;PRICEWATERHOUSECOOPERS AUDITORES INDEPENDENTES LTDA.
33.050.196/0001-88;COMPANHIA PAULISTA DE FORCA LUZ - CPFL;CPFL;1969-08-19;1912-01-01;;;ATIVO;1969-08-19;3824;Energia Elétrica;BALCÃO ORGANIZADO;Categoria B;2010-01-01;FASE OPERACIONAL;1969-08-19;PRIVADO;SEDE;Rua Jorge de Figueiredo Correa, nº 1.632;(parte);Jd. Profª Tarcilia;CAMPINAS;SP;BRASIL;13087397;19;37566083;;;ri@cpfl.com.br;DIRETOR DE RELAÇÕES COM INVESTIDORES;Kedi Wang;2025-02-25;Rua Jorge de Figueiredo Correa, nº 1632;;Jd. Prof. Tarcilia;CAMPINAS;SP;;13087397;19;37568458;;;ri@cpfl.com.br;61.562.112/0001-20;PRICEWATERHOUSECOOPERS AUDITORES INDEPENDENTES LTDA.
27.137.879/0001-74;COMPANHIA SECURITIZADORA DE CRÉDITOS FINANCEIROS CARTÕES CONSIGNADOS I;COMPANHIA SECURITIZADORA DE CRÉDITOS FINANCEIROS CARTÕES CONSIGNADOS I;2017-06-14;2017-02-03;;;ATIVO;2017-06-14;24147;Securitização de Recebíveis;BALCÃO ORGANIZADO;Categoria B;2017-06-14;FASE OPERACIONAL;2017-06-14;PRIVADO;SEDE;Rua Cardeal Arcoverde, 2365;11º andar;Pinheiros;SÃO PAULO;SP;BRASIL;5407003;011;33851800;;;ri@vert-capital.com.br;DIRETOR DE RELAÇÕES COM INVESTIDORES;Victoria de Sá;2019-04-02;Rua Cardeal Arcoverde, 2365;7º andar;Pinheiros;SÃO PAULO;SP;;5407003;11;33851800;;;secfin@vert-capital.com;10.830.108/0001-65;GRANT THORNTON AUDITORES INDEPENDENTES LTDA.
87.762.563/0001-03;COMPANHIIA HABITASUL DE PARTICIPAÇÕES;CIA HABITASUL DE PARTICIPAÇÕES;1982-04-19;1981-09-28;;;ATIVO;1982-04-19;3298;Emp. Adm. Part. - Crédito Imobiliário;BOLSA;Categoria A;2010-01-01;FASE OPERACIONAL;1982-04-19;PRIVADO;SEDE;Av. Carlos Gomes, n° 400, Ed. João Benjamim Zaffari;sala 505;Bairro Boa Vista;PORTO ALEGRE;RS;BRASIL;90480900;51;32203516;51;32203751;ri@habitasul.com.br;DIRETOR DE RELAÇÕES COM INVESTIDORES;Bruno Costa de Jesus;2025-11-10;Av. Carlos Gomes, n° 400, Ed. João Benjamim Zaffari;sala 505;Bairro Boa Vista;PORTO ALEGRE;RS;;9048090;51;33033893;;;ri@habitasul.com.br;54.276.936/0001-79;BDO RCS AUDITORES INDEPENDENTES - SOCIEDADE SIMPLES LIMITADA
21.389.501/0001-81;COMPASS GÁS E ENERGIA S.A.;COMPASS GÁS E ENERGIA S.A.;2020-09-28;2014-11-12;;;ATIVO;2020-09-28;25127;Emp. Adm. Part. - Saneamento, Serv. Água e Gás;BALCÃO ORGANIZADO;Categoria A;2020-09-28;FASE OPERACIONAL;2020-07-30;PRIVADO;SEDE;Avenida Brigadeiro Faria Lima, nº 4.100;4º andar, Sala 5;Itaim Bibi;SÃO PAULO;SP;BRASIL;4538132;11;38979797;;;ri@compassbr.com;DIRETOR DE RELAÇÕES COM INVESTIDORES;Marcos Guilherme Tiburcio Fernandes;2024-11-13;Av. Brigadeiro Faria Lima, 4100;4 andar;Itaim Bibi;SÃO PAULO;;;4538132;11;38979797;;;ri@compassbr.com;61.562.112/0001-20;PRICEWATERHOUSECOOPERS AUDITORES INDEPENDENTES LTDA.
21.389.501/0001-81;COMPASS GÁS E ENERGIA S.A.;COMPASS GÁS E ENERGIA S.A.;2020-09-28;2014-11-12;;;ATIVO;2020-09-28;25127;Emp. Adm. Part. - Saneamento, Serv. Água e Gás;BOLSA;Categoria A;2020-09-28;FASE OPERACIONAL;2020-07-30;PRIVADO;SEDE;Avenida Brigadeiro Faria Lima, nº 4.100;4º andar, Sala 5;Itaim Bibi;SÃO PAULO;SP;BRASIL;4538132;11;38979797;;;ri@compassbr.com;DIRETOR DE RELAÇÕES COM INVESTIDORES;Marcos Guilherme Tiburcio Fernandes;2024-11-13;Av. Brigadeiro Faria Lima, 4100;4 andar;Itaim Bibi;SÃO PAULO;;;4538132;11;38979797;;;ri@compassbr.com;61.562.112/0001-20;PRICEWATERHOUSECOOPERS AUDITORES INDEPENDENTES LTDA.
10.678.505/0001-63;CONC RODOVIAS DO TIETÊ S.A.- EM RECUPERAÇÃO JUDICIAL;CONCESSIONARIA RODOVIAS TIETE SA;2012-02-09;2009-02-19;;;ATIVO;2012-02-09;22721;Serviços Transporte e Logística;;Categoria B;2012-02-09;EM RECUPERAÇÃO JUDICIAL OU EQUIVALENTE;2019-12-19;PRIVADO;SEDE;Rod. Comendador Mario Dedini, km 108 + 600 mts;Caixa Postal 02;Rodovia;SALTO;SP;BRASIL;13320970;11;46027900;11;46028069;ri@rodoviasdotiete.com.br;DIRETOR DE RELAÇÕES COM INVESTIDORES;BERNARDO MONTEIRO LOBATO ZERKOWSKI FIGUEIREDO;2025-03-28;Av. Brigadeiro Faria Lima, 3311;ANDAR 1 CONJ 11 SALA;Itaim Bibi;SÃO PAULO;;;4538133;11;30775300;;;financas@viaappia.com.br;54.276.936/0001-79;BDO RCS AUDITORES INDEPENDENTES - SOCIEDADE SIMPLES LIMITADA
15.578.569/0001-06;CONC. DO AEROPORTO INTERNACIONAL DE GUARULHOS S.A.;;2014-10-24;2012-05-08;;;ATIVO;2014-10-24;23515;Serviços Transporte e Logística;BALCÃO ORGANIZADO;Categoria B;2014-10-24;FASE OPERACIONAL;2014-08-13;PRIVADO;SEDE;Rodovia Hélio Smidt, Aeroporto Internacional de São Paulo;s/nº;Cumbica;GUARULHOS;SP;BRASIL;7190100;11;24456999;11;24456999;dri@gru.com.br;DIRETOR DE RELAÇÕES COM INVESTIDORES;NEIRIM GOULART DUARTE;2025-11-03;Rodovia Hélio Smidt;s/nº;CUMBICA;GUARULHOS;SP;;7190100;11;24456999;;;dri@gru.com.br;54.276.936/0001-79;BDO RCS AUDITORES INDEPENDENTES - SOCIEDADE SIMPLES LIMITADA
18.572.225/0001-88;CONCEBRA - CONCESSIONARIA DAS RODOVIAS CENTRAIS DO BRASIL S.A.;CONCEBRA - CONCESSIONARIA DAS RODOVIAS CENTRAIS DO BRASIL S.A.;2016-02-19;2015-12-14;;;ATIVO;2016-02-19;23868;Serviços Transporte e Logística;;Categoria B;2016-02-19;FASE OPERACIONAL;2015-12-14;PRIVADO;SEDE;RUA CAIAPIA, 86;QD. E5 LOTE 5;ALPHAVILLE EMPRESAR.;GOIÂNIA;GO;BRASIL;74884554;62;36238900;62;36238900;daniel.amaral@triunfoconcebra.com.br;DIRETOR DE RELAÇÕES COM INVESTIDORES;FERNANDA OLIVEIRA CASTANHO;2025-01-29;RUA CAIAPIA, 86;QD. E5 LOTE 5;ALPHAVILLE EMPRESAR.;GOIÂNIA;;;74884554;62;36238901;;;fernanda.castanho@triunfoconcebra.com.br;10.830.108/0001-65;GRANT THORNTON AUDITORES INDEPENDENTES LTDA.
10.324.624/0001-18;CONCESSÃO METROVIÁRIA DO RIO DE JANEIRO SA;METRÔRIO;2010-09-20;2008-08-20;;;ATIVO;2010-09-20;22144;Serviços Transporte e Logística;BALCÃO ORGANIZADO;Categoria B;2010-09-20;FASE OPERACIONAL;2010-09-20;PRIVADO HOLDING;SEDE;Avenida Presidente Vargas n° 2000 e 2700;Centro Adm.;Centro;RIO DE JANEIRO;RJ;BRASIL;20210031;21;32116301;21;32116361;dri@metrorio.com.br;DIRETOR DE RELAÇÕES COM INVESTIDORES;Alexandre Wolynec;2026-05-11;Avenida Presidente Vargas;2000;Centro;RIO DE JANEIRO;RJ;;20210031;21;995179264;;;dri@metrorio.com.br;57.755.217/0001-29;KPMG AUDITORES INDEPENDENTES LTDA.
10.531.501/0001-58;CONCESSIONARIA AUTO RAPOSO TAVARES SA-CART;CONCESSIONARIA AUTO RAPOSO TAVARES SA-CART;2010-11-22;2008-11-12;;;ATIVO;2010-11-22;22268;Serviços Transporte e Logística;BALCÃO NÃO ORGANIZADO;Categoria B;2010-11-22;FASE OPERACIONAL;2010-11-22;PRIVADO;SEDE;Avenida Issa Marar, nº 2-200;nº 2-200;Parque Res Samambaia;BAURU;SP;BRASIL;17018002;14;31042300;14;31042300;ri@cartsp.com.br;DIRETOR DE RELAÇÕES COM INVESTIDORES;Gilson de Oliveira Carvalho;2020-04-30;Avenida Issa Marar, nº 2-200;nº 2-200;Parque Res Samambaia;BAURU;SP;;17018002;14;31042300;;;gilson.carvalho@ibhservicos.com.br;49.928.567/0001-11;DELOITTE TOUCHE TOHMATSU AUDITORES INDEPENDENTES LTDA.
10.531.501/0001-58;CONCESSIONARIA AUTO RAPOSO TAVARES SA-CART;CONCESSIONARIA AUTO RAPOSO TAVARES SA-CART;2010-11-22;2008-11-12;;;ATIVO;2010-11-22;22268;Serviços Transporte e Logística;BALCÃO ORGANIZADO;Categoria B;2010-11-22;FASE OPERACIONAL;2010-11-22;PRIVADO;SEDE;Avenida Issa Marar, nº 2-200;nº 2-200;Parque Res Samambaia;BAURU;SP;BRASIL;17018002;14;31042300;14;31042300;ri@cartsp.com.br;DIRETOR DE RELAÇÕES COM INVESTIDORES;Gilson de Oliveira Carvalho;2020-04-30;Avenida Issa Marar, nº 2-200;nº 2-200;Parque Res Samambaia;BAURU;SP;;17018002;14;31042300;;;gilson.carvalho@ibhservicos.com.br;49.928.567/0001-11;DELOITTE TOUCHE TOHMATSU AUDITORES INDEPENDENTES LTDA.
10.531.501/0001-58;CONCESSIONARIA AUTO RAPOSO TAVARES SA-CART;CONCESSIONARIA AUTO RAPOSO TAVARES SA-CART;2010-11-22;2008-11-12;;;ATIVO;2010-11-22;22268;Serviços Transporte e Logística;BOLSA;Categoria B;2010-11-22;FASE OPERACIONAL;2010-11-22;PRIVADO;SEDE;Avenida Issa Marar, nº 2-200;nº 2-200;Parque Res Samambaia;BAURU;SP;BRASIL;17018002;14;31042300;14;31042300;ri@cartsp.com.br;DIRETOR DE RELAÇÕES COM INVESTIDORES;Gilson de Oliveira Carvalho;2020-04-30;Avenida Issa Marar, nº 2-200;nº 2-200;Parque Res Samambaia;BAURU;SP;;17018002;14;31042300;;;gilson.carvalho@ibhservicos.com.br;49.928.567/0001-11;DELOITTE TOUCHE TOHMATSU AUDITORES INDEPENDENTES LTDA.
36.763.716/0001-98;CONCESSIONARIA CATARINENSE DE RODOVIAS S.A.;CONCESSIONARIA CATARINENSE DE RODOVIAS S.A.;2022-06-21;2020-03-11;;;ATIVO;2022-06-21;26859;Emp. Adm. Part. - Serviços Transporte e Logística;;Categoria B;2022-03-29;FASE OPERACIONAL;2022-03-29;PRIVADO;SEDE;Rua Leonete Frontina Alves;190, Km 325,5 BR 101;Vila Flor;CAPIVARI DE BAIXO;SC;BRASIL;88745000;51;33039100;;;viasul.cvm@grupoccr.com.br;DIRETOR DE RELAÇÕES COM INVESTIDORES;Fernando Henrique Pereira De Marchi;2024-07-17;Rua Leonete Frontina Alves;190, Km 325,5 BR-101;Vila Flor;CAPIVARI DE BAIXO;;;88745000;51;33039100;;;viasul.cvm@grupoccr.com.br;57.755.217/0001-29;KPMG AUDITORES INDEPENDENTES LTDA.
07.682.638/0001-07;CONCESSIONÁRIA DA LINHA 4 DO METRÔ DE SÃO PAULO S.A.;CONCESSIONÁRIA DA LINHA 4 DO METRÔ DE SÃO PAULO S.A.;2024-12-16;2005-09-19;;;ATIVO;2024-12-16;27731;Emp. Adm. Part. - Serviços Transporte e Logística;BOLSA;Categoria B;2024-10-11;FASE OPERACIONAL;2005-08-30;PRIVADO;SEDE;Rua Heitor dos Prazeres, nº. 320;;Vila Sônia;SÃO PAULO;SP;BRASIL;5522000;11;37475250;;;planejamento.viaquatro@grupoccr.com.br;DIRETOR DE RELAÇÕES COM INVESTIDORES;Antonio Marcio Barros Silva;2024-08-16;Rua Heitor dos Prazeres, nº. 320;;Vila Sônia;SÃO PAULO;SP;;5522000;11;37475250;;;antonio.barros@grupoccr.com.br;57.755.217/0001-29;KPMG AUDITORES INDEPENDENTES LTDA.
08.822.767/0001-08;CONCESSIONÁRIA DA RODOVIA MG-050 S.A.;CONCESSIONÁRIA DA RODOVIA MG-050 S.A.;2017-03-06;2007-05-16;;;ATIVO;2017-03-06;24104;Serviços Transporte e Logística;BALCÃO ORGANIZADO;Categoria B;2017-03-06;FASE OPERACIONAL;2016-11-25;PRIVADO;SEDE;Avenida Joaquim André;nº 361;Santa Clara;DIVINÓPOLIS;MG;BRASIL;35500712;11;35089600;11;35089601;financas@viaappia.com.br;DIRETOR DE RELAÇÕES COM INVESTIDORES;BERNARDO MONTEIRO LOBATO ZERKOWSKI FIGUEIREDO;2024-05-27;Avenida Brigadeiro Faria Lima, 3311;11° andar;Itaim Bibi;SÃO PAULO;;;4538133;11;998815179;;;faleconosco@viaappia.com.br;57.755.217/0001-29;KPMG AUDITORES INDEPENDENTES LTDA.
10.841.050/0001-55;CONCESSIONÁRIA DAS RODOVIAS AYRTON SENNA E CARVALHO PINTO S/A-ECOPISTAS;CONCESSIONÁRIA DAS RODOVIAS AYRTON SENNA E CARVALHO PINTO S/A;2011-02-22;2009-04-27;;;ATIVO;2011-02-22;22411;Serviços Transporte e Logística;BALCÃO ORGANIZADO;Categoria B;2011-02-22;FASE OPERACIONAL;2011-02-22;PRIVADO;SEDE;Rodovia Ayrton Senna , S/N Km 32- Pista Oeste;;Itaquaquecetuba;SÃO PAULO;SP;BRASIL;8578010;11;46463400;11;46480627;invest@ecorodovias.com.br;DIRETOR DE RELAÇÕES COM INVESTIDORES;Ronald Dennis Marangon;2023-01-02;Rodovia Ayrton Senna , S/N Km 32- Pista Oeste;;Itaquaquecetuba;SÃO PAULO;SP;;8578010;11;46463400;;;invest@ecorodovias.com.br;49.928.567/0001-11;DELOITTE TOUCHE TOHMATSU AUDITORES INDEPENDENTES LTDA.
48.851.242/0001-15;CONCESSIONARIA DAS RODOVIAS DO LESTE MS S/A;CONCESSIONARIA DAS RODOVIAS DO LESTE MS S/A;2025-03-13;2022-12-09;;;ATIVO;2025-03-13;27790;Serviços Transporte e Logística;BALCÃO ORGANIZADO;Categoria B;2024-10-29;FASE OPERACIONAL;2024-10-29;PRIVADO;SEDE;Avenida Dois, 1.947;sala 2;Centro;CHAPADÃO DO SUL;MS;BRASIL;79560000;67;35627650;;;paulo.gomes@way306.com.br;DIRETOR DE RELAÇÕES COM INVESTIDORES;Paulo Vinícius Machado Gomes;2024-08-01;Avenida Dois, 1947;sala 2;Centro;CHAPADÃO DO SUL;MS;;79650000;67;33290500;;;paulo.gomes@way306.com.br;10.830.108/0001-65;GRANT THORNTON AUDITORES INDEPENDENTES LTDA.
32.161.500/0001-00;CONCESSIONÁRIA DAS RODOVIAS INTEGRADAS DO SUL S.A.;CONCESSÁRIA DAS RODOVIAS INTEGRADAS DO SUL S.A.;2020-12-04;2018-11-21;;;ATIVO;2020-12-04;25356;Emp. Adm. Part. - Serviços Transporte e Logística;;Categoria B;2020-12-04;FASE OPERACIONAL;2020-10-21;PRIVADO;SEDE;Av. Paraná, nº 2435;;Navegantes;PORTO ALEGRE;RS;BRASIL;90240600;051;33039100;;;viasul.cvm@grupoccr.com.br;DIRETOR DE RELAÇÕES COM INVESTIDORES;Fernando Henrique Pereira De Marchi;2024-07-17;Av. Paraná, nº 2435;;Navegantes;PORTO ALEGRE;;;90240600;51;33039100;;;viasul.cvm@grupoccr.com.br;10.830.108/0001-65;GRANT THORNTON AUDITORES INDEPENDENTES LTDA.
19.642.306/0001-70;CONCESSIONÁRIA DE RODOVIA SUL-MATOGROSSENSE S.A.;CONCESSIONÁRIA DE RODOVIA SUL-MATOGROSSENSE S.A.;2016-02-03;2014-01-21;;;ATIVO;2016-02-03;23833;Emp. Adm. Part. - Serviços Transporte e Logística;;Categoria B;2016-02-03;FASE OPERACIONAL;2015-10-27;PRIVADO;SEDE;Av. Zila Correa Machado, 5600;-;Bairro Moreninha;CAMPO GRANDE;MS;BRASIL;79065660;67;33579100;;;cvm.pantanal@motiva.com.br;DIRETOR DE RELAÇÕES COM INVESTIDORES;Nelson Soares Neto;2025-08-12;Av. Zila Correa Machado, 5600;-;Bairro Moreninha;CAMPO GRANDE;MS;;79065660;67;33579100;;;cvm.pantanal@motiva.com.br;10.830.108/0001-65;GRANT THORNTON AUDITORES INDEPENDENTES LTDA.
03.207.703/0001-83;CONCESSIONARIA DE RODOVIAS DO INTERIOR PAULISTA S/A;INTERVIAS;2009-11-27;1999-05-28;;;ATIVO;2009-11-27;21849;Serviços Transporte e Logística;BALCÃO ORGANIZADO;Categoria B;2010-01-01;FASE OPERACIONAL;2009-11-27;PRIVADO HOLDING;SEDE;Via Anhanguera;km 168;Jd. Sobradinho;ARARAS;SP;BRASIL;13602004;19;35436000;19;35436013;dri@intervias.com.br;DIRETOR DE RELAÇÕES COM INVESTIDORES;Nilton Leonardo Fernandes de Oliveira;2023-10-01;Av. Presidente Juscelino Kubitschek, 510;12º Andar;Vila Nova Conceição;SÃO PAULO;SP;;4543011;11;30742472;;;ri@arteris.com.br;49.928.567/0001-11;DELOITTE TOUCHE TOHMATSU AUDITORES INDEPENDENTES LTDA.
49.314.049/0001-08;CONCESSIONÁRIA DE RODOVIAS NOROESTE PAULISTA S.A;CONCESSIONÁRIA DE RODOVIAS NOROESTE PAULISTA S.A;2024-03-26;2023-01-13;;;ATIVO;2024-03-26;27464;Serviços Transporte e Logística;BALCÃO ORGANIZADO;Categoria B;2023-12-08;FASE OPERACIONAL;2023-12-11;PRIVADO;SEDE;Rua Marlene David dos Santos, nº 325;;Jardim Paraiso;MATÃO;SP;BRASIL;15991360;11;37872667;;;invest@ecorodovias.com.br;DIRETOR DE RELAÇÕES COM INVESTIDORES;Danyel Machado Nunes;2025-01-20;Rua Marlene David dos Santos, n° 325;;Jardim Paraiso;MATÃO;SP;;15991360;11;37872667;;;invest@ecorodovias.com.br;49.928.567/0001-11;DELOITTE TOUCHE TOHMATSU AUDITORES INDEPENDENTES LTDA.
59.196.897/0001-13;CONCESSIONÁRIA DE RODOVIAS PRVIAS S.A.;CONCESSIONÁRIA DE RODOVIAS PRVIAS S.A.;2025-08-19;2025-01-20;;;ATIVO;2025-08-19;27898;Emp. Adm. Part. - Serviços Transporte e Logística;BOLSA;Categoria B;2025-06-17;FASE PRÉ-OPERACIONAL;2025-06-17;PRIVADO;SEDE;Rua João Wyclif, nº 111;13ºAnd., S.s.1301/12;Glb. Fazenda Palhano;LONDRINA;PR;BRASIL;86050450;11;45894133;;;planejamentofinanceiro.prvias@motiva.com.br / keller.junior@motiva.com.br;DIRETOR DE RELAÇÕES COM INVESTIDORES;Keller Alves Rodrigues Junior;2025-06-16;Rua João Wyclif, nº 111;13ºAnd., S.s.1301/12;Glb. Fazenda Palhano;LONDRINA;PR;;5522000;43;991556975;;;keller.junior@motiva.com.br;57.755.217/0001-29;KPMG AUDITORES INDEPENDENTES LTDA.
02.451.848/0001-62;CONCESSIONÁRIA DO SISTEMA ANHANGUERA-BANDEIRANTES S.A.;CONCESSIONÁRIA SO SISTEMA ANHANGUERA BANDEIRANTES S/A;2006-07-19;1998-05-01;;;ATIVO;2006-07-19;20192;Serviços Transporte e Logística;BALCÃO ORGANIZADO;Categoria B;2010-01-01;FASE OPERACIONAL;2006-07-19;PRIVADO;SEDE;Avenida Professora Maria do Carmo Guimarães Pellegrini, 200;Bloco E;Retiro;JUNDIAÍ;SP;BRASIL;13209500;11;45894000;11;45894006;cvm.autoban@motiva.com.br;DIRETOR DE RELAÇÕES COM INVESTIDORES;Rodrigo Fernandes Monteiro;2025-03-26;Av. Professora Maria do Carmo Guimarães Pellegrini, 200;Bloco E;Retiro;JUNDIAÍ;SP;;13209500;11;45894004;;;cvm.autoban@motiva.com.br;10.830.108/0001-65;GRANT THORNTON AUDITORES INDEPENDENTES LTDA.
02.451.848/0001-62;CONCESSIONÁRIA DO SISTEMA ANHANGUERA-BANDEIRANTES S.A.;CONCESSIONÁRIA SO SISTEMA ANHANGUERA BANDEIRANTES S/A;2006-07-19;1998-05-01;;;ATIVO;2006-07-19;20192;Serviços Transporte e Logística;BOLSA;Categoria B;2010-01-01;FASE OPERACIONAL;2006-07-19;PRIVADO;SEDE;Avenida Professora Maria do Carmo Guimarães Pellegrini, 200;Bloco E;Retiro;JUNDIAÍ;SP;BRASIL;13209500;11;45894000;11;45894006;cvm.autoban@motiva.com.br;DIRETOR DE RELAÇÕES COM INVESTIDORES;Rodrigo Fernandes Monteiro;2025-03-26;Av. Professora Maria do Carmo Guimarães Pellegrini, 200;Bloco E;Retiro;JUNDIAÍ;SP;;13209500;11;45894004;;;cvm.autoban@motiva.com.br;10.830.108/0001-65;GRANT THORNTON AUDITORES INDEPENDENTES LTDA.
44.319.688/0001-42;CONCESSIONÁRIA DO SISTEMA RODOVIÁRIO RIO-SÃO PAULO S.A.;CONCESSIONÁRIA DO SISTEMA RODOVIÁRIO RIO-SÃO PAULO S.A;2024-01-24;2021-11-10;;;ATIVO;2024-01-24;27421;Emp. Adm. Part. - Serviços Transporte e Logística;BOLSA;Categoria B;2023-11-13;FASE OPERACIONAL;2023-11-13;PRIVADO;SEDE;Rodovia Presidente Dutra, nº 0, Km 184,3;;Morro Grande;SANTA ISABEL;SP;BRASIL;7500000;11;27952400;;;cvm.riosp@grupoccr.com.br;DIRETOR DE RELAÇÕES COM INVESTIDORES;Carla Henriques Silva Fornasaro;2023-11-06;Rodovia Presidente Dutra, nº 0, Km 184,3;;Morro Grande;SANTA ISABEL;SP;;7500000;24;998380515;;;carla.fornasaro@grupoccr.com.br;57.755.217/0001-29;KPMG AUDITORES INDEPENDENTES LTDA.
15.090.690/0001-94;CONCESSIONARIA ECOVIAS DO ARAGUAIA S.A.;CONCESSIONARIA ECOVIAS DO ARAGUAIA S.A.;2022-03-15;2011-12-13;;;ATIVO;2022-03-15;26638;Serviços Transporte e Logística;;Categoria B;2021-10-19;FASE OPERACIONAL;2021-09-29;PRIVADO;SEDE;Avenida Juscelino Kubitschek, Qd. 19, Lote 01,08;Ed.Gênesis, 5º andar;Jundiaí;ANÁPOLIS;GO;BRASIL;75110390;62;37711700;;;invest@ecorodovias.com.br;DIRETOR DE RELAÇÕES COM INVESTIDORES;FABIANO MARTINS DE MEDEIROS;2025-09-01;Avenida Juscelino Kubitschek, Qd. 19, Lote 01,08;Ed.Gênesis, 5º andar;Jundiaí;ANÁPOLIS;GO;;75110390;62;37711700;;;invest@ecorodovias.com.br;49.928.567/0001-11;DELOITTE TOUCHE TOHMATSU AUDITORES INDEPENDENTES LTDA.
35.593.905/0001-05;CONCESSIONÁRIA ECOVIAS DO CERRADO S.A.;CONCESSIONÁRIA ECOVIAS DO CERRADO S.A.;2022-01-04;2019-10-14;;;ATIVO;2022-01-04;26581;Serviços Transporte e Logística;BALCÃO ORGANIZADO;Categoria B;2022-01-04;FASE OPERACIONAL;2021-10-19;PRIVADO;SEDE;Rua Sintra;50;Granja Marileusa;UBERLÂNDIA;MG;BRASIL;38406643;34;32918000;34;32918036;invest@ecorodovias.com.br;DIRETOR DE RELAÇÕES COM INVESTIDORES;Matheus da Silva Pereira Fernandes;2022-07-01;Rua Sintra;50;Granja Marileusa;UBERLÂNDIA;MG;;38406643;34;32918000;;;invest@ecorodovias.com.br;49.928.567/0001-11;DELOITTE TOUCHE TOHMATSU AUDITORES INDEPENDENTES LTDA.
02.509.491/0001-26;CONCESSIONARIA ECOVIAS DOS IMIGRANTES SA;ECOVIAS DOS IMIGRANTES;2006-12-18;1998-05-01;;;ATIVO;2006-12-18;20397;Serviços Transporte e Logística;BALCÃO ORGANIZADO;Categoria B;2010-01-01;FASE OPERACIONAL;2006-12-18;PRIVADO;SEDE;Rodovia dos Imigrantes, s/nº km 28,5;;Jardim Represa;SÃO BERNARDO DO CAMPO;SP;BRASIL;9845000;11;43588100;11;43588799;invest@ecorodovias.com.br;DIRETOR DE RELAÇÕES COM INVESTIDORES;Ronald Dennis Marangon;2019-09-02;Rodovia dos Imigrantes;km 28,5;Jardim Represa;SÃO BERNARDO DO CAMPO;SP;;9845000;11;43588100;;;invest@ecorodovias.com.br;49.928.567/0001-11;DELOITTE TOUCHE TOHMATSU AUDITORES INDEPENDENTES LTDA.
22.163.297/0001-49;CONCESSIONARIA PONTE RIO-NITERÓI S.A. - ECOPONTE;CONCESSIONARIA PONTE RIO-NITERÓI S.A. - ECOPONTE;2017-05-25;2015-03-24;;;ATIVO;2017-05-25;24139;Serviços Transporte e Logística;BALCÃO ORGANIZADO;Categoria B;2017-05-25;FASE OPERACIONAL;2017-03-22;PRIVADO;SEDE;Rua Mário Neves;Nr.01;Ilha da Conceição;NITERÓI;RJ;BRASIL;24050290;21;34789400;021;34789405;invest@ecorodovias.com.br;DIRETOR DE RELAÇÕES COM INVESTIDORES;Júlio Cezar Moreira de Amorim;2023-01-02;Rua Mário Neves;01;Ilha da Conceição;NITERÓI;RJ;;24050290;21;34789400;;;invest@ecorodovias.com.br;49.928.567/0001-11;DELOITTE TOUCHE TOHMATSU AUDITORES INDEPENDENTES LTDA.
00.938.574/0001-05;CONCESSIONARIA RIO-TERESOPOLIS SA;CRT SA;2001-12-26;1995-11-07;;;ATIVO;2001-12-26;19208;Serviços Transporte e Logística;BALCÃO ORGANIZADO;Categoria A;2010-01-01;FASE OPERACIONAL;2001-12-26;PRIVADO;SEDE;Rua do Passeio, nº 38;15° andar;Centro;RIO DE JANEIRO;RJ;BRASIL;20021290;21;21846150;21;27778420;ubiratan@crt.com.br;DIRETOR DE RELAÇÕES COM INVESTIDORES;Francisco Ubiratan de Sousa;2024-08-01;Rua do Passeio, nº 38;15º andar;Centro;RIO DE JANEIRO;;;20021290;21;21846150;;;ubiratan@crt.com.br;54.276.936/0001-79;BDO RCS AUDITORES INDEPENDENTES - SOCIEDADE SIMPLES LIMITADA
00.938.574/0001-05;CONCESSIONARIA RIO-TERESOPOLIS SA;CRT SA;2001-12-26;1995-11-07;;;ATIVO;2001-12-26;19208;Serviços Transporte e Logística;BOLSA;Categoria A;2010-01-01;FASE OPERACIONAL;2001-12-26;PRIVADO;SEDE;Rua do Passeio, nº 38;15° andar;Centro;RIO DE JANEIRO;RJ;BRASIL;20021290;21;21846150;21;27778420;ubiratan@crt.com.br;DIRETOR DE RELAÇÕES COM INVESTIDORES;Francisco Ubiratan de Sousa;2024-08-01;Rua do Passeio, nº 38;15º andar;Centro;RIO DE JANEIRO;;;20021290;21;21846150;;;ubiratan@crt.com.br;54.276.936/0001-79;BDO RCS AUDITORES INDEPENDENTES - SOCIEDADE SIMPLES LIMITADA
50.399.553/0001-37;CONCESSIONÁRIA RODOANEL NORTE SPE S.A.;CONCESSIONÁRIA RODOANEL NORTE SPE S.A.;2025-02-11;2023-04-10;;;ATIVO;2025-02-11;27782;Emp. Adm. Part. - Serviços Transporte e Logística;;Categoria B;2024-11-08;FASE PRÉ-OPERACIONAL;2024-11-08;PRIVADO;SEDE;Avenida Brigadeiro Faria Lima, nº 3.311, 11º andar;Conjuntos 111 e 112;Itaim Bibi;SÃO PAULO;SP;BRASIL;4538133;11;43273398;;;ri@viaappia.com.br;DIRETOR DE RELAÇÕES COM INVESTIDORES;BERNARDO MONTEIRO LOBATO ZERKOWSKI FIGUEIREDO;2024-05-31;Avenida Brigadeiro Faria Lima, n° 3.311, 11º andar;Conjuntos 111 e 112;Itaim Bibi;SÃO PAULO;SP;;4538133;11;43273398;;;ri@viaappia.com.br;57.755.217/0001-29;KPMG AUDITORES INDEPENDENTES LTDA.
51.742.485/0001-20;CONCESSIONÁRIA RODOVIAS DO CAFÉ SPE S.A.;CONCESSIONÁRIA RODOVIAS DO CAFÉ SPE S.A.;2024-08-09;2023-07-16;;;ATIVO;2024-08-09;27588;Serviços Transporte e Logística;;Categoria B;2024-04-16;FASE OPERACIONAL;2024-04-16;PRIVADO;SEDE;Avenida Rogassiano Francisco Coelho, nº 346;;Nova Varginha;VARGINHA;MG;BRASIL;37077000;11;30958600;;;ri@grupoepr.com.br;DIRETOR DE RELAÇÕES COM INVESTIDORES;Enio Stein Júnior;2024-04-16;Avenida Rogassiano Francisco Coelho, nº 346;;Nova Varginha;VARGINHA;MG;;37077000;11;30958600;;;ri@grupoepr.com.br;61.366.936/0001-25;ERNST & YOUNG AUDITORES INDEPENDENTES S/S LTDA.
48.127.008/0001-40;CONCESSIONÁRIA RODOVIAS DO SUL DE MINAS SPE S.A.;CONCESSIONÁRIA RODOVIAS DO SUL DE MINAS SPE S.A.;2024-08-09;2022-09-13;;;ATIVO;2024-08-09;27596;Serviços Transporte e Logística;BALCÃO ORGANIZADO;Categoria B;2024-04-16;FASE OPERACIONAL;2024-04-16;PRIVADO;SEDE;Rua Jandyra Beraldo Teixeira, nº 40;;Fátima II;POUSO ALEGRE;MG;BRASIL;37553575;11;30958600;;;ri@grupoepr.com.br;DIRETOR DE RELAÇÕES COM INVESTIDORES;ENIO STEIN JÚNIOR;2024-04-16;RUA JANDYRA BERALDO TEIXEIRA, Nº 40;;FÁTIMA II;POUSO ALEGRE;MG;;37553575;11;30958600;;;ri@grupoepr.com.br;61.366.936/0001-25;ERNST & YOUNG AUDITORES INDEPENDENTES S/S LTDA.
48.127.012/0001-08;CONCESSIONÁRIA RODOVIAS DO TRIÂNGULO SPE S.A.;CONCESSIONÁRIA RODOVIAS DO TRIÂNGULO SPE S.A.;2024-07-12;2022-09-13;;;ATIVO;2024-07-12;27537;Serviços Transporte e Logística;BALCÃO ORGANIZADO;Categoria B;2024-04-16;FASE OPERACIONAL;2024-04-16;PRIVADO;SEDE;Avenida Maranhão;n.º 1666;Umuarama;UBERLÂNDIA;MG;BRASIL;38405318;11;30958600;;;ri@grupoepr.com.br;DIRETOR DE RELAÇÕES COM INVESTIDORES;ENIO STEIN JÚNIOR;2024-04-16;AVENIDA MARANHÃO;N.º 1666;UMUARAMA;UBERLÂNDIA;MG;;38405318;11;30958600;;;ri@grupoepr.com.br;61.366.936/0001-25;ERNST & YOUNG AUDITORES INDEPENDENTES S/S LTDA.
10.647.979/0001-48;CONCESSIONÁRIA ROTA DAS BANDEIRAS S/A;CONCESSIONÁRIA ROTA DAS BANDEIRAS S/A;2010-06-30;2009-02-09;;;ATIVO;2010-06-30;22071;Serviços Transporte e Logística;BALCÃO ORGANIZADO;Categoria B;2010-06-30;FASE OPERACIONAL;2010-06-30;PRIVADO;SEDE;Rodovia Dom Pedro I (SP-065), Km 110 + 400, Pista Sul.;s/n;Sítio da Moenda;ITATIBA;SP;BRASIL;13252800;11;48948500;11;48948505;ri@rotadasbandeiras.com.br;DIRETOR DE RELAÇÕES COM INVESTIDORES;André de Paula Yusiasu;2021-11-12;Rodovia Dom Pedro I (SP-065), km 110+400, Pista Sul.;s/n;Sítio Moenda;ITATIBA;SP;;13252800;11;48948501;;;ri@rotadasbandeiras.com.br;57.755.217/0001-29;KPMG AUDITORES INDEPENDENTES LTDA.
41.886.692/0001-02;CONCESSIONARIA ROTA DE SANTA MARIA S.A;CONCESSIONARIA ROTA DE SANTA MARIA S.A;2023-08-24;2021-06-14;;;ATIVO;2023-08-24;27294;Serviços Transporte e Logística;BALCÃO ORGANIZADO;Categoria B;2023-03-31;FASE OPERACIONAL;2023-03-31;PRIVADO;SEDE;Av. independência, 3284;;Renascença;SANTA CRUZ DO SUL;RS;BRASIL;96816250;51;37401100;;;rmoralesf@sacyr.com;DIRETOR DE RELAÇÕES COM INVESTIDORES;Ana Claudia Alves Scigliano;2025-08-14;Avenida Independência, 3284;;Renascença;SANTA CRUZ DO SUL;RS;;96816250;51;37401100;;;rmoralesf@sacyr.com;61.562.112/0001-20;PRICEWATERHOUSECOOPERS AUDITORES INDEPENDENTES LTDA.
41.886.692/0001-02;CONCESSIONARIA ROTA DE SANTA MARIA S.A;CONCESSIONARIA ROTA DE SANTA MARIA S.A;2023-08-24;2021-06-14;;;ATIVO;2023-08-24;27294;Serviços Transporte e Logística;BOLSA;Categoria B;2023-03-31;FASE OPERACIONAL;2023-03-31;PRIVADO;SEDE;Av. independência, 3284;;Renascença;SANTA CRUZ DO SUL;RS;BRASIL;96816250;51;37401100;;;rmoralesf@sacyr.com;DIRETOR DE RELAÇÕES COM INVESTIDORES;Ana Claudia Alves Scigliano;2025-08-14;Avenida Independência, 3284;;Renascença;SANTA CRUZ DO SUL;RS;;96816250;51;37401100;;;rmoralesf@sacyr.com;61.562.112/0001-20;PRICEWATERHOUSECOOPERS AUDITORES INDEPENDENTES LTDA.
19.521.322/0001-04;CONCESSIONÁRIA ROTA DO OESTE S.A.;CONCESSIONÁRIA ROTA DO OESTE S.A.;2016-06-07;2013-12-27;;;ATIVO;2016-06-07;23922;Serviços Transporte e Logística;BALCÃO ORGANIZADO;Categoria B;2016-06-07;FASE OPERACIONAL;2016-01-06;PRIVADO;SEDE;Avenida Miguel Sutil, nº 15.160;;Coophamil;CUIABÁ;MT;BRASIL;78028015;65;30569101;;;crori@rotadooeste.com.br;DIRETOR DE RELAÇÕES COM INVESTIDORES;Luciano Uchoa Carneiro da Cunha;2023-05-02;Avenida Miguel Sutil, nº 15.160;n.d.;Coophamil;CUIABÁ;MT;;78043132;65;30569101;;;crori@rotadooeste.com.br;54.276.936/0001-79;BDO RCS AUDITORES INDEPENDENTES - SOCIEDADE SIMPLES LIMITADA
15.440.708/0001-30;CONCESSIONÁRIA VIARIO S.A.;CONCESSIONÁRIA VIARIO S.A.;2024-01-08;2012-04-20;;;ATIVO;2024-01-08;27405;Emp. Adm. Part. - Serviços Transporte e Logística;BOLSA;Categoria B;2023-10-13;FASE OPERACIONAL;2023-10-13;PRIVADO;SEDE;Rua Euzébio de Almeida, nº 2500;;Jardim Sulacap;RIO DE JANEIRO;RJ;BRASIL;21741172;21;39527000;;;luciana.parpinelli@grupoccr.com.br;DIRETOR DE RELAÇÕES COM INVESTIDORES;Luciana Parpinelli de Oliveira;2023-10-02;Rua Euzébio de Almeida, nº 2500;;Jardim Sulacap;RIO DE JANEIRO;RJ;;21741172;21;39527000;;;luciana.parpinelli@grupoccr.com.br;57.755.217/0001-29;KPMG AUDITORES INDEPENDENTES LTDA.
97.191.902/0001-94;CONSERVAS ODERICH SA;CONSERVAS ODERICH SA;1977-07-20;1908-08-08;;;ATIVO;1977-07-20;4693;Alimentos;BOLSA;Categoria A;2010-01-01;FASE OPERACIONAL;1977-07-20;PRIVADO;SEDE;RUA ODERICH, 807;-;CENTRO;SÃO SEBASTIÃO DO CAÍ;RS;BRASIL;95760000;51;36351609;51;36351409;marcos@oderich.com.br;DIRETOR DE RELAÇÕES COM INVESTIDORES;MARCOS ODORICO ODERICH;1982-03-27;RUA ODERICH, 807;-;CENTRO;SÃO SEBASTIÃO DO CAÍ;RS;;95760000;51;36351609;;;marcos@oderich.com.br;02.063.967/0001-48;ROKEMBACH & CIA. AUDITORES LTDA.
61.022.042/0001-18;CONSTRUTORA ADOLPHO LINDENBERG S.A.;CAL S/A;1977-07-20;1958-01-01;;;ATIVO;1977-07-20;4723;Construção Civil, Mat. Constr. e Decoração;BOLSA;Categoria A;2010-01-01;FASE OPERACIONAL;1977-07-20;PRIVADO;SEDE;RUA JOAQUIM FLORIANO, 466;2º ANDAR - EDIF CORP;ITAIM BIBI;SÃO PAULO;SP;BRASIL;4534002;55;30412700;11;30415601;ri@lindenberg.com.br;DIRETOR DE RELAÇÕES COM INVESTIDORES;ADOLPHO LINDENBERG FILHO;2016-03-22;RUA JOAQUIM FLORIANO, 466;2º ANDAR - EDIF CORP;ITAIM BIBI;SÃO PAULO;SP;;4534002;11;30412700;;;ri@lindenberg.com.br;49.928.567/0001-11;DELOITTE TOUCHE TOHMATSU AUDITORES INDEPENDENTES LTDA.
27.743.642/0001-37;CONSTRUTORA METROCASA S.A.;CONSTRUTORA METROCASA S.A.;2023-11-01;2018-06-12;;;ATIVO;2023-11-01;27340;Construção Civil, Mat. Constr. e Decoração;;Categoria A;2023-11-01;FASE OPERACIONAL;2023-09-13;PRIVADO;SEDE;Avenida São Luis, 50;37º andar conj. 372;Republica;SÃO PAULO;SP;BRASIL;1046926;11;981235558;;;ri@metrocasa.com.br;DIRETOR DE RELAÇÕES COM INVESTIDORES;ANDRÉ ARAGÃO MARTINS VIEIRA;2024-06-07;Av. São Luís;;República;SÃO PAULO;SP;;1046926;11;981235558;;;ri@metrocasa.com.br;54.276.936/0001-79;BDO RCS AUDITORES INDEPENDENTES - SOCIEDADE SIMPLES LIMITADA
89.723.993/0001-33;CONSTRUTORA SULTEPA S.A. - EM RECUPERAÇÃO JUDICIAL;CONSTRUTORA SULTEPA S/A;1986-09-29;1956-03-14;;;ATIVO;1986-09-29;13030;Construção Civil, Mat. Constr. e Decoração;;Categoria A;2010-01-01;EM RECUPERAÇÃO JUDICIAL OU EQUIVALENTE;2015-07-09;PRIVADO;SEDE;Rua Sergio Jumblut Dieterich, 1200;CASA;Sarandi;PORTO ALEGRE;RS;BRASIL;91060410;51;32141200;51;32213971;sergio.mattos@sultepa.com.br;DIRETOR DE RELAÇÕES COM INVESTIDORES;Sergio Mattos;2017-05-19;Rua Sergio Jungblut Dieterich, 1200;CASA;Sarandi;PORTO ALEGRE;RS;;91060410;51;32141200;;;sergio.mattos@sultepa.com.br;09.285.766/0001-34;MOREIRA ASSOCIADOS AUDITORES INDEPENDENTES S/S
71.476.527/0001-35;CONSTRUTORA TENDA S/A;CONSTRUTORA TENDA S/A;2007-10-11;1994-01-01;;;ATIVO;2007-10-11;21148;Construção Civil, Mat. Constr. e Decoração;BOLSA;Categoria A;2014-07-28;FASE OPERACIONAL;2007-10-11;PRIVADO;SEDE;Rua Boa Vista, nº 280;pavimentos 8º e 9º;Centro, São Paulo;SÃO PAULO;SP;BRASIL;1014908;11;31119909;11;31112700;ri@tenda.com;DIRETOR DE RELAÇÕES COM INVESTIDORES;Luiz Mauricio de Garcia Paula;2022-08-16;Rua Boa Vista, 280;Pavimentos 8º e 9º;Centro, São Paulo;SÃO PAULO;SP;;1010001;11;983367406;;;ri@tenda.com;57.755.217/0001-29;KPMG AUDITORES INDEPENDENTES LTDA.
04.032.433/0001-80;CONTAX PARTICIPAÇÕES S.A. - EM RECUPERAÇÃO JUDICIAL;CONTAX PARTICIPAÇÕES S.A. - EM RECUPERAÇÃO JUDICIAL;2001-10-29;2000-07-31;;;ATIVO;2001-10-29;19100;Emp. Adm. Part. - Comunicação e Informática;BOLSA;Categoria A;2010-01-01;EM RECUPERAÇÃO JUDICIAL OU EQUIVALENTE;2022-06-15;PRIVADO;SEDE;Rua Beneditinos, n.º 15/17, Parte;;Centro;RIO DE JANEIRO;RJ;BRASIL;20081050;11;31315136;11;31311931;ri@atmasa.com.br;DIRETOR DE RELAÇÕES COM INVESTIDORES;Rodrigo Santana Canhiçares;2024-03-01;Rua Beneditinos, nº 15/17, Parte;;Centro;RIO DE JANEIRO;;;20081050;11;930092235;;;ri@atmasa.com.br;07.326.840/0001-98;FORVIS MAZARS AUDITORES INDEPENDENTES - SOCIEDADE SIMPLES LTDA.
04.368.898/0001-06;COPEL DISTRIBUIÇÃO S.A.;COPEL DISTRIBUIÇÃO S.A.;2022-05-19;1899-12-30;;;ATIVO;2022-05-19;26808;Energia Elétrica;BALCÃO ORGANIZADO;Categoria B;2022-05-19;FASE OPERACIONAL;2022-03-24;ESTATAL HOLDING;SEDE;Rua José Izidoro Biazetto, 158;Bloco C;Mossunguê;CURITIBA;PR;BRASIL;81200240;41;33314011;41;33314112;ri@copel.com;DIRETOR DE RELAÇÕES COM INVESTIDORES;Felipe Gutterres Ramella;2024-07-01;Rua José Izidoro Biazetto, 158;Bloco A;Mossunguê;CURITIBA;PR;;81200240;41;33314141;;;ri@copel.com;61.562.112/0001-20;PRICEWATERHOUSECOOPERS AUDITORES INDEPENDENTES LTDA.
04.370.282/0001-70;COPEL GERAÇÃO E TRANSMISSÃO S/A;COPEL GERAÇÃO E TRANSMISSÃO S/A;2019-06-27;2001-03-20;;;ATIVO;2019-06-27;24740;Energia Elétrica;BALCÃO NÃO ORGANIZADO;Categoria B;2019-06-27;FASE OPERACIONAL;2019-04-29;ESTATAL HOLDING;SEDE;Rua José Izidoro Biazetto, 158;Bloco A;Mossunguê;CURITIBA;PR;BRASIL;81200240;41;33314141;41;33314112;acionistas@copel.com;DIRETOR DE RELAÇÕES COM INVESTIDORES;Felipe Gutterres Ramella;2024-06-28;Rua José Izidoro Biazetto, 158;Bloco A;Mossungue;CURITIBA;PR;;81200240;41;33105115;;;ri@copel.com;61.562.112/0001-20;PRICEWATERHOUSECOOPERS AUDITORES INDEPENDENTES LTDA.
08.845.676/0001-98;CORPÓREOS - SERVIÇOS TERAPÊUTICOS S.A.;CORPÓREOS - SERVIÇOS TERAPÊUTICOS S.A.;2024-10-03;2007-05-24;;;ATIVO;2024-10-03;27669;Serviços Médicos;BALCÃO ORGANIZADO;Categoria B;2024-06-14;FASE OPERACIONAL;2024-06-14;PRIVADO;SEDE;Avenida dos Eucaliptos, 762;;Indianópolis;SÃO PAULO;SP;BRASIL;4517050;11;48583340;;;;DIRETOR DE RELAÇÕES COM INVESTIDORES;Fabio Itikawa;2024-08-29;Av. Pedroso de Morais, 1619;4º Andar - Conj. 404;Pinheiros;SÃO PAULO;SP;;5419001;11;48583340;;;dri@espacolaser.com.br;54.276.936/0001-79;BDO RCS AUDITORES INDEPENDENTES - SOCIEDADE SIMPLES LIMITADA
15.114.494/0001-02;CORREDOR LOGÍSTICA E INFRAESTRUTURA S.A.;CORREDOR LOGÍSTICA E INFRAESTRUTURA S.A.;2023-08-09;2011-11-17;;;ATIVO;2023-08-09;27260;Serviços Transporte e Logística;BALCÃO NÃO ORGANIZADO;Categoria B;2023-05-10;FASE OPERACIONAL;2023-05-10;PRIVADO;SEDE;Avenida das Nações Unidas, nº 10989;Conjunto 142;Brooklin Paulista;SÃO PAULO;SP;BRASIL;4578900;98;33135150;;;ri@cli-br.com.;DIRETOR DE RELAÇÕES COM INVESTIDORES;Sr. Carlos Gabriel Pradela Exposito Motta;2023-05-10;Avenida das Nações Unidas, nº 10989;Conjunto 142;Brooklin Paulista;SÃO PAULO;SP;;4578900;98;33135150;;;ri@cli-br.com;49.928.567/0001-11;DELOITTE TOUCHE TOHMATSU AUDITORES INDEPENDENTES LTDA.
50.746.577/0001-15;COSAN S.A.;COSAN SA INDUSTRIA E COMERCIO;2005-10-26;2000-02-01;;;ATIVO;2005-10-26;19836;Agricultura (Açúcar, Álcool e Cana);BALCÃO ORGANIZADO;Categoria A;2010-01-01;FASE OPERACIONAL;2005-10-26;PRIVADO;SEDE;Avenida Brigadeiro Faria Lima, 4.100;16º andar, sala 01;Vila Nova Conceição;SÃO PAULO;SP;BRASIL;4538132;11;38979797;11;38979798;;DIRETOR DE RELAÇÕES COM INVESTIDORES;RAFAEL BERGMAN;2025-12-05;AVENIDA BRIGADEIRO FARIA LIMA;Nº 4100, 16º ANDAR;ITAIM BIBI;SÃO PAULO;SP;;4538132;11;38979797;0;0;dep.ri@cosan.com;61.562.112/0001-20;PRICEWATERHOUSECOOPERS AUDITORES INDEPENDENTES LTDA.
50.746.577/0001-15;COSAN S.A.;COSAN SA INDUSTRIA E COMERCIO;2005-10-26;2000-02-01;;;ATIVO;2005-10-26;19836;Agricultura (Açúcar, Álcool e Cana);BOLSA;Categoria A;2010-01-01;FASE OPERACIONAL;2005-10-26;PRIVADO;SEDE;Avenida Brigadeiro Faria Lima, 4.100;16º andar, sala 01;Vila Nova Conceição;SÃO PAULO;SP;BRASIL;4538132;11;38979797;11;38979798;;DIRETOR DE RELAÇÕES COM INVESTIDORES;RAFAEL BERGMAN;2025-12-05;AVENIDA BRIGADEIRO FARIA LIMA;Nº 4100, 16º ANDAR;ITAIM BIBI;SÃO PAULO;SP;;4538132;11;38979797;0;0;dep.ri@cosan.com;61.562.112/0001-20;PRICEWATERHOUSECOOPERS AUDITORES INDEPENDENTES LTDA.
02.429.144/0001-93;CPFL ENERGIA SA;CPFL ENERGIA S.A.;2000-05-18;1998-03-20;;;ATIVO;2000-05-18;18660;Emp. Adm. Part. - Energia Elétrica;BALCÃO ORGANIZADO;Categoria A;2010-01-01;FASE OPERACIONAL;2000-05-18;PRIVADO HOLDING;SEDE;Rua Jorge de Figueiredo Corrêa;1632, parte;Jd Prof. Tarcília;CAMPINAS;SP;BRASIL;13087397;19;37566083;;;ri@cpfl.com.br;DIRETOR DE RELAÇÕES COM INVESTIDORES;Kedi Wang;2024-11-07;Rua Jorge de Figueiredo Corrêa;1632, parte;Jd Prof. Tarcília;CAMPINAS;SP;;13087397;19;37568458;;;ri@cpfl.com.br;61.562.112/0001-20;PRICEWATERHOUSECOOPERS AUDITORES INDEPENDENTES LTDA.
02.429.144/0001-93;CPFL ENERGIA SA;CPFL ENERGIA S.A.;2000-05-18;1998-03-20;;;ATIVO;2000-05-18;18660;Emp. Adm. Part. - Energia Elétrica;BOLSA;Categoria A;2010-01-01;FASE OPERACIONAL;2000-05-18;PRIVADO HOLDING;SEDE;Rua Jorge de Figueiredo Corrêa;1632, parte;Jd Prof. Tarcília;CAMPINAS;SP;BRASIL;13087397;19;37566083;;;ri@cpfl.com.br;DIRETOR DE RELAÇÕES COM INVESTIDORES;Kedi Wang;2024-11-07;Rua Jorge de Figueiredo Corrêa;1632, parte;Jd Prof. Tarcília;CAMPINAS;SP;;13087397;19;37568458;;;ri@cpfl.com.br;61.562.112/0001-20;PRICEWATERHOUSECOOPERS AUDITORES INDEPENDENTES LTDA.
08.439.659/0001-50;CPFL ENERGIAS RENOVÁVEIS S.A.;CPFL RENOVÁVEIS;2007-03-08;2006-10-02;;;ATIVO;2007-03-08;20540;Emp. Adm. Part. - Energia Elétrica;BALCÃO ORGANIZADO;Categoria B;2020-07-02;FASE OPERACIONAL;2008-10-29;PRIVADO;SEDE;Rua Jorge de Figueiredo Corrêa, nº 1.632;;Jd. Prof. Tarcília;CAMPINAS;SP;BRASIL;13087397;11;31579300;11;31579464;ri@cpfl.com.br;DIRETOR DE RELAÇÕES COM INVESTIDORES;Kedi Wang;2025-05-06;Rua Jorge de Figueiredo Corrêa 1.632;;Jd. Prof. Tarcília;CAMPINAS;SP;;13087397;19;37568458;;;ri@cpfl.com.br;61.562.112/0001-20;PRICEWATERHOUSECOOPERS AUDITORES INDEPENDENTES LTDA.
08.439.659/0001-50;CPFL ENERGIAS RENOVÁVEIS S.A.;CPFL RENOVÁVEIS;2007-03-08;2006-10-02;;;ATIVO;2007-03-08;20540;Emp. Adm. Part. - Energia Elétrica;BOLSA;Categoria B;2020-07-02;FASE OPERACIONAL;2008-10-29;PRIVADO;SEDE;Rua Jorge de Figueiredo Corrêa, nº 1.632;;Jd. Prof. Tarcília;CAMPINAS;SP;BRASIL;13087397;11;31579300;11;31579464;ri@cpfl.com.br;DIRETOR DE RELAÇÕES COM INVESTIDORES;Kedi Wang;2025-05-06;Rua Jorge de Figueiredo Corrêa 1.632;;Jd. Prof. Tarcília;CAMPINAS;SP;;13087397;19;37568458;;;ri@cpfl.com.br;61.562.112/0001-20;PRICEWATERHOUSECOOPERS AUDITORES INDEPENDENTES LTDA.
92.715.812/0001-31;CPFL TRANSMISSÃO S.A.;CPFL TRANSMISSÃO S.A.;1970-01-07;1963-12-19;;;ATIVO;1970-01-07;3204;Energia Elétrica;BALCÃO ORGANIZADO;Categoria B;2022-11-30;FASE OPERACIONAL;1970-01-07;ESTATAL;SEDE;Avenida Ipiranga, 6681;Ed 16, Andar 10 a 13;Partenon;PORTO ALEGRE;RS;BRASIL;90230181;19;37568458;51;33824585;ri@cpfl.com.br;DIRETOR DE RELAÇÕES COM INVESTIDORES;Mingzhi Han;2025-10-13;Rua Dr. João Inácio, 859;;Navegantes;PORTO ALEGRE;RS;;90230181;19;37568458;;;ri@cpfl.com.br;61.562.112/0001-20;PRICEWATERHOUSECOOPERS AUDITORES INDEPENDENTES LTDA.
92.715.812/0001-31;CPFL TRANSMISSÃO S.A.;CPFL TRANSMISSÃO S.A.;1970-01-07;1963-12-19;;;ATIVO;1970-01-07;3204;Energia Elétrica;BOLSA;Categoria B;2022-11-30;FASE OPERACIONAL;1970-01-07;ESTATAL;SEDE;Avenida Ipiranga, 6681;Ed 16, Andar 10 a 13;Partenon;PORTO ALEGRE;RS;BRASIL;90230181;19;37568458;51;33824585;ri@cpfl.com.br;DIRETOR DE RELAÇÕES COM INVESTIDORES;Mingzhi Han;2025-10-13;Rua Dr. João Inácio, 859;;Navegantes;PORTO ALEGRE;RS;;90230181;19;37568458;;;ri@cpfl.com.br;61.562.112/0001-20;PRICEWATERHOUSECOOPERS AUDITORES INDEPENDENTES LTDA.
10.158.356/0001-01;CPX DISTRIBUIDORA S.A.;CPX DISTRIBUIDORA S.A.;2025-06-30;2008-07-15;;;ATIVO;2025-06-30;27839;Comércio (Atacado e Varejo);BALCÃO ORGANIZADO;Categoria B;2025-06-30;FASE OPERACIONAL;2008-07-15;PRIVADO;SEDE;Rodovia Antônio Heil, nº 800;;Itaipava;ITAJAÍ;SC;BRASIL;88316001;47;30462550;;;;DIRETOR DE RELAÇÕES COM INVESTIDORES;RICARDO BERALDI PORTO;2026-01-15;RODOVIA ANTÔNIO HEIL, 800;;ITAIPAVA;ITAJAÍ;SC;;88316001;47;30462550;0;0;ri.cpx@grupolevel.onmicrosoft.com;61.562.112/0001-20;PRICEWATERHOUSECOOPERS AUDITORES INDEPENDENTES LTDA.
62.984.091/0001-02;CRUZEIRO DO SUL EDUCACIONAL S.A.;CRUZEIRO DO SUL EDUCACIONAL S.A.;2021-02-09;1970-07-09;;;ATIVO;2021-02-09;25526;Educação;BOLSA;Categoria A;2021-02-09;FASE OPERACIONAL;2020-10-07;PRIVADO;SEDE;Rua Cubatão, 320;3º, 8º e 9º Andar;Vila Mariana;SÃO PAULO;SP;BRASIL;4013001;21;21781412;;;;DIRETOR DE RELAÇÕES COM INVESTIDORES;Luís Felipe Silva Bresaola;2021-04-15;Rua Cubatão, 320;3º, 8º e 9º Andar;Vila Mariana;SÃO PAULO;SP;;4013001;11;971770833;;;dri@cruzeirodosul.edu.br;61.562.112/0001-20;PRICEWATERHOUSECOOPERS AUDITORES INDEPENDENTES LTDA.
08.902.291/0001-15;CSN MINERAÇÃO S.A.;CSN MINERAÇÃO S.A;2021-02-12;2007-06-12;;;ATIVO;2021-02-12;25585;Extração Mineral;BOLSA;Categoria A;2021-02-12;FASE OPERACIONAL;2020-10-19;PRIVADO;SEDE;Estrada Casa de Pedra;s/n, parte;Zona Rural;CONGONHAS;MG;BRASIL;36415000;31;37491243;;;invrel@csnmineracao.com.br;DIRETOR DE RELAÇÕES COM INVESTIDORES;Pedro Barros Mercadante Oliva;2022-06-15;Avenida Brigadeiro Faria Lima, 3.400;20° andar;Itaim Bibi;SÃO PAULO;SP;;4538132;11;30497238;;;invrel@csnmineracao.com.br;07.326.840/0001-98;FORVIS MAZARS AUDITORES INDEPENDENTES - SOCIEDADE SIMPLES LTDA.
01.896.779/0001-38;CSU DIGITAL S.A.;CSU DIGITAL S.A.;2006-04-25;1996-08-01;;;ATIVO;2006-04-25;20044;Emp. Adm. Part. - Sem Setor Principal;BOLSA;Categoria A;2010-01-01;FASE OPERACIONAL;2006-04-25;PRIVADO;SEDE;Rua Piauí;136;Nova Aldeinha;BARUERI;SP;BRASIL;6440182;11;26278500;11;26278893;ri@csu.com.br;DIRETOR DE RELAÇÕES COM INVESTIDORES;André Pereira Lapola;2026-03-27;Avenida Brigadeiro Faria Lima;1306;Pinheiros;SÃO PAULO;;;1451914;11;21063700;;;ri@csu.com.br;49.928.567/0001-11;DELOITTE TOUCHE TOHMATSU AUDITORES INDEPENDENTES LTDA.
06.981.381/0001-13;CTC - CENTRO DE TECNOLOGIA CANAVIEIRA S.A.;CTC - CENTRO DE TECNOLOGIA CANAVIEIRA S.A.;2016-08-24;2004-08-10;;;ATIVO;2016-08-24;23981;Agricultura (Açúcar, Álcool e Cana);BOLSA;Categoria A;2016-08-24;FASE OPERACIONAL;2016-02-23;PRIVADO;SEDE;Rodovia SP 147;KM 135;Fazenda SantoAntônio;PIRACICABA;SP;BRASIL;13433899;019;34298199;019;34298199;ri@ctc.com.br;DIRETOR DE RELAÇÕES COM INVESTIDORES;Paulo Geraldo Polezi;2024-08-08;Fazenda Santo Antônio S/N;Rodovia SP L47;KM 135;PIRACICABA;;;13433899;19;34298199;;;ri@ctc.com.br;57.755.217/0001-29;KPMG AUDITORES INDEPENDENTES LTDA.
08.797.760/0001-83;CURY CONSTRUTORA E INCORPORADORA S.A.;;2020-09-17;2019-10-19;;;ATIVO;2020-09-17;25100;Construção Civil, Mat. Constr. e Decoração;BOLSA;Categoria A;2020-09-17;FASE OPERACIONAL;2020-02-21;PRIVADO;SEDE;Rua Funchal, nº 411, 13º andar;Conjunto 132-D;Vila Olímpia;SÃO PAULO;SP;BRASIL;4551060;11;30469696;;;ronaldo.cury@cury.net;DIRETOR DE RELAÇÕES COM INVESTIDORES;Ronaldo Cury de Capua;2020-02-14;Rua Funchal, nº 411;13º-D andar;Vila Olímpia;SÃO PAULO;SP;;4551060;11;30469696;;;ri@cury.net;61.366.936/0001-25;ERNST & YOUNG AUDITORES INDEPENDENTES S/S LTDA.
10.760.260/0001-19;CVC BRASIL OPERADORA E AGÊNCIA DE VIAGENS SA;CVC BRASIL OPERADORA E AGÊNCIA DE VIAGENS SA;2013-12-05;2009-03-25;;;ATIVO;2013-12-05;23310;Hospedagem e Turismo;BALCÃO ORGANIZADO;Categoria A;2013-12-05;FASE OPERACIONAL;2013-10-14;PRIVADO;SEDE;Rua da Catequese, 227;11º Andar - sala 111;Jardim;SANTO ANDRÉ;SP;BRASIL;9090401;11;21232150;11;21912461;ri@cvc.com.br;DIRETOR DE RELAÇÕES COM INVESTIDORES;Felipe Pinto Gomes;2024-05-01;Rua da Catequese, 227;11º Andar;Jardim;SANTO ANDRÉ;SP;;909040;11;44378701;;;ri@cvc.com.br;61.366.936/0001-25;ERNST & YOUNG AUDITORES INDEPENDENTES S/S LTDA.
10.760.260/0001-19;CVC BRASIL OPERADORA E AGÊNCIA DE VIAGENS SA;CVC BRASIL OPERADORA E AGÊNCIA DE VIAGENS SA;2013-12-05;2009-03-25;;;ATIVO;2013-12-05;23310;Hospedagem e Turismo;BOLSA;Categoria A;2013-12-05;FASE OPERACIONAL;2013-10-14;PRIVADO;SEDE;Rua da Catequese, 227;11º Andar - sala 111;Jardim;SANTO ANDRÉ;SP;BRASIL;9090401;11;21232150;11;21912461;ri@cvc.com.br;DIRETOR DE RELAÇÕES COM INVESTIDORES;Felipe Pinto Gomes;2024-05-01;Rua da Catequese, 227;11º Andar;Jardim;SANTO ANDRÉ;SP;;909040;11;44378701;;;ri@cvc.com.br;61.366.936/0001-25;ERNST & YOUNG AUDITORES INDEPENDENTES S/S LTDA.
16.233.389/0001-55;CVLB BRASIL S.A.;;2021-02-10;1968-03-25;;;ATIVO;2021-02-10;25542;Comércio (Atacado e Varejo);;Categoria A;2021-02-10;FASE OPERACIONAL;2020-08-28;PRIVADO;SEDE;Rua da Assembleia, n°100;7º, 8º e 9º andares;Centro;RIO DE JANEIRO;RJ;BRASIL;20011904;71;32768000;;;ri@grupocvlb.com.br;DIRETOR DE RELAÇÕES COM INVESTIDORES;Tiago de Oliveira Nascimento;2023-04-30;Rua da Assembleia, n°100;7º, 8º e 9º andares;Centro;RIO DE JANEIRO;;;20011904;21;40203636;;;ri@grupocvlb.com.br;57.755.217/0001-29;KPMG AUDITORES INDEPENDENTES LTDA.
73.178.600/0001-18;CYRELA BRAZIL REALTY S.A.EMPREEND E PART;CYRELA BRAZIL REALTY S.A.;1994-07-07;1973-01-01;;;ATIVO;1994-07-07;14460;Construção Civil, Mat. Constr. e Decoração;BOLSA;Categoria A;2010-01-01;FASE OPERACIONAL;2001-03-31;PRIVADO;SEDE;Rua do Rócio, 109;2ºandar Sala01 Parte;Vila Olímpia;SÃO PAULO;SP;BRASIL;4552000;11;45023153;11;30187264;;DIRETOR DE RELAÇÕES COM INVESTIDORES;Miguel Maia Mickelberg;2019-06-07;Avenida Paulista, 1063;10º andar;Jardim Paulista;SÃO PAULO;SP;;1311200;11;45023153;;;ri@cyrela.com.br;49.928.567/0001-11;DELOITTE TOUCHE TOHMATSU AUDITORES INDEPENDENTES LTDA.
12.108.897/0001-50;D1000 VAREJO FARMA PARTICIPAÇÕES S.A.;;2020-08-06;2010-06-21;;;ATIVO;2020-08-06;25046;Comércio (Atacado e Varejo);BOLSA;Categoria A;2020-08-06;FASE OPERACIONAL;2020-03-04;PRIVADO HOLDING;SEDE;Avenida Ayrton Senna, nº 2.150;Bloco P, 4º andar;Barra da Tijuca;RIO DE JANEIRO;RJ;BRASIL;22775003;21;40090200;;;ri.notificacao@reded1000.com.br;DIRETOR DE RELAÇÕES COM INVESTIDORES;Rita Cristiane Ribeiro Carvalho;2021-08-04;Av. Ayrton Senna, 2.150;Bloco P, Sala 301;Barra da Tijuca;RIO DE JANEIRO;RJ;;22775900;21;40090200;;;ri.notificacao@reded1000.com.br;61.366.936/0001-25;ERNST & YOUNG AUDITORES INDEPENDENTES S/S LTDA.
08.170.849/0001-15;DESKTOP S.A;DESKTOP S.A;2021-07-19;2006-05-18;;;ATIVO;2021-07-19;26026;Telecomunicações;BALCÃO ORGANIZADO;Categoria A;2021-07-19;FASE OPERACIONAL;2021-05-19;PRIVADO;SEDE;Avenida Ampélio Gazzetta, nº 1.421;;Engenho Novo;NOVA ODESSA;SP;BRASIL;13385042;19;35143100;;;;DIRETOR DE RELAÇÕES COM INVESTIDORES;Bruno Silva Carvalho De Souza Leão;2021-08-20;Estrada Municipal Teodor Condiev, nº 970;13º andar;Jardim Marchissolo;SUMARÉ;SP;;13171105;19;35143100;;;ri@desktop.net.br;61.366.936/0001-25;ERNST & YOUNG AUDITORES INDEPENDENTES S/S LTDA.
08.170.849/0001-15;DESKTOP S.A;DESKTOP S.A;2021-07-19;2006-05-18;;;ATIVO;2021-07-19;26026;Telecomunicações;BOLSA;Categoria A;2021-07-19;FASE OPERACIONAL;2021-05-19;PRIVADO;SEDE;Avenida Ampélio Gazzetta, nº 1.421;;Engenho Novo;NOVA ODESSA;SP;BRASIL;13385042;19;35143100;;;;DIRETOR DE RELAÇÕES COM INVESTIDORES;Bruno Silva Carvalho De Souza Leão;2021-08-20;Estrada Municipal Teodor Condiev, nº 970;13º andar;Jardim Marchissolo;SUMARÉ;SP;;13171105;19;35143100;;;ri@desktop.net.br;61.366.936/0001-25;ERNST & YOUNG AUDITORES INDEPENDENTES S/S LTDA.
97.837.181/0001-47;DEXCO S.A.;DEXCO S.A.;2007-09-10;1962-01-25;;;ATIVO;2007-09-10;21091;Construção Civil, Mat. Constr. e Decoração;BALCÃO ORGANIZADO;Categoria A;2010-01-01;FASE OPERACIONAL;2007-09-10;PRIVADO;SEDE;Avenida Paulista;1938 - Piso Terraço;Bela Vista;SÃO PAULO;SP;BRASIL;1310942;11;31797045;;;diretoria-ri@dex.co;DIRETOR DE RELAÇÕES COM INVESTIDORES;GUILHERME SETUBAL SOUZA E SILVA;2024-10-01;Av. Paulista, 1938;Terraço;Cerqueira César;SÃO PAULO;SP;;1310200;11;31797006;;;diretoria-ri@dex.co;61.366.936/0001-25;ERNST & YOUNG AUDITORES INDEPENDENTES S/S LTDA.
97.837.181/0001-47;DEXCO S.A.;DEXCO S.A.;2007-09-10;1962-01-25;;;ATIVO;2007-09-10;21091;Construção Civil, Mat. Constr. e Decoração;BOLSA;Categoria A;2010-01-01;FASE OPERACIONAL;2007-09-10;PRIVADO;SEDE;Avenida Paulista;1938 - Piso Terraço;Bela Vista;SÃO PAULO;SP;BRASIL;1310942;11;31797045;;;diretoria-ri@dex.co;DIRETOR DE RELAÇÕES COM INVESTIDORES;GUILHERME SETUBAL SOUZA E SILVA;2024-10-01;Av. Paulista, 1938;Terraço;Cerqueira César;SÃO PAULO;SP;;1310200;11;31797006;;;diretoria-ri@dex.co;61.366.936/0001-25;ERNST & YOUNG AUDITORES INDEPENDENTES S/S LTDA.
02.193.750/0001-52;DEXXOS PARTICIPAÇÕES S.A.;DEXXOS PARTICPAÇÕES S.A.;1997-11-20;1997-10-01;;;ATIVO;1997-11-20;16632;Emp. Adm. Part. - Sem Setor Principal;BOLSA;Categoria A;2010-01-01;FASE OPERACIONAL;2020-11-12;PRIVADO;SEDE;Rua do Passeio, 62;Sala 701;Centro;RIO DE JANEIRO;RJ;BRASIL;20021290;21;22124757;21;22124713;dri@dexxos.com.br;DIRETOR DE RELAÇÕES COM INVESTIDORES;RAFAEL ALCIDES RAPHAEL;2026-03-25;Rua do Passeio;Sala 701;Centro;RIO DE JANEIRO;;;20021290;21;22124757;;;dri@dexxos.com.br;61.366.936/0001-25;ERNST & YOUNG AUDITORES INDEPENDENTES S/S LTDA.
61.486.650/0001-83;DIAGNOSTICOS DA AMERICA SA;DIAGNOSTICOS DA AMERICA SA;2004-11-05;1961-01-01;;;ATIVO;2004-11-05;19623;Serviços Médicos;BALCÃO ORGANIZADO;Categoria A;2010-01-01;FASE OPERACIONAL;2004-11-05;PRIVADO;SEDE;Avenida Juruá, 434;-;Alphaville;BARUERI;SP;BRASIL;6455010;11;26303000;11;41975516;ir@dasa.com.br;DIRETOR DE RELAÇÕES COM INVESTIDORES;Rafael Bossolani;2025-04-02;Avenida Juruá, 434;;Alphaville;BARUERI;;;6655010;11;26303000;;;ir@dasa.com.br;61.562.112/0001-20;PRICEWATERHOUSECOOPERS AUDITORES INDEPENDENTES LTDA.
61.486.650/0001-83;DIAGNOSTICOS DA AMERICA SA;DIAGNOSTICOS DA AMERICA SA;2004-11-05;1961-01-01;;;ATIVO;2004-11-05;19623;Serviços Médicos;BOLSA;Categoria A;2010-01-01;FASE OPERACIONAL;2004-11-05;PRIVADO;SEDE;Avenida Juruá, 434;-;Alphaville;BARUERI;SP;BRASIL;6455010;11;26303000;11;41975516;ir@dasa.com.br;DIRETOR DE RELAÇÕES COM INVESTIDORES;Rafael Bossolani;2025-04-02;Avenida Juruá, 434;;Alphaville;BARUERI;;;6655010;11;26303000;;;ir@dasa.com.br;61.562.112/0001-20;PRICEWATERHOUSECOOPERS AUDITORES INDEPENDENTES LTDA.
65.654.303/0001-73;DIBENS LEASING S.A.- ARREND. MERCANTIL;DIBENS LEASING SA;1993-09-28;1990-09-27;;;ATIVO;1993-09-28;14214;Arrendamento Mercantil;BOLSA;Categoria B;2010-01-01;FASE OPERACIONAL;1993-09-28;PRIVADO;SEDE;Praça Alfredo Egydio de Souza Aranha, 100, T. Olavo Setubal;7º andar, parte;Parque Jabaquara;SÃO PAULO;SP;BRASIL;4344902;11;27943547;11;50199986;relacionamento.reguladores@itau-unibanco.com.br;DIRETOR DE RELAÇÕES COM INVESTIDORES;GUSTAVO LOPES RODRIGUES;2024-08-16;Pca Alfredo Egydio de Souza Aranha,100, Torre Conceição;12º andar;Parque Jabaquara;SÃO PAULO;SP;;4344902;11;27943547;;;ri@itau-unibanco.com.br;61.562.112/0001-20;PRICEWATERHOUSECOOPERS AUDITORES INDEPENDENTES LTDA.
92.665.611/0001-77;DIMED SA DISTRIBUIDORA DE MEDICAMENTOS;PANVEL FARMÁCIAS;1977-07-20;1936-06-28;;;ATIVO;1977-07-20;9342;Comércio (Atacado e Varejo);BALCÃO ORGANIZADO;Categoria A;2010-01-01;FASE OPERACIONAL;1977-07-20;PRIVADO;SEDE;Avenida Industrial Belgraff, 865;Prédio 100;Industrial;ELDORADO DO SUL;RS;BRASIL;92990000;51;32189500;51;32189598;relinvest@grupopanvel.com.br;DIRETOR DE RELAÇÕES COM INVESTIDORES;ANTÔNIO CARLOS TOCCHETTO NAPP;2016-12-19;Avenida Industrial Belgraff, 865;;Industrial;ELDORADO DO SUL;RS;;92990000;51;34819500;;;relinvest@dimed.com.br;49.928.567/0001-11;DELOITTE TOUCHE TOHMATSU AUDITORES INDEPENDENTES LTDA.
92.665.611/0001-77;DIMED SA DISTRIBUIDORA DE MEDICAMENTOS;PANVEL FARMÁCIAS;1977-07-20;1936-06-28;;;ATIVO;1977-07-20;9342;Comércio (Atacado e Varejo);BOLSA;Categoria A;2010-01-01;FASE OPERACIONAL;1977-07-20;PRIVADO;SEDE;Avenida Industrial Belgraff, 865;Prédio 100;Industrial;ELDORADO DO SUL;RS;BRASIL;92990000;51;32189500;51;32189598;relinvest@grupopanvel.com.br;DIRETOR DE RELAÇÕES COM INVESTIDORES;ANTÔNIO CARLOS TOCCHETTO NAPP;2016-12-19;Avenida Industrial Belgraff, 865;;Industrial;ELDORADO DO SUL;RS;;92990000;51;34819500;;;relinvest@dimed.com.br;49.928.567/0001-11;DELOITTE TOUCHE TOHMATSU AUDITORES INDEPENDENTES LTDA.
07.659.538/0001-51;DINAMICA ENERGIA S/A;DINAMICA ENERGIA S/A;2006-05-03;2005-09-30;;;ATIVO;2006-05-03;20052;Emp. Adm. Part. - Energia Elétrica;;Categoria B;2010-01-01;FASE OPERACIONAL;2006-05-03;PRIVADO;SEDE;RUA VINICIUS DE MORAES;266 PARTE;IPANEMA;RIO DE JANEIRO;RJ;BRASIL;22411010;21;22216142;21;22216142;bancoclassico@uol.com.br;DIRETOR DE RELAÇÕES COM INVESTIDORES;José João Abdalla Filho;2010-01-01;RUA VINICIUS DE MORAES 266;PARTE;IPANEMA;RIO DE JANEIRO;RJ;;22411010;21;22216142;;;bancoclassico@uol.com.br;40.262.602/0001-31;BKR - LOPES, MACHADO AUDITORES
16.614.075/0001-00;DIRECIONAL ENGENHARIA SA;DIRECIONAL ENGENHARIA SA;2008-02-29;1981-01-01;;;ATIVO;2008-02-29;21350;Construção Civil, Mat. Constr. e Decoração;BOLSA;Categoria A;2010-01-01;FASE OPERACIONAL;2008-02-29;PRIVADO HOLDING;SEDE;Rua dos Otoni, 177;177;Santa Efigênia;BELO HORIZONTE;MG;BRASIL;30150270;31;34315509;31;34315509;ri@direcional.com.br;DIRETOR DE RELAÇÕES COM INVESTIDORES;Paulo Henrique Martins de Sousa;2021-03-01;Rua dos Otoni, 177;177;Santa Efigênia;BELO HORIZONTE;MG;;30150270;5531;34315509;;;ri@direcional.com.br;61.562.112/0001-20;PRICEWATERHOUSECOOPERS AUDITORES INDEPENDENTES LTDA.
84.683.408/0001-03;DOHLER S.A.;DOHLER;1973-12-26;1755-12-09;;;ATIVO;1973-12-26;5207;Têxtil e Vestuário;BOLSA;Categoria A;2010-01-01;FASE OPERACIONAL;1973-12-26;PRIVADO;SEDE;Rua Arno Waldemar Döhler,;145;Zona Indl. Norte;JOINVILLE;SC;BRASIL;89219902;47;34411666;47;34411777;dohler@dohler.com.br;DIRETOR DE RELAÇÕES COM INVESTIDORES;Cesar Pereira Döhler;2017-07-01;Rua Arno Waldemar Döhler,;145;Zona Indl. Norte;JOINVILLE;;;89219902;47;34411666;;;conselho@dohler.com.br;83.280.859/0001-29;VGA AUDITORES INDEPENDENTES SOCIEDADE SIMPLES LTDA
18.174.270/0001-84;DOTZ S.A.;DOTZ S.A;2021-05-12;2013-05-14;;;ATIVO;2021-05-12;25836;Comunicação e Informática;BOLSA;Categoria A;2021-05-12;FASE OPERACIONAL;2021-02-22;PRIVADO HOLDING;SEDE;Avenida das Nações Unidas, 12995, 16º andar - Wework;Sala nº 1601 e 1602;Itaim Bibi;SÃO PAULO;SP;BRASIL;4578911;11;37369520;;;ri@dotz.com;DIRETOR DE RELAÇÕES COM INVESTIDORES;GUSTAVO WANDERLEY DIAS DE FREITAS;2024-07-02;Av. das Nações Unidas, 12995, 16º andar, WeWork;Salas 1601 e 1602;Itaim Bibi;SÃO PAULO;;;4578911;11;37369520;;;ri@dotz.com;10.830.108/0001-65;GRANT THORNTON AUDITORES INDEPENDENTES LTDA.
03.303.999/0001-36;DTCOM - DIRECT TO COMPANY S.A.;DTCOM;2000-02-04;1999-07-20;;;ATIVO;2000-02-04;18597;Telecomunicações;BALCÃO ORGANIZADO;Categoria A;2010-01-01;FASE OPERACIONAL;2000-12-31;PRIVADO;SEDE;AV. DOM PEDRO II,;1720;ITABIRA;QUATRO BARRAS;PR;;83420001;41;36719000;41;36719000;cerqueira@dtcom.com.br;DIRETOR DE RELAÇÕES COM INVESTIDORES;CRISTIANE DE FATIMA FIALLA;2022-02-22;RUA PEDRO SOVIERZOSKI,256;;VILA OPERARIA;CAMPO LARGO;PR;;83601360;41;998710221;;;cristiane@dtcom.com.br;12.018.605/0001-99;MÜLLER & PREI AUDITORES INDEPENDENTES S/S
03.303.999/0001-36;DTCOM - DIRECT TO COMPANY S.A.;DTCOM;2000-02-04;1999-07-20;;;ATIVO;2000-02-04;18597;Telecomunicações;BOLSA;Categoria A;2010-01-01;FASE OPERACIONAL;2000-12-31;PRIVADO;SEDE;AV. DOM PEDRO II,;1720;ITABIRA;QUATRO BARRAS;PR;;83420001;41;36719000;41;36719000;cerqueira@dtcom.com.br;DIRETOR DE RELAÇÕES COM INVESTIDORES;CRISTIANE DE FATIMA FIALLA;2022-02-22;RUA PEDRO SOVIERZOSKI,256;;VILA OPERARIA;CAMPO LARGO;PR;;83601360;41;998710221;;;cristiane@dtcom.com.br;12.018.605/0001-99;MÜLLER & PREI AUDITORES INDEPENDENTES S/S
19.208.022/0001-70;ECO050 - CONCESSIONÁRIA DE RODOVIAS S.A.;CONCESSIONÁRIA DE RODOVIAS MINAS GERAIS S.A.;2016-03-02;2013-10-28;;;ATIVO;2016-03-02;23884;Serviços Transporte e Logística;BALCÃO ORGANIZADO;Categoria B;2016-03-02;FASE OPERACIONAL;2015-10-26;PRIVADO;SEDE;Rua Sintra;50;Granja Marileusa;UBERLÂNDIA;MG;BRASIL;38406643;34;32918000;34;32918036;invest@ecorodovias.com.br;DIRETOR DE RELAÇÕES COM INVESTIDORES;Matheus da Silva Pereira Fernandes;2022-07-01;Rua Sintra;50;Granja Marileusa;UBERLÂNDIA;MG;;38406643;34;32918000;;;invest@ecorodovias.com.br;49.928.567/0001-11;DELOITTE TOUCHE TOHMATSU AUDITORES INDEPENDENTES LTDA.
15.484.093/0001-44;ECO101 CONCESSIONÁRIA DE RODOVIAS S.A.;ECO101 CONCESSIONÁRIA DE RODOVIAS S.A.;2015-04-10;2012-03-22;;;ATIVO;2015-04-10;23582;Serviços Transporte e Logística;;Categoria B;2015-04-10;FASE OPERACIONAL;2015-02-19;PRIVADO;SEDE;Avenida Coronel Manoel Nunes, s/nº, BR101 Km 262;;Laranjeiras Velha;SERRA;ES;BRASIL;29160000;27;32024000;27;32024000;invest@ecorodovias.com.br;DIRETOR DE RELAÇÕES COM INVESTIDORES;Roberto Amorim Junior;2023-01-02;Avenida Coronel Manoel Nunes, BR101 Km 264;s/n;Laranjeiras Velha;SERRA;ES;;29160000;27;32024000;;;invest@ecorodovias.com.br;49.928.567/0001-11;DELOITTE TOUCHE TOHMATSU AUDITORES INDEPENDENTES LTDA.
29.884.545/0001-90;ECORIOMINAS CONCESSIONÁRIA DE RODOVIAS S.A.;ECORIOMINAS CONCESSIONÁRIA DE RODOVIAS S.A.;2024-03-01;2018-02-20;;;ATIVO;2024-03-01;27456;Serviços Transporte e Logística;BALCÃO ORGANIZADO;Categoria B;2023-12-08;FASE OPERACIONAL;2023-12-08;PRIVADO;SEDE;Rua Mário Neves, nº 01;sala 01;Ilha da Conceição;NITERÓI;RJ;BRASIL;24050290;21;39004200;;;invest@ecorodovias.com.br;DIRETOR DE RELAÇÕES COM INVESTIDORES;Júlio Cezar Moreira de Amorim;2023-11-23;Rua Mário Neves, nº 01;sala 01;Ilha da Conceição;NITERÓI;RJ;;24050290;21;39004200;;;invest@ecorodovias.com.br;49.928.567/0001-11;DELOITTE TOUCHE TOHMATSU AUDITORES INDEPENDENTES LTDA.
08.873.873/0001-10;ECORODOVIAS CONCESSÕES E SERVIÇOS S/A;ECORODOVIAS CONCESSÕES E SERVIÇOS S/A;2009-12-22;2007-05-16;;;ATIVO;2009-12-22;21903;Emp. Adm. Part. - Serviços Transporte e Logística;BALCÃO ORGANIZADO;Categoria B;2010-01-01;FASE OPERACIONAL;2009-12-22;PRIVADO HOLDING;SEDE;Rodovia dos Imigrantes, s/nº km 28,5;;Jardim Represa;SÃO BERNARDO DO CAMPO;SP;BRASIL;9845000;11;43596000;11;43596056;invest@ecorodovias.com.br;DIRETOR DE RELAÇÕES COM INVESTIDORES;HUGO RAFAEL MITZ;2022-08-04;Rodovia dos Imigrantes;km 28,5;Jardim Represa;SÃO BERNARDO DO CAMPO;SP;;9845000;11;37872667;;;invest@ecorodovias.com.br;49.928.567/0001-11;DELOITTE TOUCHE TOHMATSU AUDITORES INDEPENDENTES LTDA.
04.149.454/0001-80;ECORODOVIAS INFRAESTRUTURA E LOGÍSTICA S.A.;ECORODOVIAS INFRAESTRUTURA E LOGÍSTICA S.A.;2003-09-24;2000-11-07;;;ATIVO;2003-09-24;19453;Serviços Transporte e Logística;BALCÃO ORGANIZADO;Categoria A;2010-03-31;FASE OPERACIONAL;2003-09-24;ESTATAL HOLDING;SEDE;Rua Gomes de Carvalho, nº 1.510;Conjuntos 31/32;Vila Olímpia;SÃO PAULO;SP;BRASIL;4547005;11;37872667;11;21855920;invest@ecorodovias.com.br;DIRETOR DE RELAÇÕES COM INVESTIDORES;MARCELLO GUIDOTTI;2012-05-21;Rua Gomes de Carvalho, nº 1.510;Conjuntos 31/32;Vila Olímpia;SÃO PAULO;SP;;4547005;11;37872667;;;invest@ecorodovias.com.br;49.928.567/0001-11;DELOITTE TOUCHE TOHMATSU AUDITORES INDEPENDENTES LTDA.
04.149.454/0001-80;ECORODOVIAS INFRAESTRUTURA E LOGÍSTICA S.A.;ECORODOVIAS INFRAESTRUTURA E LOGÍSTICA S.A.;2003-09-24;2000-11-07;;;ATIVO;2003-09-24;19453;Serviços Transporte e Logística;BOLSA;Categoria A;2010-03-31;FASE OPERACIONAL;2003-09-24;ESTATAL HOLDING;SEDE;Rua Gomes de Carvalho, nº 1.510;Conjuntos 31/32;Vila Olímpia;SÃO PAULO;SP;BRASIL;4547005;11;37872667;11;21855920;invest@ecorodovias.com.br;DIRETOR DE RELAÇÕES COM INVESTIDORES;MARCELLO GUIDOTTI;2012-05-21;Rua Gomes de Carvalho, nº 1.510;Conjuntos 31/32;Vila Olímpia;SÃO PAULO;SP;;4547005;11;37872667;;;invest@ecorodovias.com.br;49.928.567/0001-11;DELOITTE TOUCHE TOHMATSU AUDITORES INDEPENDENTES LTDA.
03.983.431/0001-03;EDP ENERGIAS DO BRASIL S/A;EDP ENERGIAS DO BRASIL S/A;2005-07-05;2000-06-24;;;ATIVO;2005-07-05;19763;Energia Elétrica;BALCÃO ORGANIZADO;Categoria B;2023-08-21;FASE OPERACIONAL;2005-07-05;ESTRANGEIRO HOLDING;SEDE;Rua Werner Von Siemens, 111;Prédio 22, bloco A.;Lapa de Baixo;SÃO PAULO;SP;BRASIL;5069900;11;21855000;11;21855006;reportefinanceiro@edpbr.com.br;DIRETOR DE RELAÇÕES COM INVESTIDORES;João Manuel Brito Martins;2025-06-01;Rua Werner Von Siemens, 111;Prédio 22, bloco A.;Lapa de Baixo;SÃO PAULO;SP;;5069900;11;21855907;;;reportefinanceiro@edpbr.com.br;61.562.112/0001-20;PRICEWATERHOUSECOOPERS AUDITORES INDEPENDENTES LTDA.
03.983.431/0001-03;EDP ENERGIAS DO BRASIL S/A;EDP ENERGIAS DO BRASIL S/A;2005-07-05;2000-06-24;;;ATIVO;2005-07-05;19763;Energia Elétrica;BOLSA;Categoria B;2023-08-21;FASE OPERACIONAL;2005-07-05;ESTRANGEIRO HOLDING;SEDE;Rua Werner Von Siemens, 111;Prédio 22, bloco A.;Lapa de Baixo;SÃO PAULO;SP;BRASIL;5069900;11;21855000;11;21855006;reportefinanceiro@edpbr.com.br;DIRETOR DE RELAÇÕES COM INVESTIDORES;João Manuel Brito Martins;2025-06-01;Rua Werner Von Siemens, 111;Prédio 22, bloco A.;Lapa de Baixo;SÃO PAULO;SP;;5069900;11;21855907;;;reportefinanceiro@edpbr.com.br;61.562.112/0001-20;PRICEWATERHOUSECOOPERS AUDITORES INDEPENDENTES LTDA.
28.152.650/0001-71;EDP ESPIRITO SANTO DISTRIBUIÇÃO DE ENERGIA S.A.;ESCELSA;1996-01-19;1968-07-01;;;ATIVO;1996-01-19;15342;Energia Elétrica;BALCÃO ORGANIZADO;Categoria B;2010-01-01;FASE OPERACIONAL;1996-01-19;PRIVADO;SEDE;Rua Florentino Faller, nº 80 - salas 101, 102, 201, 202, 301;Edifício Maxxi I;Enseada do Suá;VITÓRIA;ES;BRASIL;29050310;27;33484000;27;33484000;reportefinanceiro@edpbr.com.br;DIRETOR DE RELAÇÕES COM INVESTIDORES;Leandro Carron Rigamontte;2025-06-01;Rua Werner Von Siemens, 111;Prédio 22, bloco A;Lapa de Baixo;SÃO PAULO;SP;;5069900;11;21855907;;;reportefinanceiro@edpbr.com.br;61.562.112/0001-20;PRICEWATERHOUSECOOPERS AUDITORES INDEPENDENTES LTDA.
02.302.100/0001-06;EDP SÃO PAULO DISTRIBUIÇÃO DE ENERGIA S.A.;BANDEIRANTE;1998-03-27;1997-12-11;;;ATIVO;1998-03-27;16985;Energia Elétrica;BALCÃO ORGANIZADO;Categoria B;2010-01-01;FASE OPERACIONAL;1998-03-27;PRIVADO;SEDE;Rua Werner Von Siemens, 111;Prédio 22, bloco A.;Lapa de Baixo;SÃO PAULO;SP;BRASIL;5069900;11;21855000;11;21855006;reportefinanceiro@edpbr.com.br;DIRETOR DE RELAÇÕES COM INVESTIDORES;Leandro Carron Rigamontte;2025-06-01;Rua Werner Von Siemens, 111;Prédio 22, bloco A.;Lapa de Baixo;SÃO PAULO;SP;;5069900;11;21855907;;;reportefinanceiro@edpbr.com.br;61.562.112/0001-20;PRICEWATERHOUSECOOPERS AUDITORES INDEPENDENTES LTDA.
36.146.575/0001-64;EIXO SP CONCESSIONARIA DE RODOVIAS S.A.;;2022-07-08;2020-01-20;;;ATIVO;2022-07-08;26875;Serviços Transporte e Logística;BALCÃO ORGANIZADO;Categoria B;2022-03-18;FASE OPERACIONAL;2022-03-18;PRIVADO;SEDE;Rua Passeio das Castanheiras, 480;;Parque Faber Castell;SÃO CARLOS;SP;BRASIL;13561384;16;33638300;;;ri@eixosp.com.br;DIRETOR DE RELAÇÕES COM INVESTIDORES;Gilson de Oliveira Carvalho;2021-12-20;Rua Passeio das Castanheiras, 480;;Parque Faber Castell;SÃO CARLOS;SP;;13561384;16;33638300;;;gilson.carvalho@ibhservicos.com.br;61.366.936/0001-25;ERNST & YOUNG AUDITORES INDEPENDENTES S/S LTDA.
07.401.436/0001-31;ELDORADO BRASIL CELULOSE S.A.;ELDORADO CELULOSE E PAPEL S/A;2012-06-06;2005-04-25;;;ATIVO;2012-06-06;22810;Papel e Celulose;;Categoria B;2012-06-06;FASE OPERACIONAL;2012-12-01;PRIVADO HOLDING;SEDE;Avenida Marginal Direita do Tietê;500;Vila Jaguara;SÃO PAULO;SP;BRASIL;5118100;11;25050258;11;25050258;ri@eldoradobrasil.com.br;DIRETOR DE RELAÇÕES COM INVESTIDORES;Carmine de Siervi Neto;2026-02-03;Av. Marginal Direita do Tiete;500;Vila Jaguara;SÃO PAULO;;;5118100;11;25050258;;;ri@eldoradobrasil.com.br;10.830.108/0001-65;GRANT THORNTON AUDITORES INDEPENDENTES LTDA.
35.980.592/0001-30;ELEA DIGITAL INFRAESTRUTURA E REDES DE TELECOMUNICAÇÕES S.A.;ELEA DIGITAL INFRAESTRUTURA E REDES DE TELECOMUNICAÇÕES S.A.;2022-09-16;2020-01-13;;;ATIVO;2022-09-16;26948;Comunicação e Informática;;Categoria B;2022-09-16;FASE OPERACIONAL;2022-07-08;PRIVADO;SEDE;Rua Lauro Muller, nº 116;40º andar, sl. 4.004;Botafogo;RIO DE JANEIRO;RJ;BRASIL;22290160;21;35921221;;;mg@piemonteholding.com;DIRETOR DE RELAÇÕES COM INVESTIDORES;Marco Girardi;2022-06-21;Rua Lauro Muller, nº 116;40º andar, sl. 4.004;Botafogo;RIO DE JANEIRO;RJ;;22290160;21;35921221;;;mg@piemonteholding.com;23.854.307/0001-55;MCS MARKUP AUDITORES INDEPENDENTES S/S LTDA
82.643.537/0001-34;ELECTRO AÇO ALTONA S/A;ELECTRO AÇO ALTONA S/A;1950-01-19;1924-03-08;;;ATIVO;1950-01-19;5380;Metalurgia e Siderurgia;BOLSA;Categoria A;2010-01-01;FASE OPERACIONAL;1998-12-29;PRIVADO;SEDE;Rua Eng.º Paul Werner, 925;CONTABILIDADE;Itoupava Seca;BLUMENAU;SC;BRASIL;89030900;47;33217708;47;33217799;ri@altona.com.br;DIRETOR DE RELAÇÕES COM INVESTIDORES;Eduardo Vetter;2026-04-29;Rua Engenheiro Paul Werner, 925;;itoupava Seca;BLUMENAU;SC;;89030900;47;33217709;;;ri@altona.com.br;61.366.936/0001-25;ERNST & YOUNG AUDITORES INDEPENDENTES S/S LTDA.
02.328.280/0001-97;ELEKTRO REDES S.A.;ELEKTRO REDES S.A.;1998-07-08;1998-01-06;;;ATIVO;1998-07-08;17485;Energia Elétrica;BOLSA;Categoria A;2010-01-01;FASE OPERACIONAL;1998-07-09;PRIVADO;SEDE;Rua Ary Antenor de Souza;nº 321;Jd. Nova América;CAMPINAS;SP;BRASIL;13053024;19;21221487;19;21221562;ri@neonergia.com;DIRETOR DE RELAÇÕES COM INVESTIDORES;Renato de Almeida Rocha;2021-08-16;Praia do Flamengo, 78;10º andar;Flamengo;RIO DE JANEIRO;RJ;;22210030;21;32359828;;;ri@neoenergia.com;61.562.112/0001-20;PRICEWATERHOUSECOOPERS AUDITORES INDEPENDENTES LTDA.
61.695.227/0001-93;ELETROPAULO METROP. ELET. SAO PAULO S.A.;AES ELETROPAULO;1993-08-19;1902-04-07;;;ATIVO;1993-08-19;14176;Energia Elétrica;BALCÃO ORGANIZADO;Categoria B;2019-12-03;FASE OPERACIONAL;1993-08-19;PRIVADO;SEDE;Av. das Nações Unidas, 14401, andares 17°ao 23º;conjunto 1 ao 4;Chácara Sto Antônio;SÃO PAULO;SP;BRASIL;4794000;11;21957048;11;21952308;brasil.investorrelations@enel.com;DIRETOR DE RELAÇÕES COM INVESTIDORES;Francesco Tutoli;2024-04-01;Avenida das Nações Unidas, 14401, Conjunto 1 ao 4, Torre B1;17º ao 23º andar;Vila Gertrudes;SÃO PAULO;SP;;4794000;11;21957048;;;brasil.investorrelations@enel.com;07.326.840/0001-98;FORVIS MAZARS AUDITORES INDEPENDENTES - SOCIEDADE SIMPLES LTDA.
61.695.227/0001-93;ELETROPAULO METROP. ELET. SAO PAULO S.A.;AES ELETROPAULO;1993-08-19;1902-04-07;;;ATIVO;1993-08-19;14176;Energia Elétrica;BOLSA;Categoria B;2019-12-03;FASE OPERACIONAL;1993-08-19;PRIVADO;SEDE;Av. das Nações Unidas, 14401, andares 17°ao 23º;conjunto 1 ao 4;Chácara Sto Antônio;SÃO PAULO;SP;BRASIL;4794000;11;21957048;11;21952308;brasil.investorrelations@enel.com;DIRETOR DE RELAÇÕES COM INVESTIDORES;Francesco Tutoli;2024-04-01;Avenida das Nações Unidas, 14401, Conjunto 1 ao 4, Torre B1;17º ao 23º andar;Vila Gertrudes;SÃO PAULO;SP;;4794000;11;21957048;;;brasil.investorrelations@enel.com;07.326.840/0001-98;FORVIS MAZARS AUDITORES INDEPENDENTES - SOCIEDADE SIMPLES LTDA.
09.053.134/0001-45;ELFA MEDICAMENTOS S.A.;;2020-12-02;2007-07-26;;;ATIVO;2020-12-02;25348;Serviços Médicos;;Categoria A;2020-12-02;FASE OPERACIONAL;2020-08-13;PRIVADO;SEDE;Intersecção da Rodovia DF 001 com Rodovia 475, Galpão 02;Módulos 4, 5 e 6;Ponte Alta Norte;BRASÍLIA;DF;BRASIL;72427010;11;48902001;;;ri@grupoelfa.com.br;DIRETOR DE RELAÇÕES COM INVESTIDORES;RAFAEL MOISÉS FRANCO PEREIRA DA COSTA;2024-04-05;Avenida Doutor Chucri Zaidan, 1649;Conjunto 81, Torre A;Vila São Francisco;SÃO PAULO;SP;;4711130;11;48902001;;;ri@grupoelfa.com.br;49.928.567/0001-11;DELOITTE TOUCHE TOHMATSU AUDITORES INDEPENDENTES LTDA.
02.302.101/0001-42;EMAE - EMPRESA METROP.AGUAS ENERGIA S.A.;EMAE;1998-03-27;1997-12-11;;;ATIVO;1998-03-27;16993;Energia Elétrica;BOLSA;Categoria A;2010-01-01;FASE OPERACIONAL;1998-03-27;ESTATAL;SEDE;Avenida Presidente Juscelino Kubitscheck, 1830;2º andar;Itaim Bibi;SÃO PAULO;SP;BRASIL;4543900;11;27636350;11;38881851;dir_financeira@emae.com.br;DIRETOR DE RELAÇÕES COM INVESTIDORES;Pedro Borges Petersen;2026-02-23;Av. Pres. Juscelino Kubitschek, 1830;;Itaim Bibi;SÃO PAULO;SP;;4543900;21;982168966;;;dir_financeira@emae.com.br;54.276.936/0001-79;BDO RCS AUDITORES INDEPENDENTES - SOCIEDADE SIMPLES LIMITADA
42.331.462/0001-31;EMBPAR PARTICIPAÇÕES S/A;EMBPAR PARTICIPAÇÕES S/A;1996-03-14;1949-01-01;;;ATIVO;1996-03-14;15458;Emp. Adm. Part. - Sem Setor Principal;BOLSA;Categoria A;2010-01-01;FASE OPERACIONAL;1996-03-14;PRIVADO HOLDING;SEDE;Estrada RIN 432, Acesso Battistella, nº 3000, Km 133;Km 133, sala 05;Rio Preto;RIO NEGRINHO;SC;BRASIL;89299899;41;32997272;41;32997244;ri@embpar.com.br;DIRETOR DE RELAÇÕES COM INVESTIDORES;Clayton Cerasomma Figueiredo;2025-04-29;Estrada RIN 432, Acesso Battistella, 3000;Km 133, sala 05;Boa Vista;RIO NEGRINHO;SC;;89299899;47;36462275;;;ri@embpar.com.br;28.881.518/0001-09;VALUTARE AUDITORES INDEPENDENTES SS LTDA.
07.689.002/0001-89;EMBRAER S.A.;EMBRAER;2006-05-23;2005-09-02;;;ATIVO;2006-05-23;20087;Máquinas, Equipamentos, Veículos e Peças;BOLSA;Categoria A;2010-01-01;FASE OPERACIONAL;2006-05-23;PRIVADO;SEDE;Av. Brigadeiro Faria Lima 2170;;Putim;SÃO JOSÉ DOS CAMPOS;SP;BRASIL;12227901;12;39271000;;;investor.relations@embraer.com.br;DIRETOR DE RELAÇÕES COM INVESTIDORES;Felipe Santana Santiago de Lima;2026-04-13;Avenida Dra. Ruth Cardoso, 8.501,;30º andar Lado B;Pinheiros;SÃO PAULO;;;542507;11;30406874;;;investor.relations@embraer.com.br;57.755.217/0001-29;KPMG AUDITORES INDEPENDENTES LTDA.
19.403.252/0001-90;EMCCAMP RESIDENCIAL S.A.;;2021-05-20;1977-01-28;;;ATIVO;2021-05-20;25909;Construção Civil, Mat. Constr. e Decoração;BALCÃO ORGANIZADO;Categoria A;2023-11-03;FASE OPERACIONAL;2021-02-26;PRIVADO;SEDE;Rua Gonçalves Dias;nº 744;Funcionários;BELO HORIZONTE;MG;BRASIL;30140091;31;35267455;;;;DIRETOR DE RELAÇÕES COM INVESTIDORES;ANDRÉ ALVES AVELAR;2022-02-22;Rua Gonçalves Dias,;nº 744;Funcionários;BELO HORIZONTE;MG;;30140091;31;35267455;;;ri@emccamp.com.br;57.755.217/0001-29;KPMG AUDITORES INDEPENDENTES LTDA.
06.626.253/0001-51;EMPREENDIMENTOS PAGUE MENOS SA;EMPREENDIMENTOS PAGUE MENOS SA;2011-10-21;1981-05-19;;;ATIVO;2011-10-21;22608;Comércio (Atacado e Varejo);BALCÃO ORGANIZADO;Categoria A;2011-10-21;FASE OPERACIONAL;2011-10-21;PRIVADO;SEDE;Rua Senador Pompeu;nº 1520;Centro;FORTALEZA;CE;BRASIL;60025002;85;32555544;85;32311200;ri@pmenos.com.br;DIRETOR DE RELAÇÕES COM INVESTIDORES;Luiz Renato Novais;2016-09-15;Rua Senador Pompeu;nº 1520;Centro;FORTALEZA;;;60025902;85;32555544;;;ri@pmenos.com.br;57.755.217/0001-29;KPMG AUDITORES INDEPENDENTES LTDA.
06.626.253/0001-51;EMPREENDIMENTOS PAGUE MENOS SA;EMPREENDIMENTOS PAGUE MENOS SA;2011-10-21;1981-05-19;;;ATIVO;2011-10-21;22608;Comércio (Atacado e Varejo);BOLSA;Categoria A;2011-10-21;FASE OPERACIONAL;2011-10-21;PRIVADO;SEDE;Rua Senador Pompeu;nº 1520;Centro;FORTALEZA;CE;BRASIL;60025002;85;32555544;85;32311200;ri@pmenos.com.br;DIRETOR DE RELAÇÕES COM INVESTIDORES;Luiz Renato Novais;2016-09-15;Rua Senador Pompeu;nº 1520;Centro;FORTALEZA;;;60025902;85;32555544;;;ri@pmenos.com.br;57.755.217/0001-29;KPMG AUDITORES INDEPENDENTES LTDA.
15.413.826/0001-50;ENERGISA MATO GROSSO DO SUL - DIST DE ENERGIA S.A.;ENERSUL;1981-08-28;1979-01-01;;;ATIVO;1981-08-28;5576;Energia Elétrica;BOLSA;Categoria B;2010-01-01;FASE OPERACIONAL;1981-08-28;PRIVADO;SEDE;Avenida Gury Marques, 8000;Bloco 1;Santa Felicidade;CAMPO GRANDE;MS;BRASIL;79072900;67;33984906;67;33984366;ri@energisa.com.br;DIRETOR DE RELAÇÕES COM INVESTIDORES;Maurício Perez Botelho;2014-04-11;Praia de Botafogo, n.º 228/13º andar;Ed. Argentina;Botafogo;RIO DE JANEIRO;RJ;;22250906;21;21229521;;;ri@energisa.com.br;49.928.567/0001-11;DELOITTE TOUCHE TOHMATSU AUDITORES INDEPENDENTES LTDA.
03.467.321/0001-99;ENERGISA MATO GROSSO-DISTRIBUIDORA DE ENERGIA S/A;ENERGISA MATO GROSSO - DISTRIBUIDORA DE ENERGIA S.A.;1994-10-25;1956-08-04;;;ATIVO;1994-10-25;14605;Energia Elétrica;BOLSA;Categoria A;2010-01-01;FASE OPERACIONAL;1994-10-25;PRIVADO;SEDE;Rua Vereador João Barbosa Caramuru;nº 184;Bandeirantes;CUIABÁ;MT;BRASIL;78010900;65;33165225;65;36247076;ri@energisa.com.br;DIRETOR DE RELAÇÕES COM INVESTIDORES;Maurício Perez Botelho;2014-04-14;Praia de Botafogo, n.º 228/13º andar;Ed. Argentina;Botafogo;RIO DE JANEIRO;RJ;;22250906;21;21229521;;;ri@energisa.com.br;49.928.567/0001-11;DELOITTE TOUCHE TOHMATSU AUDITORES INDEPENDENTES LTDA.
19.527.639/0001-58;ENERGISA MINAS RIO - DISTRIBUIDORA DE ENERGIA S/A;ENERGISA MINAS RIO - DISTRIBUIDORA DE ENERGIA S/A;1969-12-17;1905-02-26;;;ATIVO;1969-12-17;3271;Energia Elétrica;BOLSA;Categoria B;2011-03-01;FASE OPERACIONAL;1969-12-17;PRIVADO;SEDE;Praça Rui Barbosa;80;Centro;CATAGUASES;MG;BRASIL;36770901;32;34296000;32;34296480;ri@energisa.com.br;DIRETOR DE RELAÇÕES COM INVESTIDORES;Maurício Perez Botelho;2003-02-10;Praia de Botafogo, n.º 228/13º andar;Ed.Argentina;Botafogo;RIO DE JANEIRO;RJ;;22250906;21;21229521;;;ri@energisa.com.br;49.928.567/0001-11;DELOITTE TOUCHE TOHMATSU AUDITORES INDEPENDENTES LTDA.
09.095.183/0001-40;ENERGISA PARAÍBA - DISTRIBUIDORA DE ENERGIA S/A;ENERGISA PARAIBA - DISTRIBUIDORA DE ENERGIA S/A;2010-01-29;1964-02-14;;;ATIVO;2010-01-29;21938;Energia Elétrica;BOLSA;Categoria B;2010-01-29;FASE OPERACIONAL;2010-01-30;PRIVADO;SEDE;BR 230;Km 25, s/nº;Cristo Redentor;JOÃO PESSOA;PB;BRASIL;58071680;83;21067000;83;32312815;ri@energisa.com.br;DIRETOR DE RELAÇÕES COM INVESTIDORES;Maurício Perez Botelho;2010-01-29;Praia de Botafogo, n.º 228/13º andar;Ed. Argentina;Botafogo;RIO DE JANEIRO;RJ;;22250906;21;21229521;;;ri@energisa.com.br;49.928.567/0001-11;DELOITTE TOUCHE TOHMATSU AUDITORES INDEPENDENTES LTDA.
00.864.214/0001-06;ENERGISA SA;ENERGISA;1995-12-20;1995-08-09;;;ATIVO;1995-12-20;15253;Emp. Adm. Part. - Energia Elétrica;BOLSA;Categoria A;2010-01-01;FASE OPERACIONAL;2001-03-31;PRIVADO;SEDE;PRAÇA RUI BARBOSA;Nº 80 (PARTE);CENTRO;CATAGUASES;MG;BRASIL;36770901;32;34296000;32;34296317;ri@energisa.com.br;DIRETOR DE RELAÇÕES COM INVESTIDORES;Maurício Perez Botelho;1995-12-20;Praia de Botafogo, n.º 228/13º andar;Ed. Argentina;Botafogo;RIO DE JANEIRO;RJ;;22250906;21;21229521;;;ri@energisa.com.br;49.928.567/0001-11;DELOITTE TOUCHE TOHMATSU AUDITORES INDEPENDENTES LTDA.
13.017.462/0001-63;ENERGISA SERGIPE - DISTRIBUIDORA DE ENERGIA S/A;ENERGISA SERGIPE;2001-07-17;1997-12-01;;;ATIVO;2001-07-17;18996;Energia Elétrica;BOLSA;Categoria B;2011-03-01;FASE OPERACIONAL;2001-07-17;PRIVADO;SEDE;Rua Ministro Apolônio Sales;81;Inácio Barbosa;ARACAJU;SE;BRASIL;49040230;79;21061600;79;32492176;ri@energisa.com.br;DIRETOR DE RELAÇÕES COM INVESTIDORES;Maurício Perez Botelho;2001-07-17;Praia de Botafogo, n.º 228/13º andar;Ed. Argentina;Botafogo;RIO DE JANEIRO;RJ;;22250906;21;21229521;;;ri@energisa.com.br;49.928.567/0001-11;DELOITTE TOUCHE TOHMATSU AUDITORES INDEPENDENTES LTDA.
07.282.377/0001-20;ENERGISA SUL-SUDESTE - DISTRIBUIDORA DE ENERGIA S.A.;ENERGIA SUL-SUDESTE - DISTRIBUIDORA DE ENERGIA S.A.;2019-11-05;2005-03-09;;;ATIVO;2019-11-05;24864;Energia Elétrica;BALCÃO NÃO ORGANIZADO;Categoria B;2019-11-05;FASE OPERACIONAL;2019-09-24;PRIVADO;SEDE;Rodovia Assis Chateaubriand, s/nº - km 455;(mais 600 metros);Vila Maria;PRESIDENTE PRUDENTE;SP;BRASIL;19053680;18;39023500;18;39023500;ri@energisa.com.br;DIRETOR DE RELAÇÕES COM INVESTIDORES;Maurício Perez Botelho;2019-09-16;Praia de Botafogo, n.º 228/13º andar;Ed. Argentina;Botafogo;RIO DE JANEIRO;RJ;;22250906;21;21229521;;;ri@energisa.com.br;49.928.567/0001-11;DELOITTE TOUCHE TOHMATSU AUDITORES INDEPENDENTES LTDA.
07.282.377/0001-20;ENERGISA SUL-SUDESTE - DISTRIBUIDORA DE ENERGIA S.A.;ENERGIA SUL-SUDESTE - DISTRIBUIDORA DE ENERGIA S.A.;2019-11-05;2005-03-09;;;ATIVO;2019-11-05;24864;Energia Elétrica;BOLSA;Categoria B;2019-11-05;FASE OPERACIONAL;2019-09-24;PRIVADO;SEDE;Rodovia Assis Chateaubriand, s/nº - km 455;(mais 600 metros);Vila Maria;PRESIDENTE PRUDENTE;SP;BRASIL;19053680;18;39023500;18;39023500;ri@energisa.com.br;DIRETOR DE RELAÇÕES COM INVESTIDORES;Maurício Perez Botelho;2019-09-16;Praia de Botafogo, n.º 228/13º andar;Ed. Argentina;Botafogo;RIO DE JANEIRO;RJ;;22250906;21;21229521;;;ri@energisa.com.br;49.928.567/0001-11;DELOITTE TOUCHE TOHMATSU AUDITORES INDEPENDENTES LTDA.
28.201.130/0001-01;ENERGISA TRANSMISSÃO DE ENERGIA S.A.;ENERGISA TRANSMISSÃO DE ENERGIA S.A.;2018-10-29;2017-05-09;;;ATIVO;2018-10-29;24589;Emp. Adm. Part. - Energia Elétrica;BOLSA;Categoria B;2018-10-29;FASE OPERACIONAL;2018-10-29;PRIVADO;SEDE;Praça Rui Barbosa, 80;Parte;Centro;CATAGUASES;MG;BRASIL;36770901;32;34296000;32;34296226;ri@energisa.com.br;DIRETOR DE RELAÇÕES COM INVESTIDORES;Maurício Perez Botelho;2018-07-18;Praia de Botafogo, n.º 228/13º andar;Ed. Argentina;Botafogo;RIO DE JANEIRO;RJ;;22250906;21;21229521;;;ri@energisa.com.br;49.928.567/0001-11;DELOITTE TOUCHE TOHMATSU AUDITORES INDEPENDENTES LTDA.
04.423.567/0001-21;ENEVA S.A.;ENEVA SA;2007-12-07;2001-04-25;;;ATIVO;2007-12-07;21237;Energia Elétrica;BOLSA;Categoria A;2010-01-01;FASE OPERACIONAL;2016-06-30;PRIVADO;SEDE;Praia de Botafogo nº 501, Bloco I, 2º e 4º andares;;Botafogo;RIO DE JANEIRO;RJ;BRASIL;22250040;21;37213030;21;37213001;ri@eneva.com.br;DIRETOR DE RELAÇÕES COM INVESTIDORES;Marcelo Campos Habibe;2019-08-15;Praia de Botafogo nº 501, Bloco I, 2º e 4º andares;;Botafogo;RIO DE JANEIRO;RJ;;22250040;21;37213030;;;ri@eneva.com.br;61.562.112/0001-20;PRICEWATERHOUSECOOPERS AUDITORES INDEPENDENTES LTDA.
02.474.103/0001-19;ENGIE BRASIL ENERGIA S.A.;TRACTEBEL ENERGIA;1998-05-28;1998-01-29;;;ATIVO;1998-05-28;17329;Energia Elétrica;BALCÃO NÃO ORGANIZADO;Categoria A;2010-01-01;FASE OPERACIONAL;1998-05-28;PRIVADO;SEDE;Rua Paschoal Apóstolo Pítsica, 5064;;Agronômica;FLORIANÓPOLIS;SC;BRASIL;88025255;48;32217060;48;32217002;ri.brenergia@engie.com;DIRETOR DE RELAÇÕES COM INVESTIDORES;PIERRE AUGUSTE GRATIEN LEBLANC;2025-07-01;Rua Paschoal Apóstolo Pítsica, 5064;;Agronômica;FLORIANÓPOLIS;;;88025255;48;32217246;;;ri.brenergia@engie.com;57.755.217/0001-29;KPMG AUDITORES INDEPENDENTES LTDA.
02.474.103/0001-19;ENGIE BRASIL ENERGIA S.A.;TRACTEBEL ENERGIA;1998-05-28;1998-01-29;;;ATIVO;1998-05-28;17329;Energia Elétrica;BALCÃO ORGANIZADO;Categoria A;2010-01-01;FASE OPERACIONAL;1998-05-28;PRIVADO;SEDE;Rua Paschoal Apóstolo Pítsica, 5064;;Agronômica;FLORIANÓPOLIS;SC;BRASIL;88025255;48;32217060;48;32217002;ri.brenergia@engie.com;DIRETOR DE RELAÇÕES COM INVESTIDORES;PIERRE AUGUSTE GRATIEN LEBLANC;2025-07-01;Rua Paschoal Apóstolo Pítsica, 5064;;Agronômica;FLORIANÓPOLIS;;;88025255;48;32217246;;;ri.brenergia@engie.com;57.755.217/0001-29;KPMG AUDITORES INDEPENDENTES LTDA.
02.474.103/0001-19;ENGIE BRASIL ENERGIA S.A.;TRACTEBEL ENERGIA;1998-05-28;1998-01-29;;;ATIVO;1998-05-28;17329;Energia Elétrica;BOLSA;Categoria A;2010-01-01;FASE OPERACIONAL;1998-05-28;PRIVADO;SEDE;Rua Paschoal Apóstolo Pítsica, 5064;;Agronômica;FLORIANÓPOLIS;SC;BRASIL;88025255;48;32217060;48;32217002;ri.brenergia@engie.com;DIRETOR DE RELAÇÕES COM INVESTIDORES;PIERRE AUGUSTE GRATIEN LEBLANC;2025-07-01;Rua Paschoal Apóstolo Pítsica, 5064;;Agronômica;FLORIANÓPOLIS;;;88025255;48;32217246;;;ri.brenergia@engie.com;57.755.217/0001-29;KPMG AUDITORES INDEPENDENTES LTDA.
16.922.038/0001-51;ENJOEI S.A.;;2020-11-05;2012-08-01;;;ATIVO;2020-11-05;25259;Comércio (Atacado e Varejo);BOLSA;Categoria A;2020-11-05;FASE OPERACIONAL;2020-09-01;PRIVADO;SEDE;Avenida Ipiranga, 200;Loja 87, Terraço;República;SÃO PAULO;SP;BRASIL;1046925;11;31974884;;;ri@enjoei.com.br;DIRETOR DE RELAÇÕES COM INVESTIDORES;Leandro Mota Marchesi;2026-01-06;Avenida Ipiranga, 200;Loja 87, Terraço;República;SÃO PAULO;SP;;1046925;11;31974884;;;ri@enjoei.com.br;10.830.108/0001-65;GRANT THORNTON AUDITORES INDEPENDENTES LTDA.
26.664.057/0001-89;ENTREVIAS CONCESSIONÁRIA DE RODOVIAS S.A.;ENTREVIAS CONCESSIONÁRIA DE RODOVIAS S.A.;2018-03-01;2016-10-04;;;ATIVO;2018-03-01;24341;Serviços Transporte e Logística;BALCÃO ORGANIZADO;Categoria B;2018-03-01;FASE OPERACIONAL;2018-03-01;PRIVADO;SEDE;Rodovia Attílio Balbo - SP-322 km 327+500;s/n;Zona Industrial;SERTÃOZINHO;SP;BRASIL;14173000;014;34012626;014;34012626;ri@entrevias.com.br;DIRETOR DE RELAÇÕES COM INVESTIDORES;FRANCOIS XAVIER MARIE GABRIEL ARHANCHIAGUE;2023-07-03;Rodovia Attílio Balbo - SP-322 km 327+500;s/n;Zona Industrial;SERTÃOZINHO;SP;;1417300;16;21059900;;;fx.arhanchiague@vinci-highways.com.br;57.755.217/0001-29;KPMG AUDITORES INDEPENDENTES LTDA.
09.527.023/0001-23;ENVIRONMENTAL ESG PARTICIPAÇÕES S.A.;;2021-10-05;2008-04-18;;;ATIVO;2021-10-05;26271;Saneamento, Serv. Água e Gás;BALCÃO ORGANIZADO;Categoria A;2021-10-05;FASE OPERACIONAL;2021-08-18;PRIVADO;SEDE;Rodovia Anhanguera, s/n, Km 120, Galpão 05;Distr. Industrial I;Nova Odessa;SÃO PAULO;SP;BRASIL;13380001;19;982610835;;;;DIRETOR DE RELAÇÕES COM INVESTIDORES;RENATO FERREIRA DOS SANTOS;2026-01-20;RODOVIA ANHANGUERA, S/N, KM 12;GALPÃO 05;DISTR. INDUSTRIAL I;NOVA ODESSA;SP;;13380001;11;99927664;0;0;ri@esgparticipacoes.com;54.276.936/0001-79;BDO RCS AUDITORES INDEPENDENTES - SOCIEDADE SIMPLES LIMITADA
58.056.046/0001-02;EPR IGUAÇU S.A.;EPR IGUAÇU S.A.;2025-10-07;2024-10-18;;;ATIVO;2025-10-07;27928;Serviços Transporte e Logística;BALCÃO ORGANIZADO;Categoria B;2025-07-28;FASE OPERACIONAL;2025-07-28;PRIVADO;SEDE;Avenida Presidente Tancredo Neves 3702;;Santa Cruz;CASCAVEL;PR;BRASIL;85806470;11;30958600;;;ri@grupoepr.com.br;DIRETOR DE RELAÇÕES COM INVESTIDORES;Enio Stein Júnior;2025-05-20;Avenida Aracy Tanaka Biazetto, 11.458;;Pion. Catarinenses;CASCAVEL;PR;;85805505;11;30958600;;;ri@grupoepr.com.br;61.366.936/0001-25;ERNST & YOUNG AUDITORES INDEPENDENTES S/S LTDA.
51.136.974/0001-38;EPR INFRAESTRUTURA PR S.A.;EPR INFRAESTRUTURA PR S.A.;2024-12-16;2023-06-01;;;ATIVO;2024-12-16;27715;Serviços Transporte e Logística;BALCÃO ORGANIZADO;Categoria B;2024-10-01;FASE OPERACIONAL;2024-10-01;PRIVADO HOLDING;SEDE;Av. Brigadeiro Faria Lima, nº 1188;6º andar, sala nº 22;Jardim Paulistano;SÃO PAULO;SP;BRASIL;1451001;11;30958600;;;ri@grupoepr.com.br;DIRETOR DE RELAÇÕES COM INVESTIDORES;Enio Stein Júnior;2024-01-01;Av. Brigadeiro Faria Lima, nº 1188;6º andar, sala nº 22;Jardim Paulistano;SÃO PAULO;SP;;1451001;11;30958600;;;ri@grupoepr.com.br;61.366.936/0001-25;ERNST & YOUNG AUDITORES INDEPENDENTES S/S LTDA.
51.137.031/0001-20;EPR LITORAL PIONEIRO S.A.;EPR LITORAL PIONEIRO S.A.;2024-12-16;2023-06-01;;;ATIVO;2024-12-16;27723;Serviços Transporte e Logística;;Categoria B;2024-10-01;FASE OPERACIONAL;2024-10-01;PRIVADO HOLDING;SEDE;Rodovia BR 277, Km 60+250;Praça de Pedágio;Borda do Campo;SÃO JOSÉ DOS PINHAIS;PR;BRASIL;83075000;41;991748864;;;juridico@eprlpioneiro.com.br;DIRETOR DE RELAÇÕES COM INVESTIDORES;Enio Stein Júnior;2024-07-03;Avenida Dr. Dário Lopes dos Santos, nº 2197;7º andar;Jardim Botânico;CURITIBA;PR;;80210010;11;30958600;;;ri@grupoepr.com.br;61.366.936/0001-25;ERNST & YOUNG AUDITORES INDEPENDENTES S/S LTDA.
55.231.969/0001-65;EPR VIA MINEIRA S.A.;EPR VIA MINEIRA S.A.;2025-07-22;2024-05-20;;;ATIVO;2025-07-22;27863;Serviços Transporte e Logística;;Categoria B;2025-04-11;FASE OPERACIONAL;2025-04-11;PRIVADO;SEDE;Rua Niágara, 350;;Jardim Canadá;NOVA LIMA;MG;BRASIL;34007652;31;33237200;;;ri@grupoepr.com.br;DIRETOR DE RELAÇÕES COM INVESTIDORES;Enio Stein Júnior;2025-04-07;Rua Niágara, 350;;Jardim Canadá;NOVA LIMA;;;34007652;31;33237200;;;ri@grupoepr.com.br;61.366.936/0001-25;ERNST & YOUNG AUDITORES INDEPENDENTES S/S LTDA.
01.543.032/0001-04;EQUATORIAL GOIAS DISTRIBUIDORA DE ENERGIA S.A.;CELG D;2021-02-12;1956-02-16;;;ATIVO;2021-02-12;25577;Energia Elétrica;BALCÃO ORGANIZADO;Categoria B;2021-02-12;FASE OPERACIONAL;2020-09-21;PRIVADO;SEDE;Rua 2, Quadra A-37, nº 505;Ed. Gileno Godói;Jardim Goiás;GOIÂNIA;GO;BRASIL;74805180;62;2431040;62;2431063;ri@equatorialenergia.com.br;DIRETOR DE RELAÇÕES COM INVESTIDORES;Tatiana Queiroga Vasques;2025-11-12;SCS, Quadra 09, Lote C, Torre A, Parque Cidade Corporate;12º andar;Asa Sul;BRASÍLIA;DF;;70308200;61;34261000;;;ri@equatorialenergia.com.br;61.366.936/0001-25;ERNST & YOUNG AUDITORES INDEPENDENTES S/S LTDA.
06.272.793/0001-84;EQUATORIAL MARANHÃO DISTRIBUIDORA DE ENERGIA S.A.;EQUATORIAL MARANHÃO DISTRIBUIDORA DE ENERGIA S.A.;1997-11-13;1965-12-31;;;ATIVO;1997-11-13;16608;Energia Elétrica;BALCÃO ORGANIZADO;Categoria A;2010-01-01;FASE OPERACIONAL;1997-11-13;PRIVADO;SEDE;Alameda A, QDA SQS, Loteamento Quitandinha;s/n;Altos do Calhau;SÃO LUÍS;MA;BRASIL;65071680;98;32178000;98;32178000;ri@equatorialenergia.com.br;DIRETOR DE RELAÇÕES COM INVESTIDORES;Tatiana Queiroga Vasques;2019-03-29;SCS, Quadra 09, Lote C, Torre A, Parque Cidade Corporate;12º andar;Asa Sul;BRASÍLIA;DF;;70308200;61;34261000;;;ri@equatorialenergia.com.br;61.366.936/0001-25;ERNST & YOUNG AUDITORES INDEPENDENTES S/S LTDA.
04.895.728/0001-80;EQUATORIAL PARÁ DISTRIBUIDORA DE ENERGIA S.A.;EQUATORIAL PARÁ DISTRIBUIDORA DE ENERGIA S.A.;1999-06-14;1960-08-31;;;ATIVO;1999-06-14;18309;Energia Elétrica;BOLSA;Categoria A;2010-01-01;FASE OPERACIONAL;2014-12-02;PRIVADO;SEDE;RODOVIA AUGUSTO MONTENEGRO, KM. 8,5;S/Nº;COQUEIRO;BELÉM;PA;BRASIL;66823010;91;32161201;91;32161201;ri@equatorialenergia.com.br;DIRETOR DE RELAÇÕES COM INVESTIDORES;Tatiana Queiroga Vasques;2019-03-30;SCS, Quadra 09, Lote C, Torre A, Parque Cidade Corporate;12º andar;Asa Sul;BRASÍLIA;DF;;70308200;61;34261000;;;ri@equatorialenergia.com.br;61.366.936/0001-25;ERNST & YOUNG AUDITORES INDEPENDENTES S/S LTDA.
03.220.438/0001-73;EQUATORIAL S.A.;EQUATORIAL S.A.;2006-03-30;1999-06-16;;;ATIVO;2006-03-30;20010;Energia Elétrica;BOLSA;Categoria A;2010-01-01;FASE OPERACIONAL;2006-03-30;PRIVADO;SEDE;Alameda A, nº 100;Anexo B;Vinhais;SÃO LUÍS;MA;BRASIL;65070900;98;32179000;98;32172110;ri@equatorialenergia.com.br;DIRETOR DE RELAÇÕES COM INVESTIDORES;Leonardo da Silva Lucas Tavares de Lima;2019-11-11;SCS, Quadra 09, Lote C, Torre A, Parque Cidade Corporate;12º andar;Asa Sul;BRASÍLIA;DF;;70308200;61;34261000;;;ri@equatorialenergia.com.br;61.366.936/0001-25;ERNST & YOUNG AUDITORES INDEPENDENTES S/S LTDA.
15.385.166/0001-40;EQUIPAV SANEAMENTO S.A.;EQUIPAV SANEAMENTO S.A.;2024-09-13;2013-07-18;;;ATIVO;2024-09-13;27642;Saneamento, Serv. Água e Gás;;Categoria B;2024-07-08;FASE OPERACIONAL;2024-09-13;PRIVADO;SEDE;Av. Brigadeiro Faria Lima, 1355;19º Andar Sala 02;Jardim Paulistano;SÃO PAULO;SP;BRASIL;1452919;11;30958600;;;ri@equipav.com.br;DIRETOR DE RELAÇÕES COM INVESTIDORES;DANILO DIAS GARCEZ DE CASTRO DORIA;2024-05-03;Av. Brigadeiro Faria Lima, 1355;19º Andar, Sala 02;Jardim Paulistano;SÃO PAULO;SP;;1452919;11;30958600;;;ri@equipav.com.br;57.755.217/0001-29;KPMG AUDITORES INDEPENDENTES LTDA.
07.802.794/0001-56;ESSENTIA PCHS S.A.;ESSENTIA PCHS S.A.;2021-08-12;2005-12-06;;;ATIVO;2021-08-12;26158;Energia Elétrica;;Categoria B;2021-08-12;FASE OPERACIONAL;2021-04-26;ESTRANGEIRO;SEDE;Rua Campos Bicudo, 98;4º andar;Jardim Europa;SÃO PAULO;SP;BRASIL;4536010;11;23971450;;;ri@essentiaenergia.com.br;DIRETOR DE RELAÇÕES COM INVESTIDORES;Gabriel Marinho de Farias;2024-07-29;Rua Campos Bicudo, 98;4º andar;Jardim Europa;SÃO PAULO;;;4536010;11;23971450;;;ri@essentiaenergia.com.br;57.755.217/0001-29;KPMG AUDITORES INDEPENDENTES LTDA.
61.092.037/0001-81;ETERNIT S.A.;ETERNIT;1970-11-17;1940-01-30;;;ATIVO;1970-11-17;5762;Construção Civil, Mat. Constr. e Decoração;BOLSA;Categoria A;2010-01-01;FASE OPERACIONAL;2024-08-09;PRIVADO;SEDE;Rua Dr. Fernandes Coelho, 85;8º andar;Pinheiros;SÃO PAULO;SP;BRASIL;5423040;11;30383818;11;38162782;ri@eternit.com.br;DIRETOR DE RELAÇÕES COM INVESTIDORES;Carisa Santos Portela Cristal;2024-12-02;Rua Dr. Fernandes Coelho;85 - 8º andar;Pinheiros;SÃO PAULO;;;5423040;11;31943880;;;ri@eternit.com.br;16.549.480/0001-84;RSM BRASIL AUDITORES INDEPENDENTES LTDA.
56.643.018/0001-66;EUCATEX S.A. INDUSTRIA E COMERCIO;EUCATEX;1969-08-20;1951-11-23;;;ATIVO;1969-08-20;5770;Construção Civil, Mat. Constr. e Decoração;BOLSA;Categoria A;2010-01-01;FASE OPERACIONAL;2009-11-30;PRIVADO;SEDE;Av. Juscelino Kubitschek, 1830 11 andar;Torre II;Vila Olimpia;SÃO PAULO;SP;BRASIL;4543900;11;30492473;;;;DIRETOR DE RELAÇÕES COM INVESTIDORES;José Antônio Goulart de Carvalho;2008-04-28;Av Juscelino Kubitschek, 1830 Torre1 11a;Presidencia;Vila Nova Conceição;SÃO PAULO;SP;;4543900;11;30492473;;;ri@eucatex.com.br;61.366.936/0001-25;ERNST & YOUNG AUDITORES INDEPENDENTES S/S LTDA.
61.190.096/0001-92;EUROFARMA LABORATÓRIOS S.A.;EUROFARMA LABORATËRIOS S.A.;2022-03-28;1962-07-04;;;ATIVO;2022-03-28;26700;Farmacêutico e Higiene;BALCÃO NÃO ORGANIZADO;Categoria A;2021-12-16;FASE OPERACIONAL;2021-12-16;PRIVADO;SEDE;Avenida Vereador José Diniz, nº 3465;18º andar, Ed. Viva;Campo Belo;SÃO PAULO;SP;BRASIL;4603900;11;50908570;;;ri@eurofarma.com;DIRETOR DE RELAÇÕES COM INVESTIDORES;Marco Billi;2025-10-15;Avenida Vereador José Diniz, nº 3465;Ed. Viva - 18 andar;Campo Belo;SÃO PAULO;SP;;4603900;11;50908570;;;ri@eurofarma.com;61.366.936/0001-25;ERNST & YOUNG AUDITORES INDEPENDENTES S/S LTDA.
61.190.096/0001-92;EUROFARMA LABORATÓRIOS S.A.;EUROFARMA LABORATËRIOS S.A.;2022-03-28;1962-07-04;;;ATIVO;2022-03-28;26700;Farmacêutico e Higiene;BALCÃO ORGANIZADO;Categoria A;2021-12-16;FASE OPERACIONAL;2021-12-16;PRIVADO;SEDE;Avenida Vereador José Diniz, nº 3465;18º andar, Ed. Viva;Campo Belo;SÃO PAULO;SP;BRASIL;4603900;11;50908570;;;ri@eurofarma.com;DIRETOR DE RELAÇÕES COM INVESTIDORES;Marco Billi;2025-10-15;Avenida Vereador José Diniz, nº 3465;Ed. Viva - 18 andar;Campo Belo;SÃO PAULO;SP;;4603900;11;50908570;;;ri@eurofarma.com;61.366.936/0001-25;ERNST & YOUNG AUDITORES INDEPENDENTES S/S LTDA.
61.190.096/0001-92;EUROFARMA LABORATÓRIOS S.A.;EUROFARMA LABORATËRIOS S.A.;2022-03-28;1962-07-04;;;ATIVO;2022-03-28;26700;Farmacêutico e Higiene;BOLSA;Categoria A;2021-12-16;FASE OPERACIONAL;2021-12-16;PRIVADO;SEDE;Avenida Vereador José Diniz, nº 3465;18º andar, Ed. Viva;Campo Belo;SÃO PAULO;SP;BRASIL;4603900;11;50908570;;;ri@eurofarma.com;DIRETOR DE RELAÇÕES COM INVESTIDORES;Marco Billi;2025-10-15;Avenida Vereador José Diniz, nº 3465;Ed. Viva - 18 andar;Campo Belo;SÃO PAULO;SP;;4603900;11;50908570;;;ri@eurofarma.com;61.366.936/0001-25;ERNST & YOUNG AUDITORES INDEPENDENTES S/S LTDA.
43.470.988/0001-65;EVEN CONSTRUTORA E INCORPORADORA S/A;EVEN;2007-03-02;2002-01-01;;;ATIVO;2007-03-02;20524;Construção Civil, Mat. Constr. e Decoração;BOLSA;Categoria A;2010-01-01;FASE OPERACIONAL;2007-03-02;PRIVADO;SEDE;Rua Hungria;1400, 2º andar;Jardim América;SÃO PAULO;SP;BRASIL;1455000;11;33773682;;;ri@even.com.br;DIRETOR DE RELAÇÕES COM INVESTIDORES;Marcelo Dzik;2023-01-03;Rua Hungria;1400, 2º andar;Jardim América;SÃO PAULO;SP;;1455000;11;33773699;;;ri@even.com.br;61.562.112/0001-20;PRICEWATERHOUSECOOPERS AUDITORES INDEPENDENTES LTDA.
95.426.862/0001-97;EXCELSIOR ALIMENTOS SA.;EXCELSIOR;1977-07-20;1926-08-30;;;ATIVO;1977-07-20;1570;Alimentos;BOLSA;Categoria A;2010-01-01;FASE OPERACIONAL;1977-07-20;PRIVADO;SEDE;Rua Barão do Arroio Grande;;Arroio Grande;SANTA CRUZ DO SUL;RS;BRASIL;96830504;51;21068800;51;21068811;riexcelsior@excelsior.com.br;DIRETOR DE RELAÇÕES COM INVESTIDORES;Guilherme Perboyre Cavalcanti;2019-04-08;Avenida Marginal Direita do Tietê, nº 500;bloco I;Vila Jaguara;SÃO PAULO;SP;;5118100;11;31445600;;;riexcelsior@excelsior.ind.br;57.755.217/0001-29;KPMG AUDITORES INDEPENDENTES LTDA.
35.727.157/0001-06;EZ INC INCORPORAÇÕES S.A.;;2020-12-14;2019-11-06;;;ATIVO;2020-12-14;25380;Construção Civil, Mat. Constr. e Decoração;;Categoria A;2020-12-14;FASE OPERACIONAL;2020-08-14;PRIVADO;SEDE;Avenida República do Líbano;1921;Ibirapuera;SÃO PAULO;SP;BRASIL;4501002;11;31355959;;;ri@ezinc.com.br;DIRETOR DE RELAÇÕES COM INVESTIDORES;Antonio Emilio Clemente Fugazza;2024-12-12;Avenida República do Líbano;1921;Ibirapuera;SÃO PAULO;SP;;4501002;11;50568313;;;ri@ezinc.com.br;49.928.567/0001-11;DELOITTE TOUCHE TOHMATSU AUDITORES INDEPENDENTES LTDA.
08.312.229/0001-73;EZ TEC EMPREEND. E PARTICIPAÇÕES S/A;EZ TEC EMPREEND. E PARTICIPAÇÕES S/A;2007-06-15;1979-02-15;;;ATIVO;2007-06-15;20770;Emp. Adm. Part. - Const. Civil, Mat. Const. e Decoração;BOLSA;Categoria A;2010-01-01;FASE OPERACIONAL;2007-06-15;PRIVADO;SEDE;Av. República do Líbano;1921;Ibirapuera;SÃO PAULO;SP;BRASIL;4501002;11;50568312;11;50568311;ri@eztec.com.br;DIRETOR DE RELAÇÕES COM INVESTIDORES;Antonio Emilio Clemente Fugazza;2009-04-17;Avenida República do Líbano;1921;Ibirapuera;SÃO PAULO;SP;;4501002;11;50568300;;;ri@eztec.com.br;49.928.567/0001-11;DELOITTE TOUCHE TOHMATSU AUDITORES INDEPENDENTES LTDA.
79.430.682/0001-22;FARMÁCIA E DROGARIA NISSEI S.A.;;2021-01-14;1986-06-26;;;ATIVO;2021-01-14;25429;Comércio (Atacado e Varejo);;Categoria A;2021-01-14;FASE OPERACIONAL;2020-08-28;PRIVADO;SEDE;Rua XV de novembro, 123;;Centro;CURITIBA;PR;BRASIL;80020310;41;32138356;;;invest@nisseisa.com.br;DIRETOR DE RELAÇÕES COM INVESTIDORES;André Lissner;2020-08-24;Rua Acre, 205;;Água Verde;CURITIBA;PR;;80620040;41;32138356;;;andre.lissner@drogariasnissei.com.br;57.755.217/0001-29;KPMG AUDITORES INDEPENDENTES LTDA.
12.489.315/0001-23;FERREIRA GOMES ENERGIA S.A.;FERREIRA GOMES ENERGIA S.A.;2012-10-11;2010-08-10;;;ATIVO;2012-10-11;22977;Energia Elétrica;;Categoria B;2012-10-11;FASE OPERACIONAL;2012-12-31;PRIVADO HOLDING;SEDE;Rua Gomes de Carvalho, 1996, 15 andar;conjunto 151 sala H;Vila Olímpia;SÃO PAULO;SP;BRASIL;4547006;11;45712400;11;45712472;;DIRETOR DE RELAÇÕES COM INVESTIDORES;Eduardo Fucs;2023-01-02;Rua Gomes de Carvalho 1996;16 andar;Vila Olimpia;SÃO PAULO;SP;;4547006;11;45712400;;;efucs@alupar.com.br;57.755.217/0001-29;KPMG AUDITORES INDEPENDENTES LTDA.
00.924.429/0001-75;FERROVIA CENTRO-ATLANTICA S.A.;FERROVIA CENTRO-ATLÂNTICA S.A.;1996-02-12;1995-08-14;;;ATIVO;1996-02-12;15369;Serviços Transporte e Logística;BOLSA;Categoria A;2010-01-01;FASE OPERACIONAL;1996-02-12;PRIVADO;SEDE;Rua Sapucaí, 383.;Prédio, 7º andar.;Floresta;BELO HORIZONTE;MG;BRASIL;30150904;31;32795746;31;32795709;;DIRETOR DE RELAÇÕES COM INVESTIDORES;Fábio Tadeu Marchiori Gama;2023-09-16;Rua Helena;235, 5° andar;Vila Olímpia;SÃO PAULO;;;4552050;11;51122369;;;l-ri-fca@vli-logistica.com.br;61.562.112/0001-20;PRICEWATERHOUSECOOPERS AUDITORES INDEPENDENTES LTDA.
09.257.877/0001-37;FERROVIA NORTE SUL S/A;FERROVIA NORTE SUL;2009-11-24;2007-12-14;;;ATIVO;2009-11-24;21814;Serviços Transporte e Logística;;Categoria B;2010-01-01;FASE OPERACIONAL;2009-11-24;PRIVADO;SEDE;AVENIDA DOS PORTUGUESES, S/N.º;DILN, 1º ANDAR;ITAQUI-PEDRINHAS;SÃO LUÍS;MA;;65085582;98;32184405;98;32184420;;DIRETOR DE RELAÇÕES COM INVESTIDORES;FÁBIO TADEU MARCHIORI GAMA;2023-09-16;AVENIDA DOUTORA RUTH CARDOSO 8.501;Nº 151, 15º ANDAR;VILLA OLÍMPIA;;;;4552050;11;51122369;;;l-ri-fca@vli-logistica.com.br;61.562.112/0001-20;PRICEWATERHOUSECOOPERS AUDITORES INDEPENDENTES LTDA.
22.266.175/0001-88;FERTILIZANTES HERINGER S.A.;FERTILIZANTES HERINGER SA;2007-04-10;1968-09-15;;;ATIVO;2007-04-10;20621;Petroquímicos e Borracha;BOLSA;Categoria A;2010-01-01;FASE OPERACIONAL;2022-03-22;PRIVADO;SEDE;Avenida Irene Karcher, 620;;Betel;PAULÍNIA;SP;BRASIL;13148906;27;21222200;27;21222200;ri@heringer.com.br;DIRETOR DE RELAÇÕES COM INVESTIDORES;Fernando Yagura Maeda;2026-05-04;Avenida Irene Karcher, 620;;Betel;PAULÍNIA;SP;;13148906;19;971550371;;;ri@heringer.com.br;10.830.108/0001-65;GRANT THORNTON AUDITORES INDEPENDENTES LTDA.
02.171.304/0001-47;FGR INCORPORAÇÕES S.A.;FGR INCORPORAÇÕES S.A.;2026-05-07;1986-07-03;;;ATIVO;2026-05-07;28010;Construção Civil, Mat. Constr. e Decoração;;Categoria A;2026-05-07;FASE OPERACIONAL;2026-03-11;PRIVADO;SEDE;Av. Primeira Avenida, s/n°, Quadra 01- B, Lotes 16 17 e 18;Cond. Emp. Village;Cidade Vera Cruz;APARECIDA DE GOIÂNIA;GO;BRASIL;74934600;62;30979700;;;ri@fgr.com.br;DIRETOR DE RELAÇÕES COM INVESTIDORES;GABRIEL PEIXOTO CRAVEIRO AIDAR;2026-03-11;AV. PRIMEIRA AVENIDA, S/N°, QUADRA 01- B, LOTE 16 17 E 18;COND. EMP. VILLAGE;CIDADE VERA CRUZ;APARECIDA DE GOIÂNIA;GO;;74934600;62;30979700;;;ri@fgr.com.br;61.366.936/0001-25;ERNST & YOUNG AUDITORES INDEPENDENTES S/S LTDA.
17.159.005/0001-64;FIACAO E TECELAGEM SAO JOSE S/A - EM RECUPERAÇÃO JUDICIAL;SÃO JOSÉ;1971-10-18;1933-11-23;;;ATIVO;2012-11-09;5983;Têxtil e Vestuário;;Categoria A;2010-01-01;EM RECUPERAÇÃO JUDICIAL OU EQUIVALENTE;2010-07-26;PRIVADO;SEDE;RUA GENERAL MAC ARTHUR;Nº 418 - SALA 203;IMBIRIBEIRA;RECIFE;PE;BRASIL;51160280;31;33186059;31;33186059;tecelsaojosenordeste@gmail.com;DIRETOR DE RELAÇÕES COM INVESTIDORES;OSCAR AUGUSTO RACHE FERREIRA;1971-10-18;BR 101 KM 15 S/N;SUL;PRAZERES;JABOATÃO DOS GUARARAPES;PE;;54325650;31;33276693;;;oscarferreiraftsjsa@gmail.com;10.292.352/0001-11;PHF - AUDITORES INDEPENDENTES S/S
07.820.907/0001-46;FICA EMPREENDIMENTOS IMOBILIARIOS S.A.;CR2 EMPREENDIMENTOS IMOBILIÁRIOS S/A;2007-04-16;2006-01-10;;;ATIVO;2007-04-16;20630;Construção Civil, Mat. Constr. e Decoração;BOLSA;Categoria A;2010-01-01;FASE OPERACIONAL;2007-04-16;PRIVADO;SEDE;Av. Santo Amaro;nº 48, conjunto 62;Vila Nova Conceição;SÃO PAULO;SP;BRASIL;4506000;21;30314600;21;30954699;ri@fica.net.br;DIRETOR DE RELAÇÕES COM INVESTIDORES;ALBERTO VECCHI JUNIOR;2025-05-06;AV SANTO AMARO, 48;CONJ.62;VILA NOVA CONCEIÇÃO;SÃO PAULO;;;4506000;11;945651632;;;albertovecchi@uol.com.br;07.326.840/0001-98;FORVIS MAZARS AUDITORES INDEPENDENTES - SOCIEDADE SIMPLES LTDA.
00.359.742/0001-08;FICTOR ALIMENTOS S.A.;FICTOR ALIMENTOS S.A.;1996-02-28;;;;ATIVO;1996-02-28;15423;Emp. Adm. Part. - Alimentos;BOLSA;Categoria A;2010-01-01;FASE OPERACIONAL;2017-03-07;PRIVADO HOLDING;SEDE;Rua Rio Grande do Norte, 1416;6, 7, 8 e 21 andares;Bairro Savassi;BELO HORIZONTE;MG;BRASIL;30130130;15;30316100;15;30316100;ri@fictoralimentos.com.br;DIRETOR DE RELAÇÕES COM INVESTIDORES;Rafael Ribeiro Leite de Gois;2026-03-28;Rua Rio Grande do Norte n° 1416;6, 7, 8, 21 Andares;Savassi;BELO HORIZONTE;MG;;30130130;11;969131978;;;ri@fictoralimentos.com.br;16.549.480/0001-84;RSM BRASIL AUDITORES INDEPENDENTES LTDA.
59.546.515/0001-34;FISIA COMÉRCIO DE PRODUTOS ESPORTIVOS S.A.;FISIA COMÉRCIO DE PRODUTOS ESPORTIVOS S.A.;2024-07-09;1994-11-03;;;ATIVO;2024-07-09;27529;Comércio (Atacado e Varejo);;Categoria B;2024-03-25;FASE OPERACIONAL;2024-03-25;PRIVADO;SEDE;Avenida Doutora Ruth Cardoso, nº 7.221;3º andar;Pinheiros;SÃO PAULO;SP;BRASIL;5425902;11;21103802;;;ri@gruposbf.com.br;DIRETOR DE RELAÇÕES COM INVESTIDORES;José Luís Magalhães Salazar;2022-12-01;Avenida Doutora Ruth Cardoso, nº 7221;3° Andar;Pinheiros;SÃO PAULO;SP;;5425902;11;985466336;;;ri@gruposbf.com.br;61.562.112/0001-20;PRICEWATERHOUSECOOPERS AUDITORES INDEPENDENTES LTDA.
60.840.055/0001-31;FLEURY SA;FLEURY SA;2009-12-14;1964-10-23;;;ATIVO;2009-12-14;21881;Serviços Médicos;BOLSA;Categoria A;2010-01-01;FASE OPERACIONAL;2009-12-14;PRIVADO;SEDE;Avenida Morumbi, 8860;8º andar;Brooklin;SÃO PAULO;SP;BRASIL;4703003;11;50147412;11;50147425;;DIRETOR DE RELAÇÕES COM INVESTIDORES;JOSÉ ANTONIO DE ALMEIDA FILIPPO;2021-08-01;Avenida Morumbi, 8860 - 8º andar;;Brooklin;SÃO PAULO;SP;;4703003;11;50147412;;;ri@grupofleury.com.br;57.755.217/0001-29;KPMG AUDITORES INDEPENDENTES LTDA.
00.249.786/0001-85;FORPART S.A. - EM LIQUIDAÇÃO;FORPART SA;1995-02-21;1994-08-23;;;ATIVO;1995-02-21;14796;Emp. Adm. Part. - Telecomunicações;;Categoria A;2010-01-01;LIQUIDAÇÃO EXTRAJUDICIAL;2012-12-27;PRIVADO HOLDING;SEDE;AV PRESIDENTE ANTONIO CARLOS Nº 51;10º ANDAR(PTE);CENTRO;RIO DE JANEIRO;RJ;BRASIL;20020010;21;38043700;21;38043480;gar@opportunity.com.br;;;;;;;;;;;;;;;;10.830.108/0001-65;GRANT THORNTON AUDITORES INDEPENDENTES LTDA.
07.823.262/0001-03;FOZ DO RIO CLARO ENERGIA S.A.;FOZ DO RIO CLARO ENERGIA S.A.;2022-03-24;2006-01-26;;;ATIVO;2022-03-24;26697;Emp. Adm. Part. - Energia Elétrica;;Categoria B;2022-03-24;FASE OPERACIONAL;2021-11-29;PRIVADO;SEDE;Rua Gomes de Carvalho, 1.996, 15º andar, Conjunto 151;Sala J;Vila Olímpia;SÃO PAULO;SP;BRASIL;4547006;11;45712400;;;;DIRETOR DE RELAÇÕES COM INVESTIDORES;Eduardo Fucs;2023-01-02;Rua Gomes de Carvalho 1996;16 andar;Vila Olimpia;SÃO PAULO;SP;;4547006;11;45712400;;;efucs@alupar.com.br;57.755.217/0001-29;KPMG AUDITORES INDEPENDENTES LTDA.
88.610.126/0001-29;FRASLE MOBILITY S.A.;FRASLE MOBILITY S.A.;1977-07-20;1957-02-22;;;ATIVO;1977-07-20;6211;Máquinas, Equipamentos, Veículos e Peças;BOLSA;Categoria A;2010-01-01;FASE OPERACIONAL;1977-07-20;PRIVADO;SEDE;Rodovia RS 122, Km 66, nº 10.945;Prédio adm;Forqueta;CAXIAS DO SUL;RS;BRASIL;95010550;54;32391000;54;32391567;;DIRETOR DE RELAÇÕES COM INVESTIDORES;Hemerson Fernando de Souza;2019-05-07;Rua Claudio Antonio Bertoni, 100;Apto.1102;Universitário;CAXIAS DO SUL;RS;;95041580;54;32391701;;;ri@fras-le.com;57.755.217/0001-29;KPMG AUDITORES INDEPENDENTES LTDA.
17.234.244/0001-31;FTL - FERROVIA TRANSNORDESTINA LOGÍSTICA S.A.;FTL - FERROVIA TRANSNORDESTINA LOGÍSTICA S.A.;2014-04-25;2012-10-29;;;ATIVO;2014-04-25;23370;Serviços Transporte e Logística;;Categoria B;2014-04-25;FASE OPERACIONAL;2014-02-27;PRIVADO;SEDE;AV FRANCISCO SÁ, 4829;Parte;ALVARO WEYNE;FORTALEZA;CE;BRASIL;60335195;85;40082500;85;40082548;dricvmftl@ftlsa.com.br;DIRETOR DE RELAÇÕES COM INVESTIDORES;ISMAEL TRINKS;2026-01-01;AV.FRANCISCO SÁ;;ALVARO WEYNE;FORTALEZA;CE;;60335195;85;40082500;;;dricvmftl@ftlsa.com.br;07.326.840/0001-98;FORVIS MAZARS AUDITORES INDEPENDENTES - SOCIEDADE SIMPLES LTDA.
01.545.826/0001-07;GAFISA SA;GAFISA;1997-02-21;1996-11-12;;;ATIVO;1997-02-21;16101;Construção Civil, Mat. Constr. e Decoração;BOLSA;Categoria A;2010-01-01;FASE OPERACIONAL;1997-02-21;ESTRANGEIRO;SEDE;Av. Pres. Juscelino Kubitschek, 1830;13º andar - Bloco 1;Vila Nova Conceição;SÃO PAULO;SP;BRASIL;4543900;11;30259000;11;30259348;ri@gafisa.com.br;DIRETOR DE RELAÇÕES COM INVESTIDORES;Carmelo Aldo Di Leta;2024-12-21;Avenida Presidente Juscelino Kubitschek, n. 1830;13o andar - Bloco 1;Vila Nova Conceição;SÃO PAULO;;;4543900;11;30259000;;;ri@gafisa.com.br;54.276.936/0001-79;BDO RCS AUDITORES INDEPENDENTES - SOCIEDADE SIMPLES LIMITADA
02.796.775/0001-40;GAMA PARTICIPAÇÕES S.A.;GAMA PARTICIPAÇÕES SA;1998-12-01;1998-08-25;;;ATIVO;1998-12-01;17965;Emp. Adm. Part. - Sem Setor Principal;;Categoria A;2010-01-01;FASE OPERACIONAL;2002-12-31;PRIVADO;SEDE;AV. PRESIDENTE ANTONIO CARLOS Nº 51;10º ANDAR(PTE);CENTRO;RIO DE JANEIRO;RJ;BRASIL;20020010;21;38043700;21;38043480;gar@opportunity.com.br;DIRETOR DE RELAÇÕES COM INVESTIDORES;Maria Amalia Delfim de Melo Coutrim;2026-05-06;Av. Presidente Antônio Carlos;51;Centro;RIO DE JANEIRO;RJ;;20020010;21;38043700;;;gar@opportunity.com.br;10.830.108/0001-65;GRANT THORNTON AUDITORES INDEPENDENTES LTDA.
08.764.621/0001-53;GENERAL SHOPPING E OUTLETS DO BRASIL BRASIL S.A.;GENERAL SHOPPING BRASIL SA;2007-07-26;2006-03-06;;;ATIVO;2007-07-26;21008;Comércio (Atacado e Varejo);BALCÃO ORGANIZADO;Categoria A;2010-01-01;FASE OPERACIONAL;2007-07-26;PRIVADO;SEDE;Av. Angélica, 2466;24 andar - Conj. 241;Cerqueira César;SÃO PAULO;SP;BRASIL;1228200;11;31595100;11;31590122;dri@generalshopping.com.br;DIRETOR DE RELAÇÕES COM INVESTIDORES;Marcio Snioka;2015-05-25;Avenida Angélica, 2.466;24 andar - Conj. 241;Cerqueira César;SÃO PAULO;SP;;1228200;5511;31595100;;;dri@generalshopping.com.br;51.703.924/0001-95;COTRIM & ASSOCIADOS AUDITORES INDEPENDENTES - SOCIEDADE SIMPLES
08.764.621/0001-53;GENERAL SHOPPING E OUTLETS DO BRASIL BRASIL S.A.;GENERAL SHOPPING BRASIL SA;2007-07-26;2006-03-06;;;ATIVO;2007-07-26;21008;Comércio (Atacado e Varejo);BOLSA;Categoria A;2010-01-01;FASE OPERACIONAL;2007-07-26;PRIVADO;SEDE;Av. Angélica, 2466;24 andar - Conj. 241;Cerqueira César;SÃO PAULO;SP;BRASIL;1228200;11;31595100;11;31590122;dri@generalshopping.com.br;DIRETOR DE RELAÇÕES COM INVESTIDORES;Marcio Snioka;2015-05-25;Avenida Angélica, 2.466;24 andar - Conj. 241;Cerqueira César;SÃO PAULO;SP;;1228200;5511;31595100;;;dri@generalshopping.com.br;51.703.924/0001-95;COTRIM & ASSOCIADOS AUDITORES INDEPENDENTES - SOCIEDADE SIMPLES
33.611.500/0001-19;GERDAU S.A.;GERDAU S.A.;1980-09-03;1961-11-20;;;ATIVO;1980-09-03;3980;Metalurgia e Siderurgia;BOLSA;Categoria A;2010-01-01;FASE OPERACIONAL;1980-09-03;PRIVADO;SEDE;Avenida Doutora Ruth Cardoso, 8.501;8º andar;Pinheiros;SÃO PAULO;SP;BRASIL;5425070;11;30946300;51;33232281;inform@gerdau.com.br;DIRETOR DE RELAÇÕES COM INVESTIDORES;Rafael Dorneles Japur;2022-01-03;Avenida Doutora Ruth Cardoso nº 8501;8º andar;Pinheiros;SÃO PAULO;SP;;5425070;11;30946300;;;inform@gerdau.com.br;61.562.112/0001-20;PRICEWATERHOUSECOOPERS AUDITORES INDEPENDENTES LTDA.
07.714.104/0001-07;GIGA MAIS FIBRA TELECOMUNICAÇÕES S.A.;GIGA MAIS FIBRA TELECOMUNICAÇÕES S.A.;2024-06-21;2005-11-03;;;ATIVO;2024-06-21;27502;Telecomunicações;;Categoria A;2024-04-09;FASE OPERACIONAL;2024-04-09;PRIVADO;SEDE;Rua Manoel Serrazina;nº 620;Almas do Mato;CARMO;RJ;BRASIL;28640000;22;25378000;;;ri@alloha.com;DIRETOR DE RELAÇÕES COM INVESTIDORES;Felipe Gonçalves Matsunaga;2023-09-06;Rua Henrique Schaumann, 270;10º 11º 12º andares;Jardim Paulista;SÃO PAULO;;;5413010;22;25378000;;;ri@alloha.com;57.755.217/0001-29;KPMG AUDITORES INDEPENDENTES LTDA.
09.229.201/0001-30;GPS PARTICIPAÇÕES E EMPREENDIMENTOS S/A;GPS PARTICIPAÇÕES E EMPREENDIMENTOS S/A;2021-04-20;2011-12-07;;;ATIVO;2021-04-20;25712;Emp. Adm. Part. - Sem Setor Principal;;Categoria A;2021-04-20;FASE OPERACIONAL;2021-02-21;PRIVADO;SEDE;Av. Miguel Frias e Vasconcelos, nº 1215;2º andar;Jaguaré;SÃO PAULO;SP;BRASIL;5345000;11;21978888;;;marita.bernhoeft@gpssa.com.br;DIRETOR DE RELAÇÕES COM INVESTIDORES;Maria Elsa Alba Bernhoeft;2021-02-19;Av. Miguel Frias e Vasconcelos, nº 1215;2º andar;Jaguaré;SÃO PAULO;SP;;5345000;11;21978888;;;marita.bernhoeft@gpssa.com.br;61.366.936/0001-25;ERNST & YOUNG AUDITORES INDEPENDENTES S/S LTDA.
81.616.807/0001-55;GRANJA FARIA S.A.;GRANJA FARIA S.A.;2023-06-12;1989-11-28;;;ATIVO;2023-06-12;27219;Alimentos;;Categoria A;2023-03-13;FASE OPERACIONAL;2023-03-13;PRIVADO;SEDE;Rodovia SC 390,;Km 432, S/N;Cento e Sete;LAURO MULLER;SC;BRASIL;88880000;48;35128910;;;ri@granjafaria.com.br;DIRETOR DE RELAÇÕES COM INVESTIDORES;Emílio Bruno Bastos;2023-03-06;Rodovia SC 390,;Km 432, S/N;Cento e Sete;LAURO MULLER;SC;;88880000;48;35128910;;;ri@granjafaria.com.br;57.755.217/0001-29;KPMG AUDITORES INDEPENDENTES LTDA.
92.012.467/0001-70;GRAZZIOTIN SA;GRAZZIOTIN;1979-01-31;1950-05-24;;;ATIVO;1979-01-31;4537;Comércio (Atacado e Varejo);BOLSA;Categoria A;2010-01-01;FASE OPERACIONAL;1979-01-31;PRIVADO;SEDE;RUA VALENTIN GRAZZIOTIN;077;SÃO CRISTOVAO;PASSO FUNDO;RS;BRASIL;99060030;54;33167401;54;33167576;investidor@grazziotin.com.br;DIRETOR DE RELAÇÕES COM INVESTIDORES;Sebastião Vorlei Barbosa;2026-05-01;Rua Valentin Grazziotin, n° 77;;São Cristovão;PASSO FUNDO;RS;;99060030;54;33167401;;;investidor@grazziotin.com.br;10.830.108/0001-65;GRANT THORNTON AUDITORES INDEPENDENTES LTDA.
89.850.341/0001-60;GRENDENE SA;GRENDENE SA;2004-10-26;1971-02-25;;;ATIVO;2004-10-26;19615;Têxtil e Vestuário;BOLSA;Categoria A;2010-01-01;FASE OPERACIONAL;2004-10-26;PRIVADO HOLDING;SEDE;Avenida Pimentel Gomes;214;Expectativa;SOBRAL;CE;BRASIL;62040125;88;31122999;88;31122998;dri@grendene.com.br;DIRETOR DE RELAÇÕES COM INVESTIDORES;Alceu Demartini de Albuquerque;2020-04-14;Avenida Pedro Grendene;131;Volta Grande;FARROUPILHA;RS;;95180052;54;21099000;;;dri@grendene.com.br;61.562.112/0001-20;PRICEWATERHOUSECOOPERS AUDITORES INDEPENDENTES LTDA.
33.041.260/0652-90;GRUPO CASAS BAHIA S.A.;PONTO FRIO;1981-11-24;1946-07-12;;;ATIVO;1981-11-24;6505;Comércio (Atacado e Varejo);BALCÃO ORGANIZADO;Categoria A;2010-01-01;FASE OPERACIONAL;1981-11-24;PRIVADO;SEDE;Rua Flórida, 1970;5 andar;Cidade Monções;SÃO PAULO;SP;BRASIL;4565001;11;42256017;11;42256996;ri@casasbahia.com.br;DIRETOR DE RELAÇÕES COM INVESTIDORES;Elcio Mitsuhiro Ito;2024-07-30;Avenida Rebouças, 3970;28 andar;Pinheiros;SÃO PAULO;SP;;5402918;11;42259905;;;ri@casasbahia.com.br;61.366.936/0001-25;ERNST & YOUNG AUDITORES INDEPENDENTES S/S LTDA.
33.041.260/0652-90;GRUPO CASAS BAHIA S.A.;PONTO FRIO;1981-11-24;1946-07-12;;;ATIVO;1981-11-24;6505;Comércio (Atacado e Varejo);BOLSA;Categoria A;2010-01-01;FASE OPERACIONAL;1981-11-24;PRIVADO;SEDE;Rua Flórida, 1970;5 andar;Cidade Monções;SÃO PAULO;SP;BRASIL;4565001;11;42256017;11;42256996;ri@casasbahia.com.br;DIRETOR DE RELAÇÕES COM INVESTIDORES;Elcio Mitsuhiro Ito;2024-07-30;Avenida Rebouças, 3970;28 andar;Pinheiros;SÃO PAULO;SP;;5402918;11;42259905;;;ri@casasbahia.com.br;61.366.936/0001-25;ERNST & YOUNG AUDITORES INDEPENDENTES S/S LTDA.
04.972.092/0001-22;GRUPO FARTURA DE HORTIFRUT S.A.;GRUPO FARTURA DE HORTIFRUT S.A;2021-08-16;2017-10-19;;;ATIVO;2021-08-16;26166;Comércio (Atacado e Varejo);;Categoria A;2021-08-16;FASE OPERACIONAL;2020-10-20;PRIVADO;SEDE;Av. Américo Ribeiro dos Santos, s/n, Gleba 06B, Parque B;Parque Bandeirantes;Nova Veneza;SUMARÉ;SP;BRASIL;13181715;19;37467010;;;ri@redeoba.com.br;DIRETOR DE RELAÇÕES COM INVESTIDORES;Alexandre Otomo de Almeida;2021-01-25;Avenida Comendador Aladino Selmi;2502 - Galpão 5;Pq. Cidade Campinas;CAMPINAS;SP;;13069036;19;37467015;;;ri@redeoba.com.br;61.562.112/0001-20;PRICEWATERHOUSECOOPERS AUDITORES INDEPENDENTES LTDA.
24.990.777/0001-09;GRUPO MATEUS S.A.;;2020-10-08;2016-05-02;;;ATIVO;2020-10-08;25186;Emp. Adm. Part. - Comércio (Atacado e Varejo);BALCÃO ORGANIZADO;Categoria A;2020-10-08;FASE OPERACIONAL;2020-08-14;PRIVADO HOLDING;SEDE;Avenida Daniel de La Touche, nº 73;Loja 03;Cohama;SÃO LUÍS;MA;BRASIL;65074115;98;21083582;;;ri@grupomateus.com.br;DIRETOR DE RELAÇÕES COM INVESTIDORES;Tulio Jose Pitol de Queiroz;2022-08-22;Avenida Daniel de La Touche, nº 73;Loja 03;Cohama;SÃO LUÍS;MA;;65074115;98;21083582;;;ri@grupomateus.com.br;07.326.840/0001-98;FORVIS MAZARS AUDITORES INDEPENDENTES - SOCIEDADE SIMPLES LTDA.
24.990.777/0001-09;GRUPO MATEUS S.A.;;2020-10-08;2016-05-02;;;ATIVO;2020-10-08;25186;Emp. Adm. Part. - Comércio (Atacado e Varejo);BOLSA;Categoria A;2020-10-08;FASE OPERACIONAL;2020-08-14;PRIVADO HOLDING;SEDE;Avenida Daniel de La Touche, nº 73;Loja 03;Cohama;SÃO LUÍS;MA;BRASIL;65074115;98;21083582;;;ri@grupomateus.com.br;DIRETOR DE RELAÇÕES COM INVESTIDORES;Tulio Jose Pitol de Queiroz;2022-08-22;Avenida Daniel de La Touche, nº 73;Loja 03;Cohama;SÃO LUÍS;MA;;65074115;98;21083582;;;ri@grupomateus.com.br;07.326.840/0001-98;FORVIS MAZARS AUDITORES INDEPENDENTES - SOCIEDADE SIMPLES LTDA.
59.717.553/0001-02;GRUPO MULTILASER S.A.;GRUPO MULTILASER S.A.;2021-07-20;1988-11-21;;;ATIVO;2021-07-20;26034;Comunicação e Informática;;Categoria A;2021-07-20;FASE OPERACIONAL;2021-05-14;PRIVADO;SEDE;Avenida Brigadeiro Faria Lima, nº 1811;15º andar;Jardim América;SÃO PAULO;SP;BRASIL;1452000;11;31985877;11;36168600;ri@grupomultilaser.com.br;DIRETOR DE RELAÇÕES COM INVESTIDORES;Eduardo Ferreira Belelas dos Santos;2026-02-18;Avenida Brigadeiro Faria Lima, nº 1811;15º Andar;Jardim Paulista;SÃO PAULO;SP;;1452001;11;31985877;;;ri@grupomultilaser.com.br;10.830.108/0001-65;GRANT THORNTON AUDITORES INDEPENDENTES LTDA.
17.765.891/0001-70;GRUPO SALTA EDUCAÇÃO S.A.;GRUPO SALTA EDUCAÇÃO S.A.;2025-06-17;2013-03-18;;;ATIVO;2025-06-17;27820;Emp. Adm. Part. - Educação;;Categoria A;2025-02-26;FASE OPERACIONAL;2013-03-18;PRIVADO;SEDE;Rua Rodrigo de Brito;nº 13;Botafogo;RIO DE JANEIRO;RJ;BRASIL;22280100;21;35285100;;;ri@gruposaltaedu.com;DIRETOR DE RELAÇÕES COM INVESTIDORES;Marcelo Fernandes Cintra;2024-02-16;Rua Rodrigo de Brito;nº 13;Botafogo;RIO DE JANEIRO;RJ;;22280100;21;35285100;;;ri@gruposaltaedu.com;61.562.112/0001-20;PRICEWATERHOUSECOOPERS AUDITORES INDEPENDENTES LTDA.
13.217.485/0001-11;GRUPO SBF S.A.;GRUPO SBF S.A.;2019-04-15;2011-01-31;;;ATIVO;2019-04-15;24694;Comércio (Atacado e Varejo);BOLSA;Categoria A;2019-04-15;FASE OPERACIONAL;2019-02-15;PRIVADO HOLDING;SEDE;Avenida Doutora Ruth Cardoso, Edifício Birmann, nº 7.221;3º andar;Pinheiros;SÃO PAULO;SP;BRASIL;5425902;11;25885000;;;ri@gruposbf.com.br;DIRETOR DE RELAÇÕES COM INVESTIDORES;José Luís Magalhães Salazar;2019-02-15;Avenida Doutora Ruth Cardoso, Edifício Birmann, n° 7.221;3° andar;Pinheiros;SÃO PAULO;SP;;5425902;11;25885000;;;ri@gruposbf.com.br;61.562.112/0001-20;PRICEWATERHOUSECOOPERS AUDITORES INDEPENDENTES LTDA.
31.553.627/0001-01;GRUPO TOKY S.A.;GRUPO TOKY S.A.;2021-02-03;2018-08-22;;;ATIVO;2021-02-03;25461;Comércio (Atacado e Varejo);BOLSA;Categoria A;2021-02-03;FASE OPERACIONAL;2020-12-07;ESTRANGEIRO;SEDE;Avenida das Nações Unidas, nº 16.737, Mezanino;sala 2;Várzea de Baixo;SÃO PAULO;SP;BRASIL;4730090;11;43025085;;;ri@mobly.com.br;DIRETOR DE RELAÇÕES COM INVESTIDORES;Fabio Ferrante;2026-05-11;Avenida das Nações Unidas, nº 16.737, Mezanino;sala 2;Várzea de Baixo;SÃO PAULO;SP;;4730090;11;43025085;;;ri@mobly.com.br;10.830.108/0001-65;GRANT THORNTON AUDITORES INDEPENDENTES LTDA.
08.397.078/0001-01;GSH CORP PARTICIPAÇÕES S.A.;GSH CORP PARTICIPAÇÕES S.A.;2022-01-27;2006-08-01;;;ATIVO;2022-01-27;26603;Serviços Médicos;;Categoria A;2022-01-27;FASE OPERACIONAL;2021-11-17;PRIVADO;SEDE;Praia do Flamengo 154;13º andar;Flamengo;RIO DE JANEIRO;RJ;BRASIL;22210906;21;38122628;;;ri@gshcorp.com.br;DIRETOR DE RELAÇÕES COM INVESTIDORES;Marcos Aurélio Faccioli;2021-11-16;Praia do Flamengo 154;13º andar;Flamengo;RIO DE JANEIRO;RJ;;22210906;21;38122628;;;ri@gshcorp.com.br;57.755.217/0001-29;KPMG AUDITORES INDEPENDENTES LTDA.
08.402.943/0001-52;GUARARAPES CONFECÇÕES SA;GUARARAPES CONFECÇÕES;1958-10-16;1956-10-06;;;ATIVO;1958-10-16;4669;Têxtil e Vestuário;BOLSA;Categoria A;2010-01-01;FASE OPERACIONAL;1992-10-20;PRIVADO;SEDE;Rodovia BR 101 Norte, nº 9.000, Anexo Guararapes Confecções;;N. Sra. Apresentação;NATAL;RN;BRASIL;59115900;84;32041100;84;32272337;ri@riachuelo.com.br;DIRETOR DE RELAÇÕES COM INVESTIDORES;Luis Miguel Ferreira Cafruni;2024-05-13;Rua Lemos Monteiro, 120;Andar 15/16/17/18;Butantã;SÃO PAULO;;;5501050;11;29717420;;;diretorri@guararapes.ind.br;61.562.112/0001-20;PRICEWATERHOUSECOOPERS AUDITORES INDEPENDENTES LTDA.
30.540.991/0001-66;HAGA S.A. INDÚSTRIA E COMÉRCIO;HAGA;1988-09-01;1946-05-02;;;ATIVO;1988-09-01;13366;Metalurgia e Siderurgia;BOLSA;Categoria A;2010-01-01;FASE OPERACIONAL;2012-10-15;PRIVADO;SEDE;AVENIDA ENGENHEIRO HANS GAISER, 26;PREDIO;CENTRO;NOVA FRIBURGO;RJ;BRASIL;28605220;22;25258000;22;25258059;haga@haga.com.br;DIRETOR DE RELAÇÕES COM INVESTIDORES;JOSÉ LUIZ ABICALIL;1994-06-28;AVENIDA ENGENHEIRO HANS GAISER, 26;PRÉDIO;CENTRO;NOVA FRIBURGO;RJ;;28605220;22;25258000;;;abicalil@haga.com.br;28.798.390/0001-06;R4 AUDITORIA INDEPENDENTE S/S - ME
05.197.443/0001-38;HAPVIDA PARTICIPAÇÕES E INVESTIMENTOS S.A.;HAPVIDA PARTICIPAÇÕES E INVESTIMENTOS S.A.;2018-04-20;2001-08-30;;;ATIVO;2018-04-20;24392;Serviços Médicos;BALCÃO ORGANIZADO;Categoria A;2018-04-20;FASE OPERACIONAL;2018-02-26;PRIVADO HOLDING;SEDE;Avenida Heráclito Graça;nº 406;Centro;FORTALEZA;CE;BRASIL;60140060;85;32559005;;;ri@hapvida.com.br;DIRETOR DE RELAÇÕES COM INVESTIDORES;Felipe Nobre Barbosa;2026-05-01;Avenida Heráclito Graça, 406;;Centro;FORTALEZA;CE;;60140060;11;32352109;;;ri@hapvida.com.br;49.928.567/0001-11;DELOITTE TOUCHE TOHMATSU AUDITORES INDEPENDENTES LTDA.
05.197.443/0001-38;HAPVIDA PARTICIPAÇÕES E INVESTIMENTOS S.A.;HAPVIDA PARTICIPAÇÕES E INVESTIMENTOS S.A.;2018-04-20;2001-08-30;;;ATIVO;2018-04-20;24392;Serviços Médicos;BOLSA;Categoria A;2018-04-20;FASE OPERACIONAL;2018-02-26;PRIVADO HOLDING;SEDE;Avenida Heráclito Graça;nº 406;Centro;FORTALEZA;CE;BRASIL;60140060;85;32559005;;;ri@hapvida.com.br;DIRETOR DE RELAÇÕES COM INVESTIDORES;Felipe Nobre Barbosa;2026-05-01;Avenida Heráclito Graça, 406;;Centro;FORTALEZA;CE;;60140060;11;32352109;;;ri@hapvida.com.br;49.928.567/0001-11;DELOITTE TOUCHE TOHMATSU AUDITORES INDEPENDENTES LTDA.
56.444.250/0001-75;HAUSCENTER SA;HAUSCENTER;1995-05-02;1986-09-16;;;ATIVO;1995-05-02;14850;Emp. Adm. Part. - Sem Setor Principal;;Categoria B;2010-01-01;FASE OPERACIONAL;1995-05-02;PRIVADO;SEDE;AVENIDA DAS NAÇÕES UNIDAS, nr. 12551, 17º andar;Sala 1709;Santana;SÃO PAULO;SP;BRASIL;2406030;11;29793567;11;55065446;intercorpconsultoria@uol.com.br;DIRETOR DE RELAÇÕES COM INVESTIDORES;ANDRÉ PIRES NUNES;2024-04-30;AVENIDA DAS NAÇÕES UNIDAS, nr. 12551, 17º andar;Sala 1709;BROOKLIN PAULISTA;SÃO PAULO;SP;;4578903;21;986940517;;;intercorpconsultoria@uol.com.br;03.423.123/0001-23;GLOBAL AUDITORES INDEPENDENTES  S/S LTDA.
14.785.152/0001-51;HBR REALTY EMPREENDIMENTOS IMOBILIÁRIOS S.A.;;2020-12-18;2011-12-02;;;ATIVO;2020-12-18;25402;Construção Civil, Mat. Constr. e Decoração;BOLSA;Categoria A;2020-12-18;FASE OPERACIONAL;2020-08-26;PRIVADO;SEDE;Avenida Vereador Narciso Yague Guimarães, 1.145;2º andar;Jardim Armênia;MOGI DAS CRUZES;SP;BRASIL;8780500;11;47937555;;;;DIRETOR DE RELAÇÕES COM INVESTIDORES;ALEXANDRE DALPIERO DE FREITAS;2024-09-30;Avenida Vereador Narciso Yague Guimarães, 1.145;2º andar;Jardim Armênia;MOGI DAS CRUZES;;;8780500;11;47937555;;;ri@hbrrealty.com.br;54.276.936/0001-79;BDO RCS AUDITORES INDEPENDENTES - SOCIEDADE SIMPLES LIMITADA
49.263.189/0001-02;HELBOR EMPREENDIMENTOS S/A;HELBOR;2007-07-09;1977-01-01;;;ATIVO;2007-07-09;20877;Construção Civil, Mat. Constr. e Decoração;BOLSA;Categoria A;2010-01-01;FASE OPERACIONAL;2007-07-09;PRIVADO;SEDE;AV. VEREADOR NARCISO YAGUE GUIMARÃES, Nº 1145;15º ANDAR;JARDIM ARMÊNIA;MOGI DAS CRUZES;SP;BRASIL;8780500;11;47958555;11;47248831;ri@helbor.com.br;DIRETOR DE RELAÇÕES COM INVESTIDORES;ROBERVAL LANERA TOFFOLI;2025-07-07;Av Brigadeiro Faria Lima 4055;11° andar;Itaim Bibi;SÃO PAULO;SP;;4538133;11;31741211;;;ri@helbor.com.br;18.596.945/0001-83;BAKER TILLY 4PARTNERS AUDITORES INDEPENDENTES LTDA.
32.431.519/0001-10;HÉLIO VALGAS SOLAR PARTICIPAÇÕES S.A.;HÉLIO VALGAS SOLAR PARTICIPAÇÕES S.A.;2023-10-30;2019-01-09;;;ATIVO;2023-10-30;27332;Energia Elétrica;;Categoria B;2023-10-30;FASE OPERACIONAL;2023-08-31;PRIVADO;SEDE;Fazenda Caraíbas ou Olhos d'Água, s/n;;Zona Rural;VÁRZEA DA PALMA;MG;BRASIL;39260000;11;45730300;;;ri@comerc.com.br;DIRETOR DE RELAÇÕES COM INVESTIDORES;BRUNO DE ARAUJO SOARES;2025-01-17;Rua Gomes de Carvalho, nº 1765;Cj 31/32, ed.Wysling;Vila Olímpia;SÃO PAULO;SP;;4547901;11;45730300;;;ri@comerc.com.br;57.755.217/0001-29;KPMG AUDITORES INDEPENDENTES LTDA.
92.749.225/0001-63;HERCULES S/A - FABRICA DE TALHERES;HERCULES S/A;1968-11-01;1936-01-01;;;ATIVO;1968-11-01;6629;Metalurgia e Siderurgia;BOLSA;Categoria A;2010-01-01;FASE OPERACIONAL;1968-11-01;PRIVADO;SEDE;Rua do Paraíso, 148 - 10º andar;Conjunto 102;Paraíso;SÃO PAULO;SP;BRASIL;4103000;11;35241500;11;35241523;acionistas@hercules.ind.br;DIRETOR DE RELAÇÕES COM INVESTIDORES;Marcelo Fagondes de Freitas;2019-10-15;Av. Dr. Nilo Peçanha, 2825;Conj. 301;Chácara das Pedras;PORTO ALEGRE;RS;;91330001;51;33585138;;;acionistas@hercules.ind.br;20.840.718/0001-01;TATICCA AUDITORES INDEPENDENTES S.S. - EPP
12.648.327/0001-53;HIDROVIAS DO BRASIL S.A.;HIDROVIAS DO BRASIL S.A.;2011-12-14;2010-08-18;;;ATIVO;2011-12-14;22675;Serviços Transporte e Logística;BOLSA;Categoria A;2011-12-14;FASE OPERACIONAL;2013-06-30;PRIVADO;SEDE;Avenida Brigadeiro Luís Antônio, nº 1343;7º andar;Bela Vista;SÃO PAULO;SP;BRASIL;1317910;11;39056000;11;39056005;ri@hbsa.com.br;DIRETOR DE RELAÇÕES COM INVESTIDORES;Andre Saleme Hachem;2024-06-03;Rua Fradique Coutinho;30, 7º andar;Pinheiros;SÃO PAULO;;;5416000;11;39056000;;;ri@hbsa.com.br;49.928.567/0001-11;DELOITTE TOUCHE TOHMATSU AUDITORES INDEPENDENTES LTDA.
27.902.165/0002-96;HIGHLINE BRASIL II INFRAESTRUTURA DE TELECOMUNICAÇÕES S.A.;HIGHLINE BRASIL II INFRAESTRUTURA DE TELECOMUNICAÇÕES S.A.;2025-08-04;2017-12-07;;;ATIVO;2025-08-04;27880;Telecomunicações;;Categoria B;2025-05-14;FASE OPERACIONAL;2025-05-14;PRIVADO;SEDE;Avenida João Cabral de Mello Neto, nº 850;Bloco 02, Sl. 902;Barra da Tijuca;RIO DE JANEIRO;RJ;BRASIL;22775057;11;31925200;;;ri@highline.com.br;DIRETOR DE RELAÇÕES COM INVESTIDORES;Daniel Lafer Matandos;2025-05-05;Rua Joaquim Floriano, 294;3º e 4º Andares;Itaim Bibi;SÃO PAULO;SP;;4534001;11;31925200;;;ri@highline.com.br;57.755.217/0001-29;KPMG AUDITORES INDEPENDENTES LTDA.
40.159.947/0001-64;HMOBI PARTICIPAÇÕES S.A;HMOBI PARTICIPAÇÕES S.A;2021-04-07;2020-12-08;;;ATIVO;2021-04-07;25674;Emp. Adm. Part. - Sem Setor Principal;;Categoria A;2021-04-07;FASE OPERACIONAL;2022-05-31;PRIVADO HOLDING;SEDE;Avenida Presidente Vargas;nº 2000;Centro;RIO DE JANEIRO;RJ;BRASIL;20210031;21;22111300;;;dri@metrorio.com.br;DIRETOR DE RELAÇÕES COM INVESTIDORES;Alexandre Wolynec;2026-05-11;Avenida Presidente Vargas;2000;Centro;RIO DE JANEIRO;RJ;;20210031;21;995179264;;;dri@metrorio.com.br;57.755.217/0001-29;KPMG AUDITORES INDEPENDENTES LTDA.
18.903.785/0001-78;HOLDING DO ARAGUAIA S.A.;HOLDING DO ARAGUAIA S.A.;2021-12-23;2013-08-20;;;ATIVO;2021-12-23;26565;Serviços Transporte e Logística;;Categoria B;2021-12-23;FASE OPERACIONAL;2021-12-23;PRIVADO HOLDING;SEDE;Rua Gomes de Carvalho, nº 1.510;Conjuntos 31/32;Vila Olímpia;SÃO PAULO;SP;BRASIL;4547005;11;37872667;11;37872668;invest@ecorodovias.com.br;DIRETOR DE RELAÇÕES COM INVESTIDORES;FABIANO MARTINS DE MEDEIROS;2025-09-01;Avenida Juscelino Kubitschek, Qd. 19, Lote 01 08, Ed.Gênesis;5º andar;Jundiaí;ANÁPOLIS;GO;;75100390;62;37711700;;;invest@ecorodovias.com.br;49.928.567/0001-11;DELOITTE TOUCHE TOHMATSU AUDITORES INDEPENDENTES LTDA.
02.560.878/0001-07;HOSPITAL ANCHIETA S.A.;HOSPITAL ANCHIETA S.A.;2021-12-08;1995-08-01;;;ATIVO;2021-12-08;26468;Serviços Médicos;;Categoria B;2021-12-08;FASE OPERACIONAL;2021-09-10;PRIVADO;SEDE;Área Especial, 8/9/10;Setor C Norte;Taguatinga;BRASÍLIA;DF;BRASIL;72115700;27;33464232;;;;DIRETOR DE RELAÇÕES COM INVESTIDORES;ALEXANDRE AUGUSTO OLIVIERI;2026-01-07;ÁREA ESPECIAL, 8/9/10;SETOR C NORTE;TAGUATINGA;BRASÍLIA;DF;;72115700;27;33464232;0;0;ri@korasaude.com.br;54.276.936/0001-79;BDO RCS AUDITORES INDEPENDENTES - SOCIEDADE SIMPLES LIMITADA
25.249.439/0001-83;HOSPITAL CARE CALEDONIA S.A.;CALEDÔNIA SAÚDE S.A.;2021-04-28;2016-06-20;;;ATIVO;2021-04-28;25771;Serviços Médicos;;Categoria A;2021-04-28;FASE OPERACIONAL;2021-02-18;PRIVADO;SEDE;Rua Dr. Oswaldo Cruz;nº 291;Guanabara;CAMPINAS;SP;BRASIL;13076260;19;35149300;;;ri@hospitalcare.com.br;DIRETOR DE RELAÇÕES COM INVESTIDORES;João Marcos Bezerra;2021-02-16;Rua Umbú;nº 291;Lot. Alphaville;CAMPINAS;SP;;13098325;19;35149380;;;ri@hospitalcare.com.br;57.755.217/0001-29;KPMG AUDITORES INDEPENDENTES LTDA.
16.676.520/0001-59;HOSPITAL MATER DEI S.A.;HOSPITAL MATER DEI S.A.;2021-04-14;1973-10-15;;;ATIVO;2021-04-14;25690;Serviços Médicos;BOLSA;Categoria A;2021-04-14;FASE OPERACIONAL;2021-02-12;PRIVADO;SEDE;Rua Mato Grosso;nº 1100;Santo Agostinho;BELO HORIZONTE;MG;BRASIL;30190081;31;34017100;;;ri@materdei.com.br;DIRETOR DE RELAÇÕES COM INVESTIDORES;Rafael Cardoso Cordeiro;2021-02-10;Rua Mato Grosso;nº 1100;Santo Agostinho;BELO HORIZONTE;MG;;30190081;31;34017100;;;ri@materdei.com.br;61.366.936/0001-25;ERNST & YOUNG AUDITORES INDEPENDENTES S/S LTDA.
33.200.049/0001-47;HOTEIS OTHON S.A. - EM RECUPERAÇÃO JUDICIAL;HOTEIS OTHON S.A.;1980-08-08;1943-04-28;;;ATIVO;1980-08-08;6700;Hospedagem e Turismo;BOLSA;Categoria A;2010-01-01;EM RECUPERAÇÃO JUDICIAL OU EQUIVALENTE;2018-11-28;PRIVADO;SEDE;Av Nossa Senhora de Copacabana - Nº 995;2º andar (parte);Copacabana;RIO DE JANEIRO;RJ;BRASIL;22060001;21;21250270;21;21250285;drm@othon.com.br;DIRETOR DE RELAÇÕES COM INVESTIDORES;CARLOS EDUARDO RIPPER VIANNA FILHO;2018-08-29;Av Nossa Senhora de Copacabana - Nº 995;2º andar (parte);Copacabana;RIO DE JANEIRO;RJ;;22060001;21;21250250;;;drm@othon.com.br;05.502.678/0001-96;MANDARINO & ASSOCIADOS AUDITORES
02.932.074/0001-91;HYPERA S/A;HYPERA PHARMA S/A;2008-04-16;2002-01-01;;;ATIVO;2008-04-16;21431;Farmacêutico e Higiene;BOLSA;Categoria A;2010-01-01;FASE OPERACIONAL;2008-04-16;PRIVADO;SEDE;Rua Nova Cidade, 404;Não tem;Vila Olimpia;SÃO PAULO;SP;BRASIL;4547070;011;36274200;11;36274371;ri@hypera.com.br;DIRETOR DE RELAÇÕES COM INVESTIDORES;Ramon Sanches Frutuoso Silva;2025-03-24;Av. Magalhães de Castro, 4.800;24º andar - Torre 3;Cidade Jardim;SÃO PAULO;SP;;5502001;11;36274206;;;ri@hypera.com.br;61.562.112/0001-20;PRICEWATERHOUSECOOPERS AUDITORES INDEPENDENTES LTDA.
40.593.395/0001-06;IFIN PARTICIPACOES S.A.;IFIN PARTICIPAÇÕES S.A.;2022-07-28;2020-09-29;;;ATIVO;2022-07-28;26905;Securitização de Recebíveis;;Categoria A;2022-07-28;FASE PRÉ-OPERACIONAL;2022-04-12;PRIVADO;SEDE;Rua Gerivatiba, 207;cj 161, 16º andar;Butantã;SÃO PAULO;SP;BRASIL;5501030;11;23941130;;;contato.felk@felkcap.com.br;DIRETOR DE RELAÇÕES COM INVESTIDORES;Ivo Vel Kos;2025-01-22;Rua Gerivatiba, nº 207;16º andar, Cj. 161;Butantã;SÃO PAULO;SP;;5501900;11;23941130;;;contato.felk@felkcap.com.br;54.276.936/0001-79;BDO RCS AUDITORES INDEPENDENTES - SOCIEDADE SIMPLES LIMITADA
42.353.180/0001-35;IGUÁ RIO DE JANEIRO S.A.;IGUÁ RIO DE JANEIRO S.A.;2022-03-30;2021-06-11;;;ATIVO;2022-03-30;26727;Emp. Adm. Part. - Saneamento, Serv. Água e Gás;;Categoria B;2021-12-22;FASE OPERACIONAL;2021-12-22;PRIVADO;SEDE;Avenida Ayrton Senna, 1791;;Jacarepaguá;RIO DE JANEIRO;RJ;BRASIL;22775002;11;35008600;;;ri@iguasa.com.br;DIRETOR DE RELAÇÕES COM INVESTIDORES;FLAVIO DA COSTA VAZ;2024-09-19;AVENIDA AYRTON SENNA, 1791;;JACAREPAGUÁ;RIO DE JANEIRO;RJ;;22775002;11;35008600;;;ri@iguasa.com.br;49.928.567/0001-11;DELOITTE TOUCHE TOHMATSU AUDITORES INDEPENDENTES LTDA.
08.159.965/0001-33;IGUA SANEAMENTO S.A.;COMPANHIA DE AGUAS DO BRASIL - CAB AMBIENTAL;2013-05-13;2006-06-26;;;ATIVO;2013-05-13;23175;Saneamento, Serv. Água e Gás;BOLSA;Categoria A;2013-05-13;FASE OPERACIONAL;2013-03-19;PRIVADO HOLDING;SEDE;Rua Hungria, 1.400;5º Andar;Jardim Europa;SÃO PAULO;SP;BRASIL;1455000;11;35008600;11;21990478;ri@iguasa.com.br;DIRETOR DE RELAÇÕES COM INVESTIDORES;JOÃO LUIZ GUILLAUMON LOPES;2025-05-15;Rua Gomes de Carvalho, 1.507;11º andar;Vila Olímpia;SÃO PAULO;;;4547001;11;35008600;;;ri@iguasa.com.br;49.928.567/0001-11;DELOITTE TOUCHE TOHMATSU AUDITORES INDEPENDENTES LTDA.
58.070.452/0001-20;IGUÁ SERGIPE S.A.;IGUÁ SERGIPE S.A.;2025-05-29;2024-11-08;;;ATIVO;2025-05-29;27812;Emp. Adm. Part. - Saneamento, Serv. Água e Gás;;Categoria B;2025-03-21;FASE PRÉ-OPERACIONAL;2025-03-21;PRIVADO HOLDING;SEDE;Rua Lourival Chagas, n° 45;Lt 168 E PT 167;Grageru;ARACAJU;SE;BRASIL;49025390;11;35008600;;;;DIRETOR DE RELAÇÕES COM INVESTIDORES;Fernando Soares Vieira Lima;2024-12-12;Rua Lourival Chagas, 45;;Grageru;ARACAJU;;;49025390;11;35008600;;;riigua@igua.com.br;49.928.567/0001-11;DELOITTE TOUCHE TOHMATSU AUDITORES INDEPENDENTES LTDA.
51.218.147/0001-93;IGUATEMI EMPRESA DE SHOPPING CENTERS S/A;IGUATEMI EMPRESA DE SHOPPING CENTERS S/A;2007-02-02;1979-05-23;;;ATIVO;2007-02-02;20494;Comércio (Atacado e Varejo);BOLSA;Categoria B;2022-03-10;FASE OPERACIONAL;2007-02-02;PRIVADO;SEDE;Rua Angelina Maffei Vita, 200;9º andar;Jardim Paulistano;SÃO PAULO;SP;BRASIL;1455070;11;31376801;11;31377097;ri@iguatemi.com.br;DIRETOR DE RELAÇÕES COM INVESTIDORES;Guido Barbosa de Oliveira;2022-02-01;Rua Angelina Maffei Vita, 200;9o. andar;Jardim Paulista;SÃO PAULO;SP;;1455070;11;31377037;;;ri@iguatemi.com.br;49.928.567/0001-11;DELOITTE TOUCHE TOHMATSU AUDITORES INDEPENDENTES LTDA.
60.543.816/0001-93;IGUATEMI S.A.;IGUATEMI S.A.;1946-03-12;1946-01-24;;;ATIVO;1946-03-12;8672;Emp. Adm. Part. - Comércio (Atacado e Varejo);BOLSA;Categoria A;2010-01-01;FASE OPERACIONAL;1946-03-12;PRIVADO HOLDING;SEDE;Rua Angelina Maffei Vita;200 9º andar;Jardim Paulistano;SÃO PAULO;SP;BRASIL;1455070;11;31377037;11;31377097;ri@iguatemi.com.br;DIRETOR DE RELAÇÕES COM INVESTIDORES;Guido Barbosa de Oliveira;2021-11-18;Rua Angelina Maffei Vita, 200;9º andar;Jardim Paulistano;SÃO PAULO;SP;;1455070;11;31376872;;;ri@iguatemi.com.br;49.928.567/0001-11;DELOITTE TOUCHE TOHMATSU AUDITORES INDEPENDENTES LTDA.
09.054.385/0001-44;INBRANDS SA;INBRANDS SA;2011-08-08;2007-06-30;;;ATIVO;2011-08-08;22560;Têxtil e Vestuário;BALCÃO ORGANIZADO;Categoria A;2011-08-08;FASE OPERACIONAL;2011-08-08;PRIVADO;SEDE;Avenida Maria Coelho Aguiar, nº 215;BL C/EG - LJ 102;São Luiz;SÃO PAULO;SP;BRASIL;5804900;11;21869000;11;21869037;ri@inbrands.com.br;DIRETOR DE RELAÇÕES COM INVESTIDORES;Juliana Regina Guerra;2021-04-30;Avenida Maria Coelho de Aguiar nº 215;Blocos C/E e G - Pis;São Luis;SÃO PAULO;SP;;5804900;11;21869000;;;ri@inbrands.com.br;54.276.936/0001-79;BDO RCS AUDITORES INDEPENDENTES - SOCIEDADE SIMPLES LIMITADA
09.611.768/0001-76;INC EMPREENDIMENTOS IMOBILIÁRIOS S.A.;INC EMPREENDIMENTOS IMOBILIÁRIOS S.A.;2017-11-09;2008-06-03;;;ATIVO;2017-11-09;24279;Construção Civil, Mat. Constr. e Decoração;BOLSA;Categoria A;2017-11-09;FASE OPERACIONAL;2017-07-03;PRIVADO;SEDE;R ATALIBA DE BARROS, Nº 182;SALA 1504;SÃO MATEUS;JUIZ DE FORA;MG;BRASIL;36025275;32;32371540;32;32371540;ri@meuinc.com.br;DIRETOR DE RELAÇÕES COM INVESTIDORES;BRUNO PANISSOLI CAPUTE;2022-12-09;Rua Ataliba de Barros, 182;1514;São Mateus;JUIZ DE FORA;;;36025275;32;32371540;;;ri@meuinc.com.br;10.830.108/0001-65;GRANT THORNTON AUDITORES INDEPENDENTES LTDA.
02.258.422/0001-97;INEPAR EQUIPAMENTOS E MONTAGENS S/A - EM RECUPERACAO JUDICIA;INEPAR;1998-10-23;1997-10-31;;;ATIVO;1998-10-23;17868;Máquinas, Equipamentos, Veículos e Peças;;Categoria A;2010-01-01;EM RECUPERAÇÃO JUDICIAL OU EQUIVALENTE;2014-09-15;PRIVADO;SEDE;Alameda Dr. Carlos de Carvalho nº 431;2º Andar - Parte;Centro;CURITIBA;PR;BRASIL;80410180;41;30251316;41;30251309;ri@inepar.com.br;DIRETOR DE RELAÇÕES COM INVESTIDORES;MANACESAR LOPES DOS SANTOS;2022-01-27;Alameda Dr. Carlos de Carvalho nº 431;2º Andar - Parte;Centro;CURITIBA;PR;;80410180;41;30251316;;;ri@inepar.com.br;67.643.825/0001-03;PP&C AUDITORES INDEPENDENTES S/S
76.627.504/0001-06;INEPAR S.A. INDUSTRIA E CONSTRUCOES EM RECUPERACAO JUDICIAL;INEPAR S/A;1980-01-22;1968-05-01;;;ATIVO;1980-01-22;7595;Máquinas, Equipamentos, Veículos e Peças;BOLSA;Categoria A;2010-01-01;EM RECUPERAÇÃO JUDICIAL OU EQUIVALENTE;2014-09-15;PRIVADO;SEDE;Alameda Dr. Carlos de Carvalho nº 431;2º Andar - Parte;Centro;CURITIBA;PR;BRASIL;80410180;41;30251316;41;30251309;ri@inepar.com.br;DIRETOR DE RELAÇÕES COM INVESTIDORES;MANACESAR LOPES DOS SANTOS;2019-09-04;Alameda Dr. Carlos de Carvalho nº 431;2º Andar - Parte;Centro;CURITIBA;PR;;80410180;41;30251316;;;ri@inepar.com.br;67.643.825/0001-03;PP&C AUDITORES INDEPENDENTES S/S
38.456.921/0001-36;INFRACOMMERCE CXAAS S.A.;INFRACOMMERCE CXAAS S.A.;2021-04-27;2020-09-15;;;ATIVO;2021-04-27;25747;Comércio (Atacado e Varejo);;Categoria A;2021-04-27;FASE OPERACIONAL;2021-03-02;PRIVADO;SEDE;Avenida Dr. Cardoso de Melo, n° 1.855;14° andar, sala G;Vila Olímpia;SÃO PAULO;SP;BRASIL;4548903;11;38481313;;;investor@infracommerce.com.br;DIRETOR DE RELAÇÕES COM INVESTIDORES;Bruno de Andrade Vasques;2024-11-11;Av das Nações Unidas, 12.901, 32º andar, Sala Mundo, Torre N;CENU;Cidade Monções;SÃO PAULO;;;4578910;11;38481313;;;investor@infracommerce.com.br;10.830.108/0001-65;GRANT THORNTON AUDITORES INDEPENDENTES LTDA.
35.822.503/0001-27;INSPIRALI EDUCAÇÃO S.A.;;2023-07-27;2019-12-11;;;ATIVO;2023-07-27;27251;Educação;;Categoria B;2023-05-12;FASE OPERACIONAL;2023-05-12;PRIVADO;SEDE;Avenida Mário Werneck, nº 1.685, Bloco R6, Sala 117;Jurídico 2;Estoril;BELO HORIZONTE;MG;BRASIL;30455610;11;43022611;;;tiago.garcia@inspirali.com;DIRETOR DE RELAÇÕES COM INVESTIDORES;Tiago Garcia Moraes;2023-05-12;Avenida Professor Mario Werneck, 1.685;Bloco R6, sala 117;;BELO HORIZONTE;MG;;30455610;11;43022611;;;tiago.garcia@inspirali.com;61.366.936/0001-25;ERNST & YOUNG AUDITORES INDEPENDENTES S/S LTDA.
82.901.000/0001-27;INTELBRAS S.A. IND. DE TELECOMUNICAÇÃO ELETRÔNICA BRASILEIRA;INTELBRAS S.A.;2021-02-02;1974-01-11;;;ATIVO;2021-02-02;25453;Comércio (Atacado e Varejo);BOLSA;Categoria A;2021-02-02;FASE OPERACIONAL;2020-11-26;PRIVADO;SEDE;Rodovia BR 101;Km 210;Área Industrial;SÃO JOSÉ;SC;BRASIL;88104800;48;32819500;;;;DIRETOR DE RELAÇÕES COM INVESTIDORES;Rafael Boeing;2020-11-25;Rodovia BR 101;Km 210;Área Industrial;SÃO JOSÉ;SP;;88104800;48;32819500;;;ri@intelbras.com.br;61.562.112/0001-20;PRICEWATERHOUSECOOPERS AUDITORES INDEPENDENTES LTDA.
17.314.329/0001-20;INTERNATIONAL MEAL COMPANY ALIMENTAÇÃO S.A.;INTERNATIONAL MEAL COMAPANY ALIMENTAÇÃO S.A.;2015-03-19;1965-01-02;;;ATIVO;2015-03-19;23574;Alimentos;BOLSA;Categoria A;2015-03-19;FASE OPERACIONAL;2014-12-09;PRIVADO;SEDE;Avenida Doutora Ruth Cardoso, 4777, 12º andar;conjunto A;Jd Univ. Pinheiros;SÃO PAULO;SP;BRASIL;5477902;11;30419500;11;30343204;ri@grupoimc.com.br;DIRETOR DE RELAÇÕES COM INVESTIDORES;Natália Lacava;2025-04-02;Avenida Doutora Ruth Cardoso, 4.777, 12º andar;Conjunto A;Jd Univ. Pinheiros;SÃO PAULO;SP;;5477902;11;30419500;;;ri@grupoimc.com.br;49.928.567/0001-11;DELOITTE TOUCHE TOHMATSU AUDITORES INDEPENDENTES LTDA.
00.644.907/0001-93;INVESTCO S/A;INVESTCO S.A.;2000-02-04;1997-11-01;;;ATIVO;2000-02-04;18589;Energia Elétrica;;Categoria A;2010-01-01;FASE OPERACIONAL;2001-12-31;PRIVADO;SEDE;ROD-TO Miracema;KM 23;Rodovia-TO;MIRACEMA DO TOCANTINS;TO;BRASIL;77650000;63;33113407;63;33113415;reportefinanceiro@edpbr.com.br;DIRETOR DE RELAÇÕES COM INVESTIDORES;Luis Fernando Mendonça de Barros Filho;2024-05-01;Rua Werner Von Siemens, 111;Prédio 22, bloco A.;Lapa de Baixo;SÃO PAULO;SP;;5069900;11;21855921;;;reportefinanceiro@edpbr.com.br;61.562.112/0001-20;PRICEWATERHOUSECOOPERS AUDITORES INDEPENDENTES LTDA.
01.548.981/0001-79;INVESTIMENTOS BEMGE S.A.;INVESTIMENTOS BEMGE;1977-07-20;1964-06-30;;;ATIVO;1977-07-20;6041;Bancos;BOLSA;Categoria A;2010-01-01;FASE OPERACIONAL;1977-07-20;PRIVADO;SEDE;Praça Alfredo Egydio de Souza Aranha, 100, Torre Conceição;7º andar;Parque Jabaquara;SÃO PAULO;SP;BRASIL;4344902;11;27943547;11;50199986;relacionamento.reguladores@itau-unibanco.com.br;DIRETOR DE RELAÇÕES COM INVESTIDORES;GUSTAVO LOPES RODRIGUES;2024-07-01;Pça Alfredo Egydio de Souza Aranha, 100, Torre Conceição;12º andar;Parque Jabaquara;SÃO PAULO;SP;;4344902;11;27943547;;;ri@itau-unibanco.com.br;61.366.936/0001-25;ERNST & YOUNG AUDITORES INDEPENDENTES S/S LTDA.
03.758.318/0001-24;INVESTIMENTOS E PARTICIP EM INFRA SA INVEPAR;INVEPAR;2000-09-29;2000-03-01;;;ATIVO;2000-09-29;18775;Emp. Adm. Part. - Serviços Transporte e Logística;BALCÃO ORGANIZADO;Categoria A;2010-01-01;FASE OPERACIONAL;2000-09-29;PRIVADO;SEDE;Rodovia Hélio Smidt, s/nº, Aeroporto Internacional de GRU;3º andar Sala GRUPar;Cumbica;GUARULHOS;SP;BRASIL;7190100;21;22111300;21;22111313;invest@invepar.com.br, governancacorporativa@invepar.com.br;DIRETOR DE RELAÇÕES COM INVESTIDORES;VAGNER LACERDA RIBEIRO;2026-05-01;Rodovia Hélio Smidt, s/nº - 3º andar, sala GRUPar;TPS 2 do Aeroporto;Aeroporto;GUARULHOS;SP;;7190100;21;22111300;;;invest@invepar.com.br;54.276.936/0001-79;BDO RCS AUDITORES INDEPENDENTES - SOCIEDADE SIMPLES LIMITADA
03.758.318/0001-24;INVESTIMENTOS E PARTICIP EM INFRA SA INVEPAR;INVEPAR;2000-09-29;2000-03-01;;;ATIVO;2000-09-29;18775;Emp. Adm. Part. - Serviços Transporte e Logística;BOLSA;Categoria A;2010-01-01;FASE OPERACIONAL;2000-09-29;PRIVADO;SEDE;Rodovia Hélio Smidt, s/nº, Aeroporto Internacional de GRU;3º andar Sala GRUPar;Cumbica;GUARULHOS;SP;BRASIL;7190100;21;22111300;21;22111313;invest@invepar.com.br, governancacorporativa@invepar.com.br;DIRETOR DE RELAÇÕES COM INVESTIDORES;VAGNER LACERDA RIBEIRO;2026-05-01;Rodovia Hélio Smidt, s/nº - 3º andar, sala GRUPar;TPS 2 do Aeroporto;Aeroporto;GUARULHOS;SP;;7190100;21;22111300;;;invest@invepar.com.br;54.276.936/0001-79;BDO RCS AUDITORES INDEPENDENTES - SOCIEDADE SIMPLES LIMITADA
61.156.113/0001-75;IOCHPE MAXION SA;IOCHPE-MAXION;1984-07-17;1940-05-28;;;ATIVO;1984-07-17;11932;Máquinas, Equipamentos, Veículos e Peças;BALCÃO NÃO ORGANIZADO;Categoria A;2010-01-01;FASE OPERACIONAL;1984-07-17;PRIVADO;SEDE;Rua Othon Barcellos, nº 83;;Itagaçaba;CRUZEIRO;SP;BRASIL;12730900;012;31811080;12;31444208;dri@iochpe.com.br;DIRETOR DE RELAÇÕES COM INVESTIDORES;Renato Jorge Salum Junior;2025-01-30;Rua Luigi Galvani, 146;13º andar;Brooklin Novo;SÃO PAULO;;;4575020;11;55083800;;;dri@iochpe.com.br;49.928.567/0001-11;DELOITTE TOUCHE TOHMATSU AUDITORES INDEPENDENTES LTDA.
61.156.113/0001-75;IOCHPE MAXION SA;IOCHPE-MAXION;1984-07-17;1940-05-28;;;ATIVO;1984-07-17;11932;Máquinas, Equipamentos, Veículos e Peças;BALCÃO ORGANIZADO;Categoria A;2010-01-01;FASE OPERACIONAL;1984-07-17;PRIVADO;SEDE;Rua Othon Barcellos, nº 83;;Itagaçaba;CRUZEIRO;SP;BRASIL;12730900;012;31811080;12;31444208;dri@iochpe.com.br;DIRETOR DE RELAÇÕES COM INVESTIDORES;Renato Jorge Salum Junior;2025-01-30;Rua Luigi Galvani, 146;13º andar;Brooklin Novo;SÃO PAULO;;;4575020;11;55083800;;;dri@iochpe.com.br;49.928.567/0001-11;DELOITTE TOUCHE TOHMATSU AUDITORES INDEPENDENTES LTDA.
61.156.113/0001-75;IOCHPE MAXION SA;IOCHPE-MAXION;1984-07-17;1940-05-28;;;ATIVO;1984-07-17;11932;Máquinas, Equipamentos, Veículos e Peças;BOLSA;Categoria A;2010-01-01;FASE OPERACIONAL;1984-07-17;PRIVADO;SEDE;Rua Othon Barcellos, nº 83;;Itagaçaba;CRUZEIRO;SP;BRASIL;12730900;012;31811080;12;31444208;dri@iochpe.com.br;DIRETOR DE RELAÇÕES COM INVESTIDORES;Renato Jorge Salum Junior;2025-01-30;Rua Luigi Galvani, 146;13º andar;Brooklin Novo;SÃO PAULO;;;4575020;11;55083800;;;dri@iochpe.com.br;49.928.567/0001-11;DELOITTE TOUCHE TOHMATSU AUDITORES INDEPENDENTES LTDA.
92.791.243/0001-03;IRANI PAPEL E EMBALAGEM S.A.;IRANI PAPEL E EMBALAGEM S.A.;1977-07-20;1941-06-06;;;ATIVO;1977-07-20;2429;Embalagens;BALCÃO ORGANIZADO;Categoria A;2010-01-01;FASE OPERACIONAL;1977-07-20;PRIVADO;SEDE;Avenida Carlos  Gomes,nº400, Edifício João Benjamin Zaffari;salas 502/503;Boa Vista;PORTO ALEGRE;RS;BRASIL;90480900;51;32203542;51;32203757;ri@irani.com.br;DIRETOR DE RELAÇÕES COM INVESTIDORES;André Camargo de Carvalho;2026-01-13;Avenida Carlos Gomes, nº400, Edifício João Benjamin Zaffari;salas 502/503;Boa Vista;PORTO ALEGRE;RS;;9048090;51;32203542;;;ri@irani.com.br;61.562.112/0001-20;PRICEWATERHOUSECOOPERS AUDITORES INDEPENDENTES LTDA.
33.376.989/0001-91;IRB - BRASIL RESSEGUROS S.A.;;2017-07-27;1939-04-03;;;ATIVO;2017-07-27;24180;Seguradoras e Corretoras;BALCÃO ORGANIZADO;Categoria A;2017-07-27;FASE OPERACIONAL;2017-05-30;PRIVADO;SEDE;Av. República do Chile, n° 330, Torre Leste, 3°e 4° andares;;Centro;RIO DE JANEIRO;RJ;BRASIL;20031170;21;22720200;;;gri@irbre.com;DIRETOR DE RELAÇÕES COM INVESTIDORES;Marcos Pessôa de Queiroz Falcão;2023-03-09;Av. República do Chile, n° 330, Torre Leste, 3°e 4° andares;;Centro;RIO DE JANEIRO;RJ;;20031170;21;22722772;;;gri@irbre.com;57.755.217/0001-29;KPMG AUDITORES INDEPENDENTES LTDA.
33.376.989/0001-91;IRB - BRASIL RESSEGUROS S.A.;;2017-07-27;1939-04-03;;;ATIVO;2017-07-27;24180;Seguradoras e Corretoras;BOLSA;Categoria A;2017-07-27;FASE OPERACIONAL;2017-05-30;PRIVADO;SEDE;Av. República do Chile, n° 330, Torre Leste, 3°e 4° andares;;Centro;RIO DE JANEIRO;RJ;BRASIL;20031170;21;22720200;;;gri@irbre.com;DIRETOR DE RELAÇÕES COM INVESTIDORES;Marcos Pessôa de Queiroz Falcão;2023-03-09;Av. República do Chile, n° 330, Torre Leste, 3°e 4° andares;;Centro;RIO DE JANEIRO;RJ;;20031170;21;22722772;;;gri@irbre.com;57.755.217/0001-29;KPMG AUDITORES INDEPENDENTES LTDA.
02.998.611/0001-04;ISA ENERGIA BRASIL S.A.;CTEEP;1999-07-14;1999-02-04;;;ATIVO;1999-07-14;18376;Energia Elétrica;BALCÃO ORGANIZADO;Categoria A;2010-01-01;FASE OPERACIONAL;1999-07-14;PRIVADO HOLDING;SEDE;Av. das Nações Unidas 14171 - Torre Crystal;6º andar;Vila Gertrudes;SÃO PAULO;SP;BRASIL;4794000;011;31387000;11;31387161;ri@brasil.isaenergia.com;DIRETOR DE RELAÇÕES COM INVESTIDORES;Silvia Diniz Wada;2024-06-05;Avenida das Nações Unidas, 14.171;Crystal Tower;Vila Gertrudes;SÃO PAULO;SP;;4794000;11;31387000;;;ri@brasil.isaenergia.com;61.366.936/0001-25;ERNST & YOUNG AUDITORES INDEPENDENTES S/S LTDA.
02.998.611/0001-04;ISA ENERGIA BRASIL S.A.;CTEEP;1999-07-14;1999-02-04;;;ATIVO;1999-07-14;18376;Energia Elétrica;BOLSA;Categoria A;2010-01-01;FASE OPERACIONAL;1999-07-14;PRIVADO HOLDING;SEDE;Av. das Nações Unidas 14171 - Torre Crystal;6º andar;Vila Gertrudes;SÃO PAULO;SP;BRASIL;4794000;011;31387000;11;31387161;ri@brasil.isaenergia.com;DIRETOR DE RELAÇÕES COM INVESTIDORES;Silvia Diniz Wada;2024-06-05;Avenida das Nações Unidas, 14.171;Crystal Tower;Vila Gertrudes;SÃO PAULO;SP;;4794000;11;31387000;;;ri@brasil.isaenergia.com;61.366.936/0001-25;ERNST & YOUNG AUDITORES INDEPENDENTES S/S LTDA.
60.872.504/0001-23;ITAÚ UNIBANCO HOLDING S.A.;ITAÚ UNIBANCO;2002-12-30;1943-01-01;;;ATIVO;2002-12-30;19348;Bancos;BOLSA;Categoria A;2010-01-01;FASE OPERACIONAL;2002-12-30;PRIVADO;SEDE;PRAÇA ALFREDO EGYDIO DE SOUZA ARANHA, 100, T. OLAVO SETUBAL;PISO ITAÚ UNIBANCO;PARQUE JABAQUARA;SÃO PAULO;SP;;4344902;11;27943547;11;50199986;ri@itau-unibanco.com.br;DIRETOR DE RELAÇÕES COM INVESTIDORES;GUSTAVO LOPES RODRIGUES;2024-08-16;Pca Alfredo Egydio de Souza Aranha,100, Torre Conceição;12º andar;Parque Jabaquara;SÃO PAULO;SP;;4344902;11;27943547;;;ri@itau-unibanco.com.br;61.562.112/0001-20;PRICEWATERHOUSECOOPERS AUDITORES INDEPENDENTES LTDA.
61.532.644/0001-15;ITAUSA S.A.;ITAÚSA;1977-07-20;1966-05-06;;;ATIVO;1977-07-20;7617;Emp. Adm. Part. - Intermediação Financeira;BALCÃO ORGANIZADO;Categoria A;2010-01-01;FASE OPERACIONAL;1977-07-20;PRIVADO;SEDE;Avenida Paulista, 1938;5º andar;Bela Vista;SÃO PAULO;SP;BRASIL;1310200;11;35434177;11;35434101;;DIRETOR DE RELAÇÕES COM INVESTIDORES;ALFREDO EGYDIO SETUBAL;2015-05-12;Avenida Paulista, 1938;5º andar;Bela Vista;SÃO PAULO;SP;;1310200;11;35434177;;;drinvest@itausa.com.br;61.562.112/0001-20;PRICEWATERHOUSECOOPERS AUDITORES INDEPENDENTES LTDA.
61.532.644/0001-15;ITAUSA S.A.;ITAÚSA;1977-07-20;1966-05-06;;;ATIVO;1977-07-20;7617;Emp. Adm. Part. - Intermediação Financeira;BOLSA;Categoria A;2010-01-01;FASE OPERACIONAL;1977-07-20;PRIVADO;SEDE;Avenida Paulista, 1938;5º andar;Bela Vista;SÃO PAULO;SP;BRASIL;1310200;11;35434177;11;35434101;;DIRETOR DE RELAÇÕES COM INVESTIDORES;ALFREDO EGYDIO SETUBAL;2015-05-12;Avenida Paulista, 1938;5º andar;Bela Vista;SÃO PAULO;SP;;1310200;11;35434177;;;drinvest@itausa.com.br;61.562.112/0001-20;PRICEWATERHOUSECOOPERS AUDITORES INDEPENDENTES LTDA.
14.998.371/0001-19;J. MACEDO S/A;J. MACEDO ALIM NORDESTE S/A  - AGUIA S/A;2007-10-16;1982-01-01;;;ATIVO;2007-10-16;21156;Alimentos;BALCÃO ORGANIZADO;Categoria B;2010-01-01;FASE OPERACIONAL;2007-10-16;PRIVADO;SEDE;Rua Benedito Macêdo;79;Cais do Porto;FORTALEZA;CE;BRASIL;60180415;85;40066000;85;40066015;ri@jmacedo.com.br;DIRETOR DE RELAÇÕES COM INVESTIDORES;Alexandre José Afexe;2020-03-01;Rua Verbo Divino, 1207;3° andar;Chácara Sto Antônio;SÃO PAULO;SP;;4719022;11;21327020;;;ri@jmacedo.com.br;49.928.567/0001-11;DELOITTE TOUCHE TOHMATSU AUDITORES INDEPENDENTES LTDA.
02.635.522/0001-95;JALLES MACHADO S.A.;JALLES MACHADO S.A;2021-02-04;1980-11-28;;;ATIVO;2021-02-04;25496;Agricultura (Açúcar, Álcool e Cana);BOLSA;Categoria A;2021-02-04;FASE OPERACIONAL;2020-12-02;PRIVADO;SEDE;Rodovia GO 080, km 185;Fazenda S. Pedro s/n;Zona Rural;GOIANÉSIA;GO;BRASIL;76388899;62;33899000;;;ri@jalles.com;DIRETOR DE RELAÇÕES COM INVESTIDORES;Rodrigo Penna de Siqueira;2020-11-27;Rodovia GO-080, KM 75,1;Fazenda São Pedro, S;Zona Rural;GOIANÉSIA;GO;;76388899;62;33899000;;;ri@jalles.com;61.366.936/0001-25;ERNST & YOUNG AUDITORES INDEPENDENTES S/S LTDA.
02.916.265/0001-60;JBS SA;JBS SA;2007-03-27;1953-01-01;;;ATIVO;2007-03-27;20575;Alimentos;BOLSA;Categoria A;2010-01-01;FASE OPERACIONAL;2007-03-27;PRIVADO;SEDE;Av. Marginal Direita do Tietê, 500;Bloco 3 - 3o andar;Vila Jaguara;SÃO PAULO;SP;BRASIL;5118100;11;31444146;11;31444171;ri@jbs.com.br;DIRETOR DE RELAÇÕES COM INVESTIDORES;Guilherme Perboyre Cavalcanti;2019-01-15;Av. Marginal Direita do Tietê, 500;Bloco 3 - 3º andar;Vila Jaguara;SÃO PAULO;SP;;5118100;11;31444224;;;ri@jbs.com.br;57.755.217/0001-29;KPMG AUDITORES INDEPENDENTES LTDA.
08.294.224/0001-65;JHSF PARTICIPAÇÕES SA;JHSF;2007-04-04;2006-06-29;;;ATIVO;2007-04-04;20605;Emp. Adm. Part. - Const. Civil, Mat. Const. e Decoração;BOLSA;Categoria A;2010-01-01;FASE OPERACIONAL;2007-04-04;PRIVADO HOLDING;SEDE;Avenida Alcides Sangirardi s/n - 301 Usina SP;Espaço C.01.01;Cidade Jardim;SÃO PAULO;SP;BRASIL;5672015;11;37021900;11;37022370;ri@jhsf.com.br;DIRETOR DE RELAÇÕES COM INVESTIDORES;Breno Perez Vicente;2025-09-15;Avenida Alcides Sangirardi s/n - 301 Usina SP;Espaço C.01.01;Cidade Jardim;SÃO PAULO;;;5672015;11;37025473;;;ri@jhsf.com.br;61.366.936/0001-25;ERNST & YOUNG AUDITORES INDEPENDENTES S/S LTDA.
33.035.536/0001-00;JOAO FORTES ENGENHARIA SA - EM RECUPERAÇÃO JUDICIAL;JOÃO FORTES ENGENHARIA S.A.;1977-07-20;1940-10-10;;;ATIVO;2021-05-19;7811;Construção Civil, Mat. Constr. e Decoração;BOLSA;Categoria A;2010-01-01;EM RECUPERAÇÃO JUDICIAL OU EQUIVALENTE;2020-05-11;PRIVADO;SEDE;Av. das Américas, 3443;Bl.3-Loja108;Barra da Tijuca;RIO DE JANEIRO;RJ;BRASIL;22631003;21;20424204;21;35014800;ri@joaofortes.com.br;DIRETOR DE RELAÇÕES COM INVESTIDORES;Roberto Alexandre de Alencar Araripe Quilelli Correa;2018-05-22;Av. das Américas, 3443;Bl.3-Loja108;Barra da Tijuca;RIO DE JANEIRO;RJ;;22631003;21;20424204;;;ri@joaofortes.com.br;54.080.721/0001-88;CLA - CLIFTON LARSON ALLEN BRASIL AUDITORES INDEPENDENTES S/S LTDA
87.456.562/0001-22;JOSAPAR-JOAQUIM OLIVEIRA S.A. - PARTICIP;JOSAPAR S/A;1988-03-04;1920-01-01;;;ATIVO;1988-03-04;13285;Emp. Adm. Part. - Alimentos;BOLSA;Categoria A;2010-01-01;FASE OPERACIONAL;1988-03-04;PRIVADO;SEDE;Av. Carlos Gomes, 651;5º andar;Boa Vista;PORTO ALEGRE;RS;BRASIL;90480003;51;33273200;51;33273200;ri@josapar.com.br;DIRETOR DE RELAÇÕES COM INVESTIDORES;AUGUSTO LAURO DE OLIVEIRA JR;2003-03-26;Av. Carlos Gomes, 651;5º andar;Boa Vista;PORTO ALEGRE;RS;;90480003;51;33273200;;;ri@josapar.com.br;20.840.718/0001-01;TATICCA AUDITORES INDEPENDENTES S.S. - EPP
52.548.435/0001-79;JSL S.A.;JSL S.A.;2010-04-15;1969-08-05;;;ATIVO;2010-04-15;22020;Serviços Transporte e Logística;BALCÃO ORGANIZADO;Categoria A;2010-04-15;FASE OPERACIONAL;2010-04-15;PRIVADO HOLDING;SEDE;Rua Doutor Renato Paes de Barros, 1017, Conjunto 91;ED. Corporate Park;Itaim Bibi;SÃO PAULO;SP;BRASIL;4530001;11;31544000;11;23777836;ri@jsl.com.br;DIRETOR DE RELAÇÕES COM INVESTIDORES;Guilherme de Andrade Fonseca Sampaio;2020-11-16;Rua Doutor Renato Paes de Barros, n° 1.017;10 andar;Itaim Bbi;SÃO PAULO;SP;;4530001;11;23777043;;;ri@jsl.com.br;61.562.112/0001-20;PRICEWATERHOUSECOOPERS AUDITORES INDEPENDENTES LTDA.
52.548.435/0001-79;JSL S.A.;JSL S.A.;2010-04-15;1969-08-05;;;ATIVO;2010-04-15;22020;Serviços Transporte e Logística;BOLSA;Categoria A;2010-04-15;FASE OPERACIONAL;2010-04-15;PRIVADO HOLDING;SEDE;Rua Doutor Renato Paes de Barros, 1017, Conjunto 91;ED. Corporate Park;Itaim Bibi;SÃO PAULO;SP;BRASIL;4530001;11;31544000;11;23777836;ri@jsl.com.br;DIRETOR DE RELAÇÕES COM INVESTIDORES;Guilherme de Andrade Fonseca Sampaio;2020-11-16;Rua Doutor Renato Paes de Barros, n° 1.017;10 andar;Itaim Bbi;SÃO PAULO;SP;;4530001;11;23777043;;;ri@jsl.com.br;61.562.112/0001-20;PRICEWATERHOUSECOOPERS AUDITORES INDEPENDENTES LTDA.
09.414.761/0001-64;K-INFRA RODOVIA DO AÇO S.A.;K-INFRA RODOVIA DO AÇO S.A.;2011-03-29;2008-03-04;;;ATIVO;2011-03-29;22446;Serviços Transporte e Logística;;Categoria B;2011-03-29;FASE OPERACIONAL;2011-03-29;PRIVADO;SEDE;RODOVIA BR 393 KM 233 + 600;Nº 61.701;CARVALHEIRA;VASSOURAS;RJ;BRASIL;27700000;24;24919600;24;24711976;controladoria@rodoviadoaco.com.br;DIRETOR DE RELAÇÕES COM INVESTIDORES;Sérgio Eduardo Campos;2025-04-26;Rodovia BR 393, KM 233+600, 61.701;;Carvalheira;;;;27700000;24;35120420;;;sergio.campos@rodoviadoaco.com.br;20.840.718/0001-01;TATICCA AUDITORES INDEPENDENTES S.S. - EPP
09.146.451/0001-06;KALLAS INCORPORAÇÕES E CONSTRUÇÕES S.A.;;2021-05-03;2007-09-27;;;ATIVO;2021-05-03;25798;Construção Civil, Mat. Constr. e Decoração;;Categoria A;2021-05-03;FASE OPERACIONAL;2007-09-27;PRIVADO;SEDE;Alameda dos Arapanés 1441;2º e 3º Andares;Indianópolis;SÃO PAULO;SP;BRASIL;4524003;11;30468499;;;ri@grupokallas.com.br;DIRETOR DE RELAÇÕES COM INVESTIDORES;Raphael Esper Kallas;2021-02-16;Rua João Lourenço, nº 432;30;Vila Nova Conceição;SÃO PAULO;SP;;4508030;11;30468499;;;ri@grupokallas.com.br;61.366.936/0001-25;ERNST & YOUNG AUDITORES INDEPENDENTES S/S LTDA.
43.283.811/0001-50;KALUNGA S.A.;KALUNGA S.A.;2021-03-08;1972-05-16;;;ATIVO;2021-03-08;25631;Comércio (Atacado e Varejo);;Categoria A;2021-03-08;FASE OPERACIONAL;2020-12-04;PRIVADO;SEDE;Rua da Mooca, 766;4º e 5º andares;Mooca;SÃO PAULO;SP;BRASIL;3104010;11;33469966;;;ri@kalunga.com.br;DIRETOR DE RELAÇÕES COM INVESTIDORES;Felipe de Albuquerque Campos;2020-12-03;Rua da Mooca,766;4º e 5º andares;Mooca;SÃO PAULO;SP;;3104010;11;33469966;;;ri@kalunga.com.br;54.276.936/0001-79;BDO RCS AUDITORES INDEPENDENTES - SOCIEDADE SIMPLES LIMITADA
82.640.558/0001-04;KARSTEN SA;KARSTEN;1971-12-29;1933-12-23;;;ATIVO;1971-12-29;4146;Têxtil e Vestuário;BOLSA;Categoria A;2010-01-01;FASE OPERACIONAL;1971-12-29;PRIVADO;SEDE;Rua Johann Karsten;nº 260;Testo Salto;BLUMENAU;SC;BRASIL;89074700;47;33314000;47;33314065;acionistas@karsten.com.br;DIRETOR DE RELAÇÕES COM INVESTIDORES;Hélio Lippert da Silva;2022-06-29;Rua Johann Karsten, n.º 260;;Testo Salto;BLUMENAU;SC;;89074700;47;33314000;;;helio.lippert@karsten.com.br;10.830.108/0001-65;GRANT THORNTON AUDITORES INDEPENDENTES LTDA.
91.983.056/0001-69;KEPLER WEBER SA;KEPLER WEBER SA;1980-12-15;1935-01-01;;;ATIVO;1980-12-15;7870;Emp. Adm. Part. - Metalurgia e Siderurgia;BOLSA;Categoria A;2010-01-01;FASE OPERACIONAL;1980-12-15;PRIVADO;SEDE;Rua do Rócio;nº 84, 3º andar;Vila Olímpia;SÃO PAULO;SP;BRASIL;4552000;11;48730302;11;48730301;ri.kepler@kepler.com.br;DIRETOR DE RELAÇÕES COM INVESTIDORES;Renato Arroyo Barbeiro;2024-11-01;Rua do Rócio, nº 84;3º andar;Vila Olímpia;SÃO PAULO;;;4552000;11;48730302;;;ri.kepler@kepler.com.br;61.366.936/0001-25;ERNST & YOUNG AUDITORES INDEPENDENTES S/S LTDA.
89.637.490/0001-45;KLABIN S.A.;KLABIN;1997-08-06;1978-11-08;;;ATIVO;1997-08-06;12653;Papel e Celulose;BOLSA;Categoria A;2010-01-01;FASE OPERACIONAL;1997-08-06;PRIVADO;SEDE;Av. Brigadeiro Faria Lima, 949 - 12º, 14º, 15º e 16º andares;Conjunto 1602;Pinheiros;SÃO PAULO;SP;BRASIL;5426100;11;30465800;11;30465846;klabin@klabin.com.br;DIRETOR DE RELAÇÕES COM INVESTIDORES;Maria Gabriela Woge Liguori;2026-01-01;Av. Brigadeiro Faria Lima, 949 - 15º andar;Conjunto 1602;Pinheiros;SÃO PAULO;SP;;5426100;11;30468401;;;invest@klabin.com.br;61.562.112/0001-20;PRICEWATERHOUSECOOPERS AUDITORES INDEPENDENTES LTDA.
13.270.520/0001-66;KORA SAÚDE PARTICIPAÇÕES S.A.;;2021-05-13;2011-12-08;;;ATIVO;2021-05-13;25879;Serviços Médicos;;Categoria B;2025-04-14;FASE OPERACIONAL;2021-02-25;PRIVADO;SEDE;Avenida Desembargador Santos Neves;nº 207;Santa Lúcia;VITÓRIA;ES;BRASIL;29056055;27;34416860;;;;DIRETOR DE RELAÇÕES COM INVESTIDORES;ALEXANDRE AUGUSTO OLIVIERI;2026-01-07;AVENIDA DESEMBARGADOR SANTOS NEVES, N° 207;;SANTA LÚCIA;VITÓRIA;ES;;29056055;27;34416860;0;0;ri@korasaude.com.br;61.562.112/0001-20;PRICEWATERHOUSECOOPERS AUDITORES INDEPENDENTES LTDA.
17.159.229/0001-76;LABORATÓRIO TEUTO BRASILEIRO S.A.;LABORATÓRIO TEUTO BRASILEIRO S.A.;2021-08-24;1957-03-25;;;ATIVO;2021-08-24;26182;Farmacêutico e Higiene;;Categoria A;2021-08-24;FASE OPERACIONAL;2021-02-19;PRIVADO;SEDE;VP 7D, Módulo 11;Quadra 13;Distrito Industrial;ANÁPOLIS;GO;BRASIL;75132140;62;33102017;;;ri@teuto.com.br;DIRETOR DE RELAÇÕES COM INVESTIDORES;Luiz Alberto Lyra Pinheiro;2021-02-18;VP 7D, Módulo 11;Quadra 13;Distrito Industrial;ANÁPOLIS;GO;;75132901;62;33102017;;;ri@teuto.com.br;61.366.936/0001-25;ERNST & YOUNG AUDITORES INDEPENDENTES S/S LTDA.
26.462.693/0001-28;LAVVI EMPREENDIMENTOS IMOBILIÁRIOS S.A;;2020-08-31;2016-09-28;;;ATIVO;2020-08-31;25062;Construção Civil, Mat. Constr. e Decoração;BOLSA;Categoria A;2020-08-31;FASE OPERACIONAL;2020-07-08;PRIVADO;SEDE;Avenida Angélica, 2346;8º andar CJ 84;Bairro Consolação;SÃO PAULO;SP;BRASIL;1228200;11;42101377;;;ri@lavvi.com.br;DIRETOR DE RELAÇÕES COM INVESTIDORES;Sandra Esthy Attié Petzenbaum;2020-06-19;Avenida Angélica, 2346;8º andar Conj. 84;Consolação;SÃO PAULO;SP;;1228200;11;42101377;;;ri@lavvi.com.br;54.276.936/0001-79;BDO RCS AUDITORES INDEPENDENTES - SOCIEDADE SIMPLES LIMITADA
21.414.457/0001-12;LEADS CIA. SECURITIZADORA;LEADS CIA. SECURITIZADORA;2015-02-03;2014-10-15;;;ATIVO;2015-02-03;23558;Securitização de Recebíveis;;Categoria B;2015-02-03;FASE OPERACIONAL;2015-12-31;PRIVADO;SEDE;RUA IGUATEMI, 192;CONJUNTO 204;ITAIM BIBI;SÃO PAULO;SP;BRASIL;1451010;11;31130076;11;31130076;julia.freixo@leadsec.com.br;DIRETOR DE RELAÇÕES COM INVESTIDORES;Ricardo Batista de Siqueira Xavier;2025-08-15;Avenida Brigadeiro Faria Lima, 1572;Conj. 1022;Jardim Paulistano;SÃO PAULO;SP;;1451917;11;971327587;;;ricardo.xavier@nscapital.com.br;07.071.420/0001-08;VILLELA E ASSOCIADOS AUDITORIA E CONSULTORIA S/S
00.873.894/0001-24;LET'S RENT A CAR S.A.;LET'S RENT A CAR S.A.;2023-12-18;1995-10-09;;;ATIVO;2023-12-18;27383;Serviços Transporte e Logística;;Categoria B;2023-09-29;FASE OPERACIONAL;2023-09-29;PRIVADO;SEDE;Via de Acesso Engenheiro Ivo Najm, 3800,;Bloco I;2° Dist. Industrial;ARARAQUARA;SP;BRASIL;14808159;16;21085600;;;rilets@lets.com.br;DIRETOR DE RELAÇÕES COM INVESTIDORES;André Luiz Chieppe;2023-09-27;Via de Acesso Engenheiro Ivo Najm, 3800;Bloco I;2° Dist. Industrial;ARARAQUARA;SP;;14808159;16;21085600;;;rilets@lets.com.br;49.928.567/0001-11;DELOITTE TOUCHE TOHMATSU AUDITORES INDEPENDENTES LTDA.
02.357.251/0001-53;LIFEMED INDUSTRIAL DE EQUIP. E ART. MEDICOS E HOSP. S.A.;LIFEMED INDUSTRIAL DE EQUIP. E ART. MEDICOS E HOSP. S.A.;2019-11-08;1997-12-22;;;ATIVO;2019-11-08;24872;Máquinas, Equipamentos, Veículos e Peças;;Categoria A;2019-11-08;FASE OPERACIONAL;2019-07-30;PRIVADO;SEDE;Rua Giuseppe Mattea;350 A;Fragata;PELOTAS;RS;BRASIL;96050080;11;55643232;11;55643232;marcos.reis@lifemed.com.br;DIRETOR DE RELAÇÕES COM INVESTIDORES;Marcos Antonio Curimbaba;2026-05-12;Rua Giuseppe Mattea;350 A;Fragata;PELOTAS;RS;;96050080;11;55643232;;;marcos.curimbaba@lifemed.cim.br;61.366.936/0001-25;ERNST & YOUNG AUDITORES INDEPENDENTES S/S LTDA.
04.368.865/0001-66;LIGGA TELECOMUNICAÇÕES S.A.;LIGGA TELECOMUNICAÇÕES S.A.;2023-11-14;2001-04-04;;;ATIVO;2023-11-14;27367;Telecomunicações;;Categoria B;2023-08-30;FASE OPERACIONAL;2023-12-01;PRIVADO;SEDE;Rua Vicente Machado, nº 1.001;;Batel;CURITIBA;PR;BRASIL;80420011;43;33751280;;;ri@liggavc.com.br;DIRETOR DE RELAÇÕES COM INVESTIDORES;Luiz Felipe Seabra Mello;2024-11-27;Rua Vicente Machado, nº 1001;;Batel;CURITIBA;;;80420011;43;33751280;;;ri@liggavc.com.br;40.262.602/0001-31;BKR - LOPES, MACHADO AUDITORES
01.917.818/0001-36;LIGHT ENERGIA S.A.;LIGHT ENERGIA S.A;2013-01-11;1997-06-23;;;ATIVO;2013-01-11;23000;Energia Elétrica;;Categoria B;2013-01-11;FASE OPERACIONAL;2012-10-30;PRIVADO;SEDE;Av.Marechal Floriano;168;Centro;RIO DE JANEIRO;RJ;BRASIL;20080002;21;22112814;21;22112554;notificacao@light.com.br;DIRETOR DE RELAÇÕES COM INVESTIDORES;CARLOS VINICIUS DE SÁ RORIZ;2025-12-29;AV. MARECHAL FLORIANO, 168;BLOCO1 - 2º ANDAR;CENTRO;RIO DE JANEIRO;RJ;;20080002;21;22112623;0;0;ri@light.com.br;49.928.567/0001-11;DELOITTE TOUCHE TOHMATSU AUDITORES INDEPENDENTES LTDA.
03.378.521/0001-75;LIGHT S.A. - EM RECUPERAÇÃO JUDICIAL;LIGHT S.A. - EM RECUPERAÇÃO JUDICIAL;2005-12-12;1999-07-27;;;ATIVO;2005-12-12;19879;Emp. Adm. Part. - Energia Elétrica;BOLSA;Categoria A;2010-01-01;EM RECUPERAÇÃO JUDICIAL OU EQUIVALENTE;2023-05-16;PRIVADO;SEDE;Av.Marechal Floriano;168;Centro;RIO DE JANEIRO;RJ;BRASIL;20080002;21;22112980;21;22919207;ri@light.com.br;DIRETOR DE RELAÇÕES COM INVESTIDORES;Leonardo Pimenta Gadelha;2026-04-22;Avenida Marechal Floriano, 168;Bloco 1, 2° andar;Centro;RIO DE JANEIRO;RJ;;20080002;21;22112623;;;ri@light.com.br;49.928.567/0001-11;DELOITTE TOUCHE TOHMATSU AUDITORES INDEPENDENTES LTDA.
60.444.437/0001-46;LIGHT SERVIÇOS DE ELETRICIDADE SA;LIGHT;1968-11-25;1904-06-30;;;ATIVO;1968-11-25;8036;Energia Elétrica;BALCÃO NÃO ORGANIZADO;Categoria B;2010-01-01;FASE OPERACIONAL;1968-11-25;PRIVADO HOLDING;SEDE;Av.Marechal Floriano;168;Centro;RIO DE JANEIRO;RJ;BRASIL;20080002;21;22112560;21;22919207;ri@light.com.br;DIRETOR DE RELAÇÕES COM INVESTIDORES;Leonardo Pimenta Gadelha;2026-04-22;Avenida Marechal Floriano, 168;Bloco 1, 2° andar;Centro;RIO DE JANEIRO;RJ;;20080002;21;22112623;;;ri@light.com.br;49.928.567/0001-11;DELOITTE TOUCHE TOHMATSU AUDITORES INDEPENDENTES LTDA.
60.444.437/0001-46;LIGHT SERVIÇOS DE ELETRICIDADE SA;LIGHT;1968-11-25;1904-06-30;;;ATIVO;1968-11-25;8036;Energia Elétrica;BOLSA;Categoria B;2010-01-01;FASE OPERACIONAL;1968-11-25;PRIVADO HOLDING;SEDE;Av.Marechal Floriano;168;Centro;RIO DE JANEIRO;RJ;BRASIL;20080002;21;22112560;21;22919207;ri@light.com.br;DIRETOR DE RELAÇÕES COM INVESTIDORES;Leonardo Pimenta Gadelha;2026-04-22;Avenida Marechal Floriano, 168;Bloco 1, 2° andar;Centro;RIO DE JANEIRO;RJ;;20080002;21;22112623;;;ri@light.com.br;49.928.567/0001-11;DELOITTE TOUCHE TOHMATSU AUDITORES INDEPENDENTES LTDA.
00.974.211/0001-25;LINHA AMARELA S.A.- LAMSA;LINHA AMARELA S./A.;2020-04-08;1995-11-21;;;ATIVO;2020-04-08;24937;Serviços Transporte e Logística;;Categoria B;2020-04-08;FASE OPERACIONAL;2019-11-01;;SEDE;Av. Governador Carlos Lacerda, s/n;s/n;Agua Santa;RIO DE JANEIRO;RJ;BRASIL;20745150;021;22111300;021;22111300;dri@lamsa.com.br, governancacorporativa@invepar.com.br;DIRETOR DE RELAÇÕES COM INVESTIDORES;Alexandre Wolynec;2026-05-13;Avenida Presidente Vargas;2000;Centro;RIO DE JANEIRO;RJ;;2021003;21;995179264;;;dri@lamsa.com.br;57.755.217/0001-29;KPMG AUDITORES INDEPENDENTES LTDA.
10.234.027/0001-00;LINHAS DE MACAPÁ TRANSMISSORA DE ENERGIA S.A.;LINHAS DE MACAPÁ TRANSMISSORA DE ENERGIA S.A.;2015-08-12;2008-07-07;;;ATIVO;2015-08-12;23680;Energia Elétrica;;Categoria B;2015-08-12;FASE OPERACIONAL;2015-06-26;PRIVADO;SEDE;Praça Rui Barbosa, nº 80;(parte);Centro;CATAGUASES;MG;BRASIL;36770901;21;30770077;21;30770060;ri@energisa.com.br;DIRETOR DE RELAÇÕES COM INVESTIDORES;Mauricio Perez Botelho;2022-06-10;Praia de Botafogo, n.º 228/13º andar;Ed. Argentina;Botafogo;RIO DE JANEIRO;RJ;;22250906;21;21229521;;;ri@energisa.com.br;61.366.936/0001-25;ERNST & YOUNG AUDITORES INDEPENDENTES S/S LTDA.
10.240.186/0001-00;LINHAS DE XINGU TRANSMISSORA DE ENERGIA S.A.;LINHAS DE XINGU TRANSMISSORA DE ENERGIA S.A.;2015-08-12;2008-07-07;;;ATIVO;2015-08-12;23671;Energia Elétrica;;Categoria B;2015-08-12;FASE OPERACIONAL;2015-06-26;PRIVADO;SEDE;Praça Rui Barbosa, nº 80;(parte);Centro;CATAGUASES;MG;BRASIL;36770901;32;34296000;21;30770060;ri@energisa.com.br;DIRETOR DE RELAÇÕES COM INVESTIDORES;Mauricio Perez Botelho;2022-06-10;Praia de Botafogo, n.º 228/13º andar;Ed. Argentina;Centro;RIO DE JANEIRO;RJ;;22250906;21;21229521;;;ri@energisa.com.br;61.366.936/0001-25;ERNST & YOUNG AUDITORES INDEPENDENTES S/S LTDA.
00.743.065/0001-27;LITEL PARTICIPACOES SA;LITEL PARTICIPACOES;1995-10-18;1995-10-01;;;ATIVO;1995-10-18;15091;Emp. Adm. Part. - Extração Mineral;BALCÃO ORGANIZADO;Categoria A;2010-01-01;FASE OPERACIONAL;2000-12-31;PRIVADO;SEDE;Av. Ayrton Senna;3000 - sala 4098;Barra da Tijuca;RIO DE JANEIRO;RJ;BRASIL;22775003;21;21285543;21;21285501;governance@eximiacapital.com;DIRETOR DE RELAÇÕES COM INVESTIDORES;CARLOS EDUARDO REICH DE SAMPAIO;2020-05-29;Av. Ayrton Senna;3000 - sala 4098;Centro;RIO DE JANEIRO;RJ;;22775003;21;35960400;;;governance@eximiacapital.com;13.859.935/0001-70;BAKER TILLY BRASIL RJ AUDITORES INDEPENDENTES LTDA.
05.495.546/0001-84;LITELA PARTICIPAÇÕES S.A. - EM LIQUIDAÇÃO;LITELA PARTICIPAÇÕES S.A.;2019-09-05;2003-01-30;;;ATIVO;2019-09-05;24759;Emp. Adm. Part. - Extração Mineral;BALCÃO ORGANIZADO;Categoria A;2019-09-05;LIQUIDAÇÃO EXTRAJUDICIAL;2020-12-18;PRIVADO;SEDE;Av. Ayrton Senna;3000 - sala 4098;Barra da Tijuca;RIO DE JANEIRO;RJ;BRASIL;22775003;21;35960400;21;21855500;governance@eximiacapital.com;DIRETOR DE RELAÇÕES COM INVESTIDORES;EXIMIA CAPITAL PARTNERS LTDA;2020-12-18;AV. AYRTON SENNA;3000 - SALA 4098;CENTRO;RIO DE JANEIRO;RJ;;20011901;21;35960400;0;0;governance@eximiacapital.com;13.859.935/0001-70;BAKER TILLY BRASIL RJ AUDITORES INDEPENDENTES LTDA.
05.917.486/0001-40;LIVETECH DA BAHIA INDÚSTRIA E COMÉRCIO S.A.;LIVETECH DA BAHIA INDÚSTRIA E COMÉRCIO S.A.;2021-05-13;2003-10-02;;;ATIVO;2021-05-13;25895;Comércio (Atacado e Varejo);;Categoria A;2021-05-13;FASE OPERACIONAL;2021-02-22;PRIVADO;SEDE;Rodovia BA-262, Ilhéus x Uruçuca, s/nº, Km 2,8 Quadra A;Polo de Informática;Iguape;ILHÉUS;BA;BRASIL;45658335;11;30353777;;;ri@wdcnet.com.br;DIRETOR DE RELAÇÕES COM INVESTIDORES;FELIPE LUÍS ROSA MELDONIAN;2024-02-01;Av. Chedid Jafet, 222;Bloco C Conj 41 e 42;Vila Olímpia;SÃO PAULO;SP;;4551065;11;30353777;;;ri@wdcnet.com.br;61.366.936/0001-25;ERNST & YOUNG AUDITORES INDEPENDENTES S/S LTDA.
00.389.481/0001-79;LM TRANSPORTES INTERESTADUAIS SERVIÇOS E COMÉRCIO S.A.;LM TRANSPORTES INTERESTADUAIS SERVIÇOS E COMÉRCIO S.A.;2019-11-29;1995-01-10;;;ATIVO;2019-11-29;24880;Emp. Adm. Part. - Serviços Transporte e Logística;;Categoria B;2019-11-29;FASE OPERACIONAL;2019-08-28;PRIVADO;SEDE;Rua da Alfazema, nº 761;7º andar sala 703;Caminho das Árvores;SALVADOR;BA;BRASIL;41820710;71;21029602;71;21029641;ri@lmmobilidade.com.br;DIRETOR DE RELAÇÕES COM INVESTIDORES;Leonardo Vieira da Rocha;2023-07-19;RUA DA ALFAZEMA, nº 761;7º ANDAR;CAMINHO DAS ÁRVORES;SALVADOR;BA;;41820710;71;21029602;;;ri@lmmobilidade.com.br;54.276.936/0001-79;BDO RCS AUDITORES INDEPENDENTES - SOCIEDADE SIMPLES LIMITADA
02.286.479/0001-08;LOCALIZA  FLEET S.A.;LOCALIZA  FLEET S.A.;2019-10-10;1997-12-15;;;ATIVO;2019-10-10;24813;Serviços Transporte e Logística;BALCÃO ORGANIZADO;Categoria B;2019-10-10;FASE OPERACIONAL;2019-08-22;PRIVADO HOLDING;SEDE;Avenida Bernardo de Vasconcelos, 377;;Cachoeirinha;BELO HORIZONTE;MG;BRASIL;31150000;31;32477024;31;32477755;mercado.capitais@localiza.com;DIRETOR DE RELAÇÕES COM INVESTIDORES;Rodrigo Tavares Gonçalves de Sousa;2020-12-28;Avenida Bernardo de Vasconcelos, 377;;Cachoeirinha;BELO HORIZONTE;MG;;31150000;31;32477024;;;mercado.capitais@localiza.com;61.562.112/0001-20;PRICEWATERHOUSECOOPERS AUDITORES INDEPENDENTES LTDA.
16.670.085/0001-55;LOCALIZA RENT A CAR SA;LOCALIZA RENT A CAR;2005-05-06;1973-09-14;;;ATIVO;2005-05-06;19739;Serviços Transporte e Logística;BALCÃO ORGANIZADO;Categoria A;2010-01-01;FASE OPERACIONAL;2005-05-06;PRIVADO;SEDE;Avenida Bernardo de Vasconcelos;377;Cachoeirinha;BELO HORIZONTE;MG;BRASIL;31150000;31;32477024;31;32477755;;DIRETOR DE RELAÇÕES COM INVESTIDORES;Rodrigo Tavares Gonçalves de Sousa;2020-12-28;Avenida Bernardo de Vasconcelos;377;Cachoeirinha;BELO HORIZONTE;MG;;31150000;31;32477024;;;mercado.capitais@localiza.com;61.562.112/0001-20;PRICEWATERHOUSECOOPERS AUDITORES INDEPENDENTES LTDA.
16.670.085/0001-55;LOCALIZA RENT A CAR SA;LOCALIZA RENT A CAR;2005-05-06;1973-09-14;;;ATIVO;2005-05-06;19739;Serviços Transporte e Logística;BOLSA;Categoria A;2010-01-01;FASE OPERACIONAL;2005-05-06;PRIVADO;SEDE;Avenida Bernardo de Vasconcelos;377;Cachoeirinha;BELO HORIZONTE;MG;BRASIL;31150000;31;32477024;31;32477755;;DIRETOR DE RELAÇÕES COM INVESTIDORES;Rodrigo Tavares Gonçalves de Sousa;2020-12-28;Avenida Bernardo de Vasconcelos;377;Cachoeirinha;BELO HORIZONTE;MG;;31150000;31;32477024;;;mercado.capitais@localiza.com;61.562.112/0001-20;PRICEWATERHOUSECOOPERS AUDITORES INDEPENDENTES LTDA.
09.041.168/0001-10;LOG COMMERCIAL PROPERTIES E PARTICIPAÇÕES;LOG COMMERCIAL PROPERTIES E PARTICIPAÇÕES S.A.;2013-11-12;2007-07-03;;;ATIVO;2013-11-12;23272;Construção Civil, Mat. Constr. e Decoração;BOLSA;Categoria A;2018-12-17;FASE OPERACIONAL;2013-08-27;PRIVADO HOLDING;SEDE;Av. Professor Mário Werneck, nº 621, 10º andar, BH/MG;Conjunto 02;Estoril;BELO HORIZONTE;MG;BRASIL;30455610;31;36158400;;;ri@logcp.com.br;DIRETOR DE RELAÇÕES COM INVESTIDORES;RAFAEL VICTAL SALIBA;2025-02-10;Avenida Professor Mário Werneck, 621;10º andar, cj 2;Estoril;BELO HORIZONTE;;;3045561;31;36158410;;;ri@logcp.com.br;61.366.936/0001-25;ERNST & YOUNG AUDITORES INDEPENDENTES S/S LTDA.
42.278.291/0001-24;LOG-IN LOGISTICA INTERMODAL SA;LOG-IN LOGISTICA INTERMODAL SA;2007-06-04;1988-07-31;;;ATIVO;2007-06-04;20710;Serviços Transporte e Logística;BOLSA;Categoria A;2010-01-01;FASE OPERACIONAL;2007-06-04;PRIVADO;SEDE;Rua do Passeio, 78;salas 1.101 e 1.201;Centro;RIO DE JANEIRO;RJ;BRASIL;20021290;21;21116500;21;21116760;relacoescominvestidores@loginlogistica.com.br;DIRETOR DE RELAÇÕES COM INVESTIDORES;Pascoal Cunha Gomes;2020-09-01;Rua do Passeio, 78;salas 1.101 e 1.201;Centro;RIO DE JANEIRO;RJ;;20021290;21;21116762;;;relacoescominvestidores@loginlogistica.com.br;61.366.936/0001-25;ERNST & YOUNG AUDITORES INDEPENDENTES S/S LTDA.
96.418.264/0218-02;LOJAS QUERO QUERO S.A.;LOJAS QUERO-QUERO S.A.;2020-08-06;1967-08-15;;;ATIVO;2020-08-06;25038;Comércio (Atacado e Varejo);BALCÃO ORGANIZADO;Categoria A;2020-08-06;FASE OPERACIONAL;2020-02-12;PRIVADO;SEDE;Avenida General Flores da Cunha;nº 1943;Vila Cachoeirinha;CACHOEIRINHA;RS;BRASIL;94910003;51;34415798;51;34415798;ri@quero-quero.com.br;DIRETOR DE RELAÇÕES COM INVESTIDORES;Jean Pablo de Mello;2020-02-05;Avenida General Flores da Cunha;nº 1943;Vila Cachoeirinha;CACHOEIRINHA;RS;;94910003;51;34415798;;;ri@quero-quero.com.br;61.366.936/0001-25;ERNST & YOUNG AUDITORES INDEPENDENTES S/S LTDA.
96.418.264/0218-02;LOJAS QUERO QUERO S.A.;LOJAS QUERO-QUERO S.A.;2020-08-06;1967-08-15;;;ATIVO;2020-08-06;25038;Comércio (Atacado e Varejo);BOLSA;Categoria A;2020-08-06;FASE OPERACIONAL;2020-02-12;PRIVADO;SEDE;Avenida General Flores da Cunha;nº 1943;Vila Cachoeirinha;CACHOEIRINHA;RS;BRASIL;94910003;51;34415798;51;34415798;ri@quero-quero.com.br;DIRETOR DE RELAÇÕES COM INVESTIDORES;Jean Pablo de Mello;2020-02-05;Avenida General Flores da Cunha;nº 1943;Vila Cachoeirinha;CACHOEIRINHA;RS;;94910003;51;34415798;;;ri@quero-quero.com.br;61.366.936/0001-25;ERNST & YOUNG AUDITORES INDEPENDENTES S/S LTDA.
92.754.738/0001-62;LOJAS RENNER SA;RENNER;1977-07-20;1965-06-10;;;ATIVO;1977-07-20;8133;Comércio (Atacado e Varejo);BALCÃO ORGANIZADO;Categoria A;2010-01-01;FASE OPERACIONAL;1977-07-20;PRIVADO;SEDE;Av. Joaquim Porto Villanova, 401;7º andar;Jardim do Salso;PORTO ALEGRE;RS;BRASIL;91410400;51;21217000;51;21217121;acionistas@lojasrenner.com.br;DIRETOR DE RELAÇÕES COM INVESTIDORES;DANIEL MARTINS DOS SANTOS;2022-01-24;Av. Joaquim Porto Villanova, 401;7º andar;Jardim do Salso;PORTO ALEGRE;RS;;91410400;51;21217000;;;acionistas@lojasrenner.com.br;57.755.217/0001-29;KPMG AUDITORES INDEPENDENTES LTDA.
92.754.738/0001-62;LOJAS RENNER SA;RENNER;1977-07-20;1965-06-10;;;ATIVO;1977-07-20;8133;Comércio (Atacado e Varejo);BOLSA;Categoria A;2010-01-01;FASE OPERACIONAL;1977-07-20;PRIVADO;SEDE;Av. Joaquim Porto Villanova, 401;7º andar;Jardim do Salso;PORTO ALEGRE;RS;BRASIL;91410400;51;21217000;51;21217121;acionistas@lojasrenner.com.br;DIRETOR DE RELAÇÕES COM INVESTIDORES;DANIEL MARTINS DOS SANTOS;2022-01-24;Av. Joaquim Porto Villanova, 401;7º andar;Jardim do Salso;PORTO ALEGRE;RS;;91410400;51;21217000;;;acionistas@lojasrenner.com.br;57.755.217/0001-29;KPMG AUDITORES INDEPENDENTES LTDA.
02.338.534/0001-58;LONGDIS SA;LONGDIS SA;1998-06-30;1997-11-06;;;ATIVO;2021-12-17;17434;Emp. Adm. Part. - Sem Setor Principal;BALCÃO ORGANIZADO;Categoria A;2010-01-01;FASE OPERACIONAL;1998-06-30;PRIVADO HOLDING;SEDE;Avenida Vereador José Diniz, 3465;13º, sala Longdis;Campo Belo;SÃO PAULO;SP;BRASIL;4603900;11;32374588;11;32374588;;DIRETOR DE RELAÇÕES COM INVESTIDORES;MARCO BILLI;2025-10-15;AVENIDA VEREADOR JOSÉ DINIZ, Nº 3465;ED. VIVA - 18 ANDAR;SANTO AMARO;SÃO PAULO;SP;;4603900;11;50908570;;;ri@eurofarma.com;16.549.480/0001-84;RSM BRASIL AUDITORES INDEPENDENTES LTDA.
08.078.847/0001-09;LPS BRASIL CONSULTORIA DE IMOVEIS S/A;LOPES;2006-12-12;2006-05-22;;;ATIVO;2006-12-12;20370;Emp. Adm. Part. - Const. Civil, Mat. Const. e Decoração;BOLSA;Categoria A;2010-01-01;FASE OPERACIONAL;2006-12-12;ESTRANGEIRO;SEDE;Rua Estados Unidos;1971;Jardim América;SÃO PAULO;SP;BRASIL;1427002;11;30670012;11;30670029;ri@lopes.com.br;DIRETOR DE RELAÇÕES COM INVESTIDORES;Cyro Naufel Filho;2024-06-05;Rua Estados Unidos, 2000;;Jardim América;SÃO PAULO;;;1427002;11;30670012;;;ri@lopes.com.br;49.928.567/0001-11;DELOITTE TOUCHE TOHMATSU AUDITORES INDEPENDENTES LTDA.
89.463.822/0001-12;LUPATECH S.A.;LUPATECH;2006-05-08;1980-08-01;;;ATIVO;2006-05-08;20060;Máquinas, Equipamentos, Veículos e Peças;BOLSA;Categoria A;2010-01-01;EM RECUPERAÇÃO JUDICIAL OU EQUIVALENTE;2015-12-11;PRIVADO;SEDE;Rodovia Anhanguera, sentido interior/capital;KM 119, prédio C;Distrito Industrial;NOVA ODESSA;SP;BRASIL;13388220;11;21347000;11;21347095;ri@lupatech.com.br;DIRETOR DE RELAÇÕES COM INVESTIDORES;Rafael Gorenstein;2022-03-22;Av. Doutor Chucri Zaidan, 1500;Conjunto 2705;Vila Cordeiro;SÃO PAULO;SP;;4583110;11;21347000;;;ri@lupatech.com.br;22.985.155/0001-67;CROWE MACRO AUDITORES INDEPENDENTES SOCIEDADE SIMPLES
43.948.405/0001-69;LUPO S.A.;;2021-12-17;1937-06-11;;;ATIVO;2021-12-17;26506;Comércio (Atacado e Varejo);;Categoria A;2021-12-17;FASE OPERACIONAL;2021-08-17;PRIVADO;SEDE;Rodovia Washington Luis;Km 276,5;Recreio Campestre;ARARAQUARA;SP;BRASIL;14803900;16;33034000;;;ri@lupo.com.br;DIRETOR DE RELAÇÕES COM INVESTIDORES;Carlos Alberto Mazzeu;2021-08-16;Rodovia Washington Luis;Km 276,5;Recreio Campestre;ARARAQUARA;SP;;14803900;16;993641236;;;ri@lupo.com.br;57.755.217/0001-29;KPMG AUDITORES INDEPENDENTES LTDA.
02.351.877/0001-52;LWSA S/A;LWSA S/A;2020-02-04;1997-10-29;;;ATIVO;2020-02-04;24910;Comunicação e Informática;BOLSA;Categoria A;2020-02-04;FASE OPERACIONAL;2019-12-10;PRIVADO;SEDE;Rua Itapaiúna, 2.434;;Jardim Morumbi;SÃO PAULO;SP;BRASIL;5707001;11;35440444;11;35440444;ri@lwsa.tech;DIRETOR DE RELAÇÕES COM INVESTIDORES;Andre Kinjo Kubota;2024-10-10;Rua Itapaiúna, 2.434;;Vila Andrade;SÃO PAULO;SP;;5707001;11;35440444;;;ri@lwsa.tech;49.928.567/0001-11;DELOITTE TOUCHE TOHMATSU AUDITORES INDEPENDENTES LTDA.
07.206.816/0001-15;M. DIAS BRANCO SA IND E COM DE ALIMENTOS;M DIAS BRANCO SA IND E COM DE ALIMENTOS;2006-10-11;1961-01-01;;;ATIVO;2006-10-11;20338;Alimentos;BOLSA;Categoria A;2010-01-01;FASE OPERACIONAL;2006-10-11;PRIVADO;SEDE;ROD. BR 116;KM 18 S/N;JABUTI;EUSÉBIO;CE;BRASIL;61766650;085;40055500;085;40055759;ri@mdiasbranco.com.br / fabio.cefaly@mdiasbranco.com.br;DIRETOR DE RELAÇÕES COM INVESTIDORES;Gustavo Lopes Theodozio;2019-12-02;ROD. BR 116;KM 18;JABUTI;EUSÉBIO;CE;;61766650;85;40055667;;;diretoria.ri@mdiasbranco.com.br;49.928.567/0001-11;DELOITTE TOUCHE TOHMATSU AUDITORES INDEPENDENTES LTDA.
13.783.221/0004-78;MADERO INDÚSTRIA E COMÉRCIO S.A.;;2021-11-17;2011-08-01;;;ATIVO;2021-11-17;26379;Alimentos;;Categoria A;2021-11-17;FASE OPERACIONAL;2021-08-02;PRIVADO;SEDE;Rua Vicente Nadal;nº 433;Cará-Cará;PONTA GROSSA;PR;BRASIL;84043760;41;30176500;;;ir@grupomadero.com.br;DIRETOR DE RELAÇÕES COM INVESTIDORES;Marcelo Gil Aldenucci;2022-09-01;Rua Luisa Dariva, nº 40;22º andar;Campina do Siqueira;CURITIBA;PR;;80730480;41;30176500;;;ir@grupomadero.com.br;49.928.567/0001-11;DELOITTE TOUCHE TOHMATSU AUDITORES INDEPENDENTES LTDA.
08.795.211/0001-70;MAESTRO LOCADORA DE VEÍCULOS S.A.;MAESTRO LOCADORA DE VEÍCULOS S.A.;2015-05-26;2007-04-05;;;ATIVO;2015-05-26;23612;Serviços Transporte e Logística;BALCÃO ORGANIZADO;Categoria A;2015-05-26;FASE OPERACIONAL;2015-02-02;PRIVADO;SEDE;Rua Paulo do Vale, nº 356;Sala 3, Fundos;Vila Cercado Grande;EMBU DAS ARTES;SP;BRASIL;6804010;11;47850200;11;47852018;carlos.alves@maestrofrotas.com.br;DIRETOR DE RELAÇÕES COM INVESTIDORES;Carlos Miguel de Oliveira Martins Borges Alves;2015-01-27;Av. Queiroz Filho, 1560;2º andar;Vila Hamburguesa;SÃO PAULO;SP;;5319000;11;47850200;;;carlos.alves@maestrofrotas.com.br;57.755.217/0001-29;KPMG AUDITORES INDEPENDENTES LTDA.
08.795.211/0001-70;MAESTRO LOCADORA DE VEÍCULOS S.A.;MAESTRO LOCADORA DE VEÍCULOS S.A.;2015-05-26;2007-04-05;;;ATIVO;2015-05-26;23612;Serviços Transporte e Logística;BOLSA;Categoria A;2015-05-26;FASE OPERACIONAL;2015-02-02;PRIVADO;SEDE;Rua Paulo do Vale, nº 356;Sala 3, Fundos;Vila Cercado Grande;EMBU DAS ARTES;SP;BRASIL;6804010;11;47850200;11;47852018;carlos.alves@maestrofrotas.com.br;DIRETOR DE RELAÇÕES COM INVESTIDORES;Carlos Miguel de Oliveira Martins Borges Alves;2015-01-27;Av. Queiroz Filho, 1560;2º andar;Vila Hamburguesa;SÃO PAULO;SP;;5319000;11;47850200;;;carlos.alves@maestrofrotas.com.br;57.755.217/0001-29;KPMG AUDITORES INDEPENDENTES LTDA.
47.960.950/0001-21;MAGAZINE LUIZA SA;MAGAZINE LUIZA SA;2011-04-28;1957-10-30;;;ATIVO;2011-04-28;22470;Comércio (Atacado e Varejo);BOLSA;Categoria A;2011-04-28;FASE OPERACIONAL;2011-04-28;PRIVADO;SEDE;Rua Voluntários da Franca, 1465;-;Centro;FRANCA;SP;BRASIL;14400490;16;37112000;11;37112000;ri@magazineluiza.com.br;DIRETOR DE RELAÇÕES COM INVESTIDORES;Roberto Bellissimo Rodrigues;2011-02-21;Rua Maria Prestes Maia, 300;-;Carandiru;SÃO PAULO;SP;;2047901;11;35042727;;;ri@magazineluiza.com.br;61.366.936/0001-25;ERNST & YOUNG AUDITORES INDEPENDENTES S/S LTDA.
60.476.884/0001-87;MAHLE METAL LEVE S.A.;MAHLE METAL LEVE;1977-07-20;1950-08-22;;;ATIVO;1977-07-20;8575;Máquinas, Equipamentos, Veículos e Peças;BOLSA;Categoria A;2010-01-01;FASE OPERACIONAL;1977-07-20;PRIVADO;SEDE;Av. Ernst MAHLE, 2000;;Mombaça;MOGI GUAÇU;SP;BRASIL;13849050;19;38619100;19;38619255;relacoes.investidores@mahle.com;DIRETOR DE RELAÇÕES COM INVESTIDORES;Claudio Cesar Braga;2025-03-12;Avenida Ernst MAHLE, 2000;;Mombaça;MOGI GUAÇU;SP;;13849050;19;38619240;;;relacoes.investidores@mahle.com;61.366.936/0001-25;ERNST & YOUNG AUDITORES INDEPENDENTES S/S LTDA.
21.526.148/0001-34;MAIS MU COMÉRCIO DE ALIMENTOS E BEBIDAS S/A.;MAIS MU COMÉRCIO DE ALIMENTOS E BEBIDAS S/A.;2026-05-28;2014-10-24;;;ATIVO;2026-05-28;28037;Alimentos;;Categoria A;2026-05-28;FASE OPERACIONAL;2026-05-28;PRIVADO;SEDE;RUA PAMPLONA, 145;SALA 816;JARDIM PAULISTA;SÃO PAULO;SP;;1405000;11;999418996;;;neto@maismu.com.br;DIRETOR DE RELAÇÕES COM INVESTIDORES;ANTONIO DELLI PAOLI NETO;2026-05-28;RUA PAMPLONA, 145;SALA 816;JARDIM PAULISTA;SÃO PAULO;SP;;1405000;11;999418996;0;0;neto@maismu.com.br;10.830.108/0001-65;GRANT THORNTON AUDITORES INDEPENDENTES LTDA.
09.584.854/0001-37;MANAUS TRANSMISSORA DE ENERGIA S.A;MANAUS TRANSMISSORA DE ENERGIA S.A;2022-03-29;2008-04-22;;;ATIVO;2022-03-29;26719;Energia Elétrica;;Categoria B;2022-03-29;FASE OPERACIONAL;2021-12-22;PRIVADO;SEDE;Avenida Embaixador Abelardo Bueno, n 199;Lote 1 , Sala 203;Jacarepaguá;RIO DE JANEIRO;RJ;BRASIL;22775022;61;21965000;;;ri.mte@evoltz.com.br;DIRETOR DE RELAÇÕES COM INVESTIDORES;Claudine Furtado Anchiete;2024-01-15;Avenida Embaixador Abelardo Bueno, nº 199;Sala 203;Jacarepaguá;RIO DE JANEIRO;;;22775040;21;32671180;;;ri.mte@evoltz.com.br;49.928.567/0001-11;DELOITTE TOUCHE TOHMATSU AUDITORES INDEPENDENTES LTDA.
61.065.298/0001-02;MANGELS INDUSTRIAL S.A.;MANGELS;1971-12-28;1928-10-01;;;ATIVO;1971-12-28;8397;Emp. Adm. Part. - Metalurgia e Siderurgia;BOLSA;Categoria A;2010-01-01;FASE OPERACIONAL;2017-03-20;PRIVADO;SEDE;Rua Jose Versolato, nº 101;ANDAR 9 CONJ. 91/92;Centro;SÃO BERNARDO DO CAMPO;SP;BRASIL;9750730;11;43411501;;;ri@mangels.com.br;DIRETOR DE RELAÇÕES COM INVESTIDORES;Pedro Galvão Filho;2023-09-18;Rua José Versolato, 101;Bl A, Cj 91-92 9ºand;Centro;SÃO BERNARDO DO CAMPO;;;9750730;11;43411537;;;ri.contabilidade@mangels.com.br;10.830.108/0001-65;GRANT THORNTON AUDITORES INDEPENDENTES LTDA.
46.568.486/0001-60;MANTIQUEIRA HOLDING S.A.;MANTIQUEIRA HOLDING S.A.;2025-12-15;2022-05-27;;;ATIVO;2025-12-15;27952;Emp. Adm. Part. - Energia Elétrica;;Categoria B;2025-12-15;FASE OPERACIONAL;2025-10-17;PRIVADO;SEDE;Avenida Presidente Vargas, nº 955 - 15º andar;Sala 1501 (parte);Centro;RIO DE JANEIRO;RJ;BRASIL;20071004;11;25402550;;;sgbh.ri@stategrid.com.br;DIRETOR DE RELAÇÕES COM INVESTIDORES;Jorge Raul Bauer;2026-03-17;Avenida Presidente Vargas, nº 955 - 15º andar;Sala 1501 (parte);Centro;RIO DE JANEIRO;;;20071004;21;35137065;;;sgbh.ri@stategrid.com.br;61.366.936/0001-25;ERNST & YOUNG AUDITORES INDEPENDENTES S/S LTDA.
61.082.004/0001-50;MANUFATURA DE  BRINQUEDOS ESTRELA SA;ESTRELA;1968-06-28;1944-12-19;;;ATIVO;2011-07-14;8427;Brinquedos e Lazer;BOLSA;Categoria A;2010-01-01;FASE OPERACIONAL;1968-06-28;PRIVADO;SEDE;Avenida Eusébio Matoso, 1375;7 º andar;Pinheiros;SÃO PAULO;SP;BRASIL;5423180;11;21027001;11;21027090;ctilkian@estrela.com.br;DIRETOR DE RELAÇÕES COM INVESTIDORES;Carlos Antonio Tilkian;1996-06-01;Avenida Eusébio Matoso, 1375;7 º andar;Pinheiros;SÃO PAULO;SP;;5423180;11;21027001;;;ctilkian@estrela.com.br;60.902.798/0001-99;TRÍADE AUDITORES INDEPENDENTES
88.611.835/0001-29;MARCOPOLO SA;MARCOPOLO;1977-07-20;1949-08-06;;;ATIVO;1977-07-20;8451;Máquinas, Equipamentos, Veículos e Peças;BOLSA;Categoria A;2010-01-01;FASE OPERACIONAL;1977-07-20;PRIVADO;SEDE;Avenida Marcopolo;280;Planalto;CAXIAS DO SUL;RS;BRASIL;95086200;54;21014601;54;21014010;;DIRETOR DE RELAÇÕES COM INVESTIDORES;PABLO FREITAS MOTTA;2025-03-31;Avenida Rio Branco;;Ana Rech;CAXIAS DO SUL;;;95060145;54;21014129;;;ri@marcopolo.com.br;57.755.217/0001-29;KPMG AUDITORES INDEPENDENTES LTDA.
03.853.896/0001-40;MARFRIG GLOBAL FOODS SA;MARFRIG;2007-06-18;2000-04-06;;;ATIVO;2007-06-18;20788;Alimentos;BOLSA;Categoria A;2010-01-01;FASE OPERACIONAL;2007-06-18;PRIVADO;SEDE;Av. Queiroz Filho;1560, Blc 5, Sl. 301;Vila Hamburguesa;SÃO PAULO;SP;BRASIL;5319000;11;37928600;11;37928600;ri@mbrf.com;DIRETOR DE RELAÇÕES COM INVESTIDORES;José Ignácio Scoseria Rey;2025-09-23;Av. das Nações Unidas, 14401;27o andar;Chácara Santo Antoni;SÃO PAULO;SP;;4730090;11;37928600;;;ri@mbrf.com;10.830.108/0001-65;GRANT THORNTON AUDITORES INDEPENDENTES LTDA.
07.334.600/0001-35;MARINA DE IRACEMA PARK SA;MARINA PARK;1997-05-14;1983-10-12;;;ATIVO;1997-05-14;16268;Hospedagem e Turismo;;Categoria A;2010-01-01;FASE OPERACIONAL;1997-05-14;PRIVADO;SEDE;AVENIDA PRESIDENTE CASTELO BRANCO 400;;PRAIA DE IRACEMA;FORTALEZA;CE;BRASIL;60191070;85;40069595;85;40069595;marinapark@marina.com.br;DIRETOR DE RELAÇÕES COM INVESTIDORES;ELISA MARIA GRADVOHL BEZERRA;1997-05-14;AVENIDA PRESIDENTE CASTELO BRANCO 400;N/T;PRAIA DE IRACEMA;FORTALEZA;CE;;60191070;85;40069595;;;elisa@inace.com.br;12.446.321/0001-01;P & L AUDITORES INDEPENDENTES S/S
61.189.288/0001-89;MARISA LOJAS SA;MARISA LOJAS SA;2010-06-14;1959-04-28;;;ATIVO;2010-06-14;22055;Comércio (Atacado e Varejo);BOLSA;Categoria A;2010-06-14;FASE OPERACIONAL;2010-06-14;PRIVADO;SEDE;AVENIDA FRANCISCO MATARAZZO, Nº 1500, B2 ED. LOS ANGELES;2 ANDAR, CJ 21/22 LA;ÁGUA BRANCA;SÃO PAULO;SP;;5001100;11;21096269;11;33924276;dri@marisa.com.br;DIRETOR DE RELAÇÕES COM INVESTIDORES;EDSON SALLES ABUCHAIM GARCIA;2024-07-31;AVENIDA FRANCISCO MATARAZZO, Nº 1500, B2 ED. LOS ANGELES;2 ANDAR, CJ 21/22 LA;ÁGUA BRANCA;;;;5001100;11;21096269;0;0;dri@marisa.com.br;54.276.936/0001-79;BDO RCS AUDITORES INDEPENDENTES - SOCIEDADE SIMPLES LIMITADA
11.395.624/0001-71;MASSA FALIDA DA BRASIL PHARMA SA;BRASIL PHARMA SA - EM RECUPERAÇÃO JUDICIAL;2011-06-22;2009-12-07;;;ATIVO;2025-10-17;22500;Farmacêutico e Higiene;BOLSA;Categoria A;2011-06-22;FALIDA;2019-06-10;PRIVADO HOLDING;SEDE;Rua dos Pinheiros, nº 498;1º andar, parte 3;Pinheiros;SÃO PAULO;SP;BRASIL;5422902;11;21175200;11;21175290;ajdrogarias@deloitte.com;DIRETOR DE RELAÇÕES COM INVESTIDORES;LUIS VASCO ELIAS;2019-06-10;AV. DR. CHUCRI ZAIDAN. 1.240 - 7º ANDAR;GOLDEN TOWE;VILA SÃO FRANCISCO;SÃO PAULO;SP;;4711130;11;51861194;11;51861194;grupobrpharma2vfrj@gmail.com;54.276.936/0001-79;BDO RCS AUDITORES INDEPENDENTES - SOCIEDADE SIMPLES LIMITADA
83.296.889/0001-23;MASSA FALIDA DA SA IND E COMERCIO CHAPECO;CHAPECO;1979-11-30;1952-10-11;;;ATIVO;1979-11-30;10243;Alimentos;;Categoria A;2010-01-01;FALIDA;2005-04-29;PRIVADO;SEDE;Rua Marechal José B. Bomann, 1000;E;Jardim Italia;CHAPECÓ;SC;BRASIL;89802121;49;3212170;49;3212165;aldemarbarp@chapeco.com.br;DIRETOR DE RELAÇÕES COM INVESTIDORES;Alexandre Brito de Araujo;2007-07-27;Avenida Rio Branco;380;Centro;FLORIANÓPOLIS;SC;;88015200;48;33248188;;;araujo@advempresarial.com.br;60.525.706/0001-07;MOORE STEPHENS LIMA LUCCHESI AUDITORES INDEPENDENTES
86.550.951/0001-50;MASSA FALIDA DE POMIFRUTAS S/A;POMIFRUTAS S/A;2004-12-28;1962-11-01;;;ATIVO;2004-12-28;19658;Agricultura (Açúcar, Álcool e Cana);BOLSA;Categoria A;2010-01-01;FALIDA;2024-04-29;PRIVADO;SEDE;Rodovia SC 355 KM28;Sala 01;Bairro Fischer;FRAIBURGO;SC;BRASIL;89580000;49;32562202;49;32562232;ri@pomifrutas.com.br;DIRETOR DE RELAÇÕES COM INVESTIDORES;Marcos Kassardjian;2018-05-29;RUA RODRIGO CLAUDIO;APTO 41;CENTRO;SÃO PAULO;SP;;1532020;11;35281091;;;dicori@pomifrutas.com.br;13.026.685/0001-97;EVOLUÇÃO AUDITORES INDEPENDENTES S/S ILIMITADA
14.110.585/0001-07;MELIUZ S.A.;MELIUZ S.A.;2020-11-03;2008-08-11;;;ATIVO;2020-11-03;25232;Comunicação e Informática;BOLSA;Categoria A;2020-11-03;FASE OPERACIONAL;2020-09-01;PRIVADO;SEDE;Rua José Versolato, n° 111-B;Sala 3014;Bairro Centro;SÃO BERNARDO DO CAMPO;SP;BRASIL;9750730;31;31956854;;;ri@meliuz.com.br;DIRETOR DE RELAÇÕES COM INVESTIDORES;Marcio Loures de Araujo Penna;2023-03-23;Rua José Versolato, n° 111-B;Sala 3014;Bairro Centro;SÃO PAULO;SP;;9750730;31;31956854;;;ri@meliuz.com.br;61.562.112/0001-20;PRICEWATERHOUSECOOPERS AUDITORES INDEPENDENTES LTDA.
12.181.987/0001-77;MELNICK DESENVOLVIMENTO IMOBILIÁRIO S.A.;MELNICK EVEN DESENVOLVIMENTO IMOBILIÁRIO S.A.;2020-09-24;2010-05-10;;;ATIVO;2020-09-24;25119;Emp. Adm. Part. - Const. Civil, Mat. Const. e Decoração;BOLSA;Categoria A;2020-09-24;FASE OPERACIONAL;2020-07-30;PRIVADO;SEDE;Rua Carlos Trein Filho, nº 551;;Auxiliadora;PORTO ALEGRE;RS;BRASIL;90450120;51;30169000;;;;DIRETOR DE RELAÇÕES COM INVESTIDORES;Juliano Melnick;2023-05-23;Rua Carlos Trein Filho, nº 551;;Auxiliadora;PORTO ALEGRE;;;90450120;51;30169002;;;ri@melnick.com.br;49.928.567/0001-11;DELOITTE TOUCHE TOHMATSU AUDITORES INDEPENDENTES LTDA.
17.162.082/0001-73;MENDES JUNIOR ENGENHARIA SA;MENDES JUNIOR ENGENHARIA S/A;1977-07-20;1953-12-31;;;ATIVO;1977-07-20;4782;Construção Civil, Mat. Constr. e Decoração;;Categoria A;2010-01-01;FASE OPERACIONAL;1977-07-20;PRIVADO;SEDE;Avenida João Pinheiro, 39;15º andar / Sala 153;Boa Viagem;BELO HORIZONTE;MG;BRASIL;30130183;31;21219920;31;32242695;mendesjunior@mendesjuniorengenharia.com.br;DIRETOR DE RELAÇÕES COM INVESTIDORES;Eugênio José Bocchese Mendes;2019-05-01;Avenida João Pinheiro, 39;15º andar;Boa Viagem;BELO HORIZONTE;MG;;30130183;31;21219587;;;dri@mendesjuniorengenharia.com.br;16.549.480/0001-84;RSM BRASIL AUDITORES INDEPENDENTES LTDA.
04.821.041/0001-08;METALFRIO SOLUTIONS S/A;METALFRIO SOLUTIONS S/A;2007-04-10;1960-01-01;;;ATIVO;2007-04-10;20613;Máquinas, Equipamentos, Veículos e Peças;BOLSA;Categoria A;2010-01-01;FASE OPERACIONAL;2007-04-10;PRIVADO;SEDE;AV. ABRAHÃO GONÇALVES BRAGA, 412;KM 12,5 Via Anchieta;VILA LIVIERO;SÃO PAULO;SP;BRASIL;4186220;011;26279000;11;26279196;;DIRETOR DE RELAÇÕES COM INVESTIDORES;Luiz Eduardo Moreira Caio;2022-04-06;AV. ABRAHÃO GONÇALVES BRAGA, 412;;VILA LIVIEIRO;SÃO PAULO;SP;;4186220;11;26279171;;;ri@metalfrio.com.br;10.830.108/0001-65;GRANT THORNTON AUDITORES INDEPENDENTES LTDA.
92.690.783/0001-09;METALURGICA GERDAU SA;METALÚRGICA GERDAU;1968-05-17;1939-08-24;;;ATIVO;1968-05-17;8656;Emp. Adm. Part. - Metalurgia e Siderurgia;BALCÃO ORGANIZADO;Categoria A;2010-01-01;FASE OPERACIONAL;1968-05-17;PRIVADO;SEDE;Avenida Doutora Ruth Cardoso, 8.501;8º andar;Pinheiros;SÃO PAULO;SP;BRASIL;5425070;11;30946300;51;33232281;inform@gerdau.com.br;DIRETOR DE RELAÇÕES COM INVESTIDORES;Rafael Dorneles Japur;2022-01-03;Avenida Doutora Ruth Cardoso nº 8501;8º andar;Pinheiros;SÃO PAULO;SP;;5425070;11;30946300;;;inform@gerdau.com.br;61.562.112/0001-20;PRICEWATERHOUSECOOPERS AUDITORES INDEPENDENTES LTDA.
92.690.783/0001-09;METALURGICA GERDAU SA;METALÚRGICA GERDAU;1968-05-17;1939-08-24;;;ATIVO;1968-05-17;8656;Emp. Adm. Part. - Metalurgia e Siderurgia;BOLSA;Categoria A;2010-01-01;FASE OPERACIONAL;1968-05-17;PRIVADO;SEDE;Avenida Doutora Ruth Cardoso, 8.501;8º andar;Pinheiros;SÃO PAULO;SP;BRASIL;5425070;11;30946300;51;33232281;inform@gerdau.com.br;DIRETOR DE RELAÇÕES COM INVESTIDORES;Rafael Dorneles Japur;2022-01-03;Avenida Doutora Ruth Cardoso nº 8501;8º andar;Pinheiros;SÃO PAULO;SP;;5425070;11;30946300;;;inform@gerdau.com.br;61.562.112/0001-20;PRICEWATERHOUSECOOPERS AUDITORES INDEPENDENTES LTDA.
85.778.074/0001-06;METALURGICA RIOSULENSE SA;METALURGICA RIOSULENSE S/A;1988-11-29;;;;ATIVO;1988-11-29;13439;Máquinas, Equipamentos, Veículos e Peças;BOLSA;Categoria A;2010-01-01;FASE OPERACIONAL;1988-11-29;PRIVADO;SEDE;Rua Emilio Adami;700;Barra do Trombudo;RIO DO SUL;SC;BRASIL;89164910;47;35314000;47;35314070;ri@riosulense.com.br;DIRETOR DE RELAÇÕES COM INVESTIDORES;ORNELIO GUILMAR KLEBER;2021-05-12;Rua Emilio Adami;700;Barra do Trombudo;RIO DO SUL;SC;;89164910;47;35314064;;;ri@riosulense.com.br;79.370.466/0001-39;MARTINELLI AUDITORES
16.234.171/0001-15;METANOR SA METANOL DO NE;METANOR S.A METANOL DO NORDESTE;1974-12-26;1974-12-26;;;ATIVO;1974-12-26;8745;Petroquímicos e Borracha;;Categoria A;2010-01-01;FASE OPERACIONAL;1974-12-26;PRIVADO;SEDE;Rua Eteno, 1242;Pólo Petroquímico;COPEC;CAMAÇARI;BA;BRASIL;42810000;71;36329325;71;36329279;emilio@copenor.com.br;DIRETOR DE RELAÇÕES COM INVESTIDORES;Emilio Salgado Filho;1974-12-26;Rua Eteno, 1242;Pólo Petroquímico;COPEC;CAMAÇARI;BA;;42816200;71;36329325;;;emilio@copenor.com.br;54.276.936/0001-79;BDO RCS AUDITORES INDEPENDENTES - SOCIEDADE SIMPLES LIMITADA
86.375.425/0001-09;METISA METALÚRGICA  TIMBOENSE SA;METISA;1971-05-18;1942-01-05;;;ATIVO;1971-05-18;8753;Metalurgia e Siderurgia;BOLSA;Categoria A;2010-01-01;FASE OPERACIONAL;1971-05-18;PRIVADO;SEDE;Rua Fritz Lorenz Nº 2442;Caixa Postal 11;Fritz Lorenz;TIMBÓ;SC;BRASIL;89092600;47;32812222;47;32812223;diretoria@metisa.com.br;DIRETOR DE RELAÇÕES COM INVESTIDORES;WILSON HARRISON JACOBSEN;2002-04-30;Rua Fritz Lorenz, Nº 2442;Caixa Postal 11;Distrito Industrial;TIMBÓ;SC;;89120000;47;32812273;;;dri@metisa.com.br;77.998.276/0001-35;CONSULT - AUDITORES INDEPENDENTES
27.093.558/0001-15;MILLS LOCAÇÃO, SERVIÇOS E LOGÍSTICA S.A.;MILLS ESTRUTURAS E SERVIÇOS DE ENGENHARIA S/A;2010-04-14;1980-12-01;;;ATIVO;2010-04-14;22012;Serviços Transporte e Logística;BALCÃO ORGANIZADO;Categoria A;2010-04-14;FASE OPERACIONAL;2010-04-14;PRIVADO HOLDING;SEDE;RUA EUZéBIO MATOSO, Nº 1375;CONJUNTOS 1101, 1102;PINHEIROS;SÃO PAULO;SP;;5423180;21;39248700;21;39248793;ri@mills.com.br;DIRETOR DE RELAÇÕES COM INVESTIDORES;RENATA SILVA VAZ;2024-05-22;RUA EUZÉBIO MATOSO, Nº 1375;CONJUNTOS Nº 1101;PINHEIROS;;;;5425905;21;39248700;0;0;ri@mills.com.br;61.562.112/0001-20;PRICEWATERHOUSECOOPERS AUDITORES INDEPENDENTES LTDA.
27.093.558/0001-15;MILLS LOCAÇÃO, SERVIÇOS E LOGÍSTICA S.A.;MILLS ESTRUTURAS E SERVIÇOS DE ENGENHARIA S/A;2010-04-14;1980-12-01;;;ATIVO;2010-04-14;22012;Serviços Transporte e Logística;BOLSA;Categoria A;2010-04-14;FASE OPERACIONAL;2010-04-14;PRIVADO HOLDING;SEDE;RUA EUZéBIO MATOSO, Nº 1375;CONJUNTOS 1101, 1102;PINHEIROS;SÃO PAULO;SP;;5423180;21;39248700;21;39248793;ri@mills.com.br;DIRETOR DE RELAÇÕES COM INVESTIDORES;RENATA SILVA VAZ;2024-05-22;RUA EUZÉBIO MATOSO, Nº 1375;CONJUNTOS Nº 1101;PINHEIROS;;;;5425905;21;39248700;0;0;ri@mills.com.br;61.562.112/0001-20;PRICEWATERHOUSECOOPERS AUDITORES INDEPENDENTES LTDA.
17.161.241/0001-15;MINASMAQUINAS SA;MINASMÁQUINAS S/A;1977-07-20;1961-09-08;;;ATIVO;1977-07-20;8818;Máquinas, Equipamentos, Veículos e Peças;;Categoria A;2010-01-01;FASE OPERACIONAL;2002-06-30;PRIVADO HOLDING;SEDE;BR 381 - ROD. FERNÃO DIAS, KM 2, Nº 2211;;BANDEIRANTES;CONTAGEM;MG;BRASIL;32240090;31;33691700;31;33691750;ri@minasmaquinas.com.br;DIRETOR DE RELAÇÕES COM INVESTIDORES;Bruno Silveira Kroeber Volpini;2017-03-07;BR 381 - ROD. FERNÃO DIAS, KM 2, Nº 2211;;BANDEIRANTES;;MG;;32240090;31;33691700;;;bruno.volpini@minasmaquinas.com.br;10.830.108/0001-65;GRANT THORNTON AUDITORES INDEPENDENTES LTDA.
67.620.377/0001-14;MINERVA S/A;MINERVA S/A;2007-07-18;1992-01-01;;;ATIVO;2007-07-18;20931;Alimentos;BOLSA;Categoria A;2010-01-01;FASE OPERACIONAL;2007-07-18;PRIVADO;SEDE;Av. Antônio Manço Bernardes;s/nº;Chacara Minerva;BARRETOS;SP;BRASIL;14781545;17;33213355;17;33233041;ri@minervafoods.com;DIRETOR DE RELAÇÕES COM INVESTIDORES;Edison Ticle de Andrade Melo e Souza Filho;2019-03-13;Rua Leopoldo Couto de Magalhães Junior;758;Itaim Bibi;SÃO PAULO;SP;;4545000;11;30742444;;;ri@minervafoods.com;54.276.936/0001-79;BDO RCS AUDITORES INDEPENDENTES - SOCIEDADE SIMPLES LIMITADA
90.076.886/0001-40;MINUPAR PARTICIPACOES SA;MINUPAR;1990-12-21;1984-08-01;;;ATIVO;1990-12-21;13765;Emp. Adm. Part. - Alimentos;BOLSA;Categoria A;2010-01-01;FASE OPERACIONAL;1990-12-21;PRIVADO;SEDE;Av. Senador Alberto Pasqualini;nº 1535;São Cristóvão;LAJEADO;RS;BRASIL;95913162;51;37149400;51;37149412;dri@minupar.com.br;DIRETOR DE RELAÇÕES COM INVESTIDORES;TIAGO FONSECA SIQUEIRA;2024-05-24;Avenida Senador Alberto Pasqualini, n. 1535;;São Cristóvão;LAJEADO;;;95913162;51;37149400;;;dri@minupar.com.br;54.276.936/0001-79;BDO RCS AUDITORES INDEPENDENTES - SOCIEDADE SIMPLES LIMITADA
07.882.930/0001-65;MITRE REALTY EMPREENDIMENTOS E PARTICIPAÇÕES S.A.;;2020-02-03;2005-09-09;;;ATIVO;2020-02-03;24902;Construção Civil, Mat. Constr. e Decoração;BOLSA;Categoria A;2020-02-03;FASE OPERACIONAL;2019-12-09;PRIVADO;SEDE;Alameda Santos, 700;5º Andar;Jardim Paulista;SÃO PAULO;SP;BRASIL;1418002;11;48100500;11;48100524;ri@mitrerealty.com.br;DIRETOR DE RELAÇÕES COM INVESTIDORES;RODRIGO COELHO CAGALI;2026-03-20;ALAMEDA SANTOS, 700;5º ANDAR;JARDIM PAULISTA;SÃO PAULO;SP;;1418002;11;48100524;;;ri@mitrerealty.com.br;61.366.936/0001-25;ERNST & YOUNG AUDITORES INDEPENDENTES S/S LTDA.
13.444.994/0001-87;MLOG S.A.;MLOG S.A.;2011-09-12;2011-03-10;;;ATIVO;2011-09-12;22586;Emp. Adm. Part. - Sem Setor Principal;;Categoria A;2011-09-12;FASE OPERACIONAL;2017-03-20;PRIVADO;SEDE;Rua Lauro Muller;116, 26° andar, 2601;Botafogo;RIO DE JANEIRO;RJ;BRASIL;22290906;21;25384900;21;25384901;ri@mlog.com.br;DIRETOR DE RELAÇÕES COM INVESTIDORES;Antonio Frias Oliva Neto;2023-05-02;Rua Lauro Müller;116, salas 2601;Botafogo;RIO DE JANEIRO;;;22290906;21;25384900;;;ri@mlog.com.br;10.830.108/0001-65;GRANT THORNTON AUDITORES INDEPENDENTES LTDA.
12.592.831/0001-89;MNLT S.A.;MNLT S.A.;2022-02-11;2010-09-21;;;ATIVO;2022-02-11;26611;Emp. Adm. Part. - Sem Setor Principal;;Categoria B;2022-02-11;FASE OPERACIONAL;2021-11-05;PRIVADO HOLDING;SEDE;Avenida Rebouças, nº 2880;3º andar, sala 02;Pinheiros;SÃO PAULO;SP;BRASIL;5402500;11;31573100;;;dcmestruturacao@stone.com.br;DIRETOR DE RELAÇÕES COM INVESTIDORES;Diego Ventura Salgado;2026-03-03;Avenida Rebouças, nº 2880;3º andar, sala 02;Pinheiros;SÃO PAULO;SP;;5402500;48;998260095;;;juridicobancos@stone.com.br;61.366.936/0001-25;ERNST & YOUNG AUDITORES INDEPENDENTES S/S LTDA.
37.702.340/0001-74;MONTE RODOVIAS S.A.;MONTE RODOVIAS S.A.;2021-11-12;2020-07-13;;;ATIVO;2021-11-12;26328;Emp. Adm. Part. - Serviços Transporte e Logística;;Categoria B;2026-03-24;FASE OPERACIONAL;2021-07-14;PRIVADO;SEDE;Rua Leopoldo Couto de Magalhaes Junior, nº 1.098, conjunto 9;;Itaim Bibi;SÃO PAULO;SP;BRASIL;4542001;71;30236361;;;ri@monterodovias.com.br;DIRETOR DE RELAÇÕES COM INVESTIDORES;Felipe Guidi;2025-05-30;Rua Leopoldo Couto de Magalhaes Junior, nº 1.098, conjunto 9;;Itaim Bibi;SÃO PAULO;;;4542001;71;30236361;;;ri@monterodovias.com.br;57.755.217/0001-29;KPMG AUDITORES INDEPENDENTES LTDA.
02.846.056/0001-97;MOTIVA INFRAESTRUTURA DE MOBILIDADE S.A.;MOTIVA INFRAESTRUTURA DE MOBILIDADE S.A.;2000-12-19;1998-09-23;;;ATIVO;2000-12-19;18821;Emp. Adm. Part. - Serviços Transporte e Logística;BOLSA;Categoria A;2010-01-01;FASE OPERACIONAL;2000-12-19;PRIVADO;SEDE;Av. Dra. Ruth Cardoso, 8.501;5º andar;Pinheiros;SÃO PAULO;SP;BRASIL;5425070;11;30485900;11;30485903;invest@motiva.com.br;DIRETOR DE RELAÇÕES COM INVESTIDORES;Rodrigo Araujo Alves;2026-01-05;Av. Dra. Ruth Cardoso, 8.501;5º andar;Pinheiros;SÃO PAULO;SP;;5425070;11;30485925;;;rodrigoaraujo.alves@motiva.com.br;57.755.217/0001-29;KPMG AUDITORES INDEPENDENTES LTDA.
12.049.631/0001-84;MOURA DUBEUX ENGENHARIA S/A;MOURA DUBEUX;2007-08-23;1983-01-01;;;ATIVO;2007-08-23;21067;Construção Civil, Mat. Constr. e Decoração;BALCÃO ORGANIZADO;Categoria A;2020-02-11;FASE OPERACIONAL;2007-08-23;PRIVADO;SEDE;AVENIDA ENGENHEIRO DOMINGOS FERRERIA, Nº 467;13º ANDAR PARTE;PINA;RECIFE;PE;BRASIL;51011050;81;30878000;81;30878048;ri@mouradubeux.com.br;DIRETOR DE RELAÇÕES COM INVESTIDORES;DIOGO DE BARRAL ARAÚJO;2023-10-20;AVENIDA ENGENHEIRO DOMINGOS FERREIRA, Nº 467;13º ANDAR PARTE;PINA;RECIFE;;;51011050;81;30878919;;;diogo.barral@mdne.com.br;10.830.108/0001-65;GRANT THORNTON AUDITORES INDEPENDENTES LTDA.
12.049.631/0001-84;MOURA DUBEUX ENGENHARIA S/A;MOURA DUBEUX;2007-08-23;1983-01-01;;;ATIVO;2007-08-23;21067;Construção Civil, Mat. Constr. e Decoração;BOLSA;Categoria A;2020-02-11;FASE OPERACIONAL;2007-08-23;PRIVADO;SEDE;AVENIDA ENGENHEIRO DOMINGOS FERRERIA, Nº 467;13º ANDAR PARTE;PINA;RECIFE;PE;BRASIL;51011050;81;30878000;81;30878048;ri@mouradubeux.com.br;DIRETOR DE RELAÇÕES COM INVESTIDORES;DIOGO DE BARRAL ARAÚJO;2023-10-20;AVENIDA ENGENHEIRO DOMINGOS FERREIRA, Nº 467;13º ANDAR PARTE;PINA;RECIFE;;;51011050;81;30878919;;;diogo.barral@mdne.com.br;10.830.108/0001-65;GRANT THORNTON AUDITORES INDEPENDENTES LTDA.
21.314.559/0001-66;MOVIDA PARTICIPAÇÕES S.A.;MOVIDA PARTICIPAÇÕES S.A.;2016-01-29;2015-10-29;;;ATIVO;2016-01-29;23825;Serviços Transporte e Logística;BALCÃO ORGANIZADO;Categoria A;2016-01-29;FASE OPERACIONAL;2015-10-29;PRIVADO HOLDING;SEDE;Rua Doutor Renato Paes de Barros, 1017;Conjunto 91;Itaim Bibi;SÃO PAULO;SP;BRASIL;4530001;11;31544000;11;23777836;ri@movida.com.br;DIRETOR DE RELAÇÕES COM INVESTIDORES;Daniela Sabbag Papa;2025-02-17;Rua Doutor Renato Paes de Barros, 1017;Conjunto 91;Itaim Bibi;SÃO PAULO;;;4530001;11;35281199;;;ri@movida.com.br;61.562.112/0001-20;PRICEWATERHOUSECOOPERS AUDITORES INDEPENDENTES LTDA.
21.314.559/0001-66;MOVIDA PARTICIPAÇÕES S.A.;MOVIDA PARTICIPAÇÕES S.A.;2016-01-29;2015-10-29;;;ATIVO;2016-01-29;23825;Serviços Transporte e Logística;BOLSA;Categoria A;2016-01-29;FASE OPERACIONAL;2015-10-29;PRIVADO HOLDING;SEDE;Rua Doutor Renato Paes de Barros, 1017;Conjunto 91;Itaim Bibi;SÃO PAULO;SP;BRASIL;4530001;11;31544000;11;23777836;ri@movida.com.br;DIRETOR DE RELAÇÕES COM INVESTIDORES;Daniela Sabbag Papa;2025-02-17;Rua Doutor Renato Paes de Barros, 1017;Conjunto 91;Itaim Bibi;SÃO PAULO;;;4530001;11;35281199;;;ri@movida.com.br;61.562.112/0001-20;PRICEWATERHOUSECOOPERS AUDITORES INDEPENDENTES LTDA.
26.659.061/0001-59;MPM CORPÓREOS S.A.;MPM CORPÓREOS S.A.;2021-01-28;2016-12-05;;;ATIVO;2021-01-28;25445;Serviços Médicos;BOLSA;Categoria A;2021-01-28;FASE OPERACIONAL;2020-11-10;PRIVADO;SEDE;Avenida dos Eucaliptos, nº 762;sala 2;Indianópolis;SÃO PAULO;SP;BRASIL;4517050;11;48583340;;;;DIRETOR DE RELAÇÕES COM INVESTIDORES;Fabio Itikawa;2024-07-10;Av. Pedroso de Morais, 1619;4º Andar - Conj. 404;Pinheiros;SÃO PAULO;;;5419001;11;48583340;;;dri@espacolaser.com.br;54.276.936/0001-79;BDO RCS AUDITORES INDEPENDENTES - SOCIEDADE SIMPLES LIMITADA
01.417.222/0001-77;MRS LOGÍSTICA S/A;MRS LOGÍSTICA S/A;1998-11-13;1996-06-30;;;ATIVO;1998-11-13;17949;Serviços Transporte e Logística;BALCÃO ORGANIZADO;Categoria A;2010-01-01;FASE OPERACIONAL;1998-11-13;PRIVADO;SEDE;Praia de Botafogo, 228;Sala 707;Botafogo;RIO DE JANEIRO;RJ;BRASIL;22250906;21;25594601;21;25522635;financeiro.ri@mrs.com.br;DIRETOR DE RELAÇÕES COM INVESTIDORES;Henrique Rocha Martins;2025-07-01;Praia de Botafogo, 228;Sala 707;Botafogo;RIO DE JANEIRO;;;22250906;32;999742940;;;financeiro.ri@mrs.com.br;10.830.108/0001-65;GRANT THORNTON AUDITORES INDEPENDENTES LTDA.
08.343.492/0001-20;MRV ENGENHARIA E PARTICIPAÇÕES S/A;MRV ENGENHARIA;2007-07-13;2006-05-31;;;ATIVO;2007-07-13;20915;Construção Civil, Mat. Constr. e Decoração;BOLSA;Categoria A;2010-01-01;FASE OPERACIONAL;2007-07-13;PRIVADO;SEDE;Avenida Professor Mario Werneck;621;Estoril;BELO HORIZONTE;MG;BRASIL;30455610;31;36158153;31;36157155;ri@mrv.com.br;DIRETOR DE RELAÇÕES COM INVESTIDORES;Ricardo Paixão Pinto Rodrigues;2019-03-16;Av. Professor Mario Werneck;621;Estoril;BELO HORIZONTE;MG;;30455610;31;36158153;;;ri@mrv.com.br;61.366.936/0001-25;ERNST & YOUNG AUDITORES INDEPENDENTES S/S LTDA.
07.816.890/0001-53;MULTIPLAN - EMPREEND IMOBILIARIOS S.A.;MULTIPLAN;2007-07-25;2005-12-30;;;ATIVO;2007-07-25;20982;Emp. Adm. Part. - Const. Civil, Mat. Const. e Decoração;BALCÃO ORGANIZADO;Categoria A;2010-01-01;FASE OPERACIONAL;2007-07-25;PRIVADO;SEDE;Av. das Américas, 4200 bloco 2;5º andar;Barra da Tijuca;RIO DE JANEIRO;RJ;BRASIL;22640102;21;30315224;21;30315322;ri@multiplan.com.br;DIRETOR DE RELAÇÕES COM INVESTIDORES;Armando D'Almeida Neto;2008-02-08;Av. das Américas, 4200 bloco 2;5 andar;Barra da Tijuca;RIO DE JANEIRO;RJ;;22640102;21;30315224;;;ri@multiplan.com.br;57.755.217/0001-29;KPMG AUDITORES INDEPENDENTES LTDA.
07.816.890/0001-53;MULTIPLAN - EMPREEND IMOBILIARIOS S.A.;MULTIPLAN;2007-07-25;2005-12-30;;;ATIVO;2007-07-25;20982;Emp. Adm. Part. - Const. Civil, Mat. Const. e Decoração;BOLSA;Categoria A;2010-01-01;FASE OPERACIONAL;2007-07-25;PRIVADO;SEDE;Av. das Américas, 4200 bloco 2;5º andar;Barra da Tijuca;RIO DE JANEIRO;RJ;BRASIL;22640102;21;30315224;21;30315322;ri@multiplan.com.br;DIRETOR DE RELAÇÕES COM INVESTIDORES;Armando D'Almeida Neto;2008-02-08;Av. das Américas, 4200 bloco 2;5 andar;Barra da Tijuca;RIO DE JANEIRO;RJ;;22640102;21;30315224;;;ri@multiplan.com.br;57.755.217/0001-29;KPMG AUDITORES INDEPENDENTES LTDA.
88.610.191/0001-54;MUNDIAL S.A - PRODUTOS DE CONSUMO;MUNDIAL;1979-12-12;1896-04-02;;;ATIVO;1979-12-12;5312;Têxtil e Vestuário;BOLSA;Categoria A;2010-01-01;FASE OPERACIONAL;1979-12-12;PRIVADO;SEDE;Rua do Paraíso, 148  - 14º andar;Cj. 141 e 142;Paraíso;SÃO PAULO;SP;BRASIL;4103000;11;35241500;11;35241523;acionistas@mundial.com;DIRETOR DE RELAÇÕES COM INVESTIDORES;Marcelo Fagondes de Freitas;2019-10-15;Av. Dr. Nilo Peçanha, 2825;Sala 301;Chácara das Pedras;PORTO ALEGRE;RS;;91330001;51;33585138;;;marcelo.freitas@mundial.com;20.840.718/0001-01;TATICCA AUDITORES INDEPENDENTES S.S. - EPP
71.673.990/0001-77;NATURA COSMETICOS SA;NATURA COSMETICOS SA;2004-05-21;1969-08-28;;;ATIVO;2004-05-21;19550;Farmacêutico e Higiene;BOLSA;Categoria A;2025-06-13;FASE OPERACIONAL;2004-05-21;PRIVADO;SEDE;Avenida Alexandre Colares, 1188;;Vila Jaguara;SÃO PAULO;SP;BRASIL;5106000;11;43897786;11;44462131;ri@natura.net;DIRETOR DE RELAÇÕES COM INVESTIDORES;Silvia Lopes Vilas Boas Magalhães;2025-05-13;Avenida Alexandre Colares, 1188;;Vila Jaguara;SÃO PAULO;;;5106000;11;43899700;;;oficios@natura.net;49.928.567/0001-11;DELOITTE TOUCHE TOHMATSU AUDITORES INDEPENDENTES LTDA.
01.083.200/0001-18;NEOENERGIA S.A;NEOENERGIA S.A.;1996-05-08;1996-02-14;;;ATIVO;1996-05-08;15539;Emp. Adm. Part. - Energia Elétrica;BOLSA;Categoria B;2026-05-07;FASE OPERACIONAL;2001-03-31;PRIVADO;SEDE;Praia do Flamengo, 78;3º andar;Flamengo;RIO DE JANEIRO;RJ;BRASIL;22210030;21;32359800;21;32359876;ri@neoenergia.com;DIRETOR DE RELAÇÕES COM INVESTIDORES;Carlos Henrique Quadros Choqueta;2026-04-20;Praia do Flamengo, 78;10º andar;Flamengo;RIO DE JANEIRO;RJ;;22210030;21;32359828;;;ri@neoenergia.com;61.562.112/0001-20;PRICEWATERHOUSECOOPERS AUDITORES INDEPENDENTES LTDA.
10.139.870/0001-08;NEOGRID PARTICIPACÕES S.A.;NEOGRID PARTICIPAÇÕES S.A.;2020-12-15;2008-07-01;;;ATIVO;2020-12-15;25399;Comunicação e Informática;;Categoria A;2020-12-15;FASE OPERACIONAL;2020-10-20;PRIVADO HOLDING;SEDE;Avenida Santos Dumont, 935;1º andar;Santo Antonio;JOINVILLE;SC;BRASIL;89218105;47;30437416;;;ri@neogrid.com;DIRETOR DE RELAÇÕES COM INVESTIDORES;Augusto Henrique Fernandes Vilela;2025-05-27;Avenida Santos Dumont, 935;1º andar;Santo Antônio;JOINVILLE;;;89218105;47;30437400;;;ri@neogrid.com;10.830.108/0001-65;GRANT THORNTON AUDITORES INDEPENDENTES LTDA.
02.604.997/0001-14;NEWTEL PARTICIPAÇÕES S.A. - EM LIQUIDAÇÃO;NEWTEL PARTICIPAÇÕES S.A. - EM LIQUIDAÇÃO;1998-07-20;1998-06-24;;;ATIVO;1998-07-20;17540;Emp. Adm. Part. - Telecomunicações;BALCÃO ORGANIZADO;Categoria A;2010-01-01;EM LIQUIDAÇÃO JUDICIAL;2019-02-19;PRIVADO HOLDING;SEDE;Avenida Rio Branco, nº 311;Sala 523 (parte);Centro;RIO DE JANEIRO;RJ;BRASIL;20040903;21;21967200;21;21967201;alberto.guth@angrapartners.com.br;DIRETOR DE RELAÇÕES COM INVESTIDORES;FERNANDO JOSÉ DO AMARAL FRIEDHEIM;2018-10-25;RUA EMBAIXADOR MORGAN;12;HUMAITA;RIO DE JANEIRO;RJ;;22261140;21;25396005;0;0;f.friedheim@ig.com.br;18.227.733/0001-29;PEMOM AUDITORES INDEPENDENTES LTDA.
08.613.550/0001-98;NEXPE PARTICIPAÇÕES S.A. - EM RECUPERAÇÃO JUDICIAL;NEXPE PARTICIPAÃiES S.A.;2007-10-26;2007-01-16;;;ATIVO;2007-10-26;21180;Emp. Adm. Part. - Const. Civil, Mat. Const. e Decoração;BOLSA;Categoria A;2010-01-01;EM RECUPERAÇÃO JUDICIAL OU EQUIVALENTE;2023-02-24;PRIVADO;SEDE;RUA ABíLIO SOARES, 233;CONJUNTO 63;PARAíSO;SÃO PAULO;SP;;4005000;21;33433000;21;34333065;ri@nexpe.co;DIRETOR DE RELAÇÕES COM INVESTIDORES;CHARLES DE CASTRO SILVA;2025-01-04;RUA FLORIDA;3 ANDAR;CIDADE MONÇÕES;SÃO PAULO;;;4565001;92;982880404;;;ri@nexpe.co;54.276.936/0001-79;BDO RCS AUDITORES INDEPENDENTES - SOCIEDADE SIMPLES LIMITADA
60.884.319/0001-59;NORDON INDUSTRIAS METALURGICAS S.A.;NORDON INDS METALURGICAS SA;1956-08-23;1956-08-23;;;ATIVO;1956-08-23;9083;Metalurgia e Siderurgia;BOLSA;Categoria A;2010-01-01;PARALISADA;2003-09-30;PRIVADO;SEDE;Alameda Roger Adam, 169;ESCRITORIO;Utinga;SANTO ANDRÉ;SP;BRASIL;9080620;41;30291806;41;30291810;nordon@netpar.com.br;DIRETOR DE RELAÇÕES COM INVESTIDORES;ANDRÉ DE OMS;2026-05-04;Rua Felinto Bento Vianna nº 590;;Portão;CURITIBA;PR;;81070300;41;30291806;;;nordon@netpar.com.br;12.018.605/0001-99;MÜLLER & PREI AUDITORES INDEPENDENTES S/S
09.625.321/0001-56;NORTE BRASIL TRANSMISSORA DE ENERGIA S.A.;NORTE BRASIL TRANSMISSORA DE ENERGIA S.A.;2020-07-03;2008-05-26;;;ATIVO;2020-07-03;24988;Energia Elétrica;BALCÃO ORGANIZADO;Categoria B;2020-07-03;FASE OPERACIONAL;2020-03-04;PRIVADO;SEDE;Avenida Embaixador Abelardo Bueno, n 199;Sala 203;Jacarepaguá;RIO DE JANEIRO;RJ;BRASIL;22775022;61;21965000;;;ri.nbte@evoltz.com.br;DIRETOR DE RELAÇÕES COM INVESTIDORES;Claudine Furtado Anchite;2024-01-15;Avenida Embaixador Abelardo Bueno, nº 199;sala 204;Jacarepaguá;RIO DE JANEIRO;;;22775040;21;32671180;;;ri.nbte@evoltz.com.br;49.928.567/0001-11;DELOITTE TOUCHE TOHMATSU AUDITORES INDEPENDENTES LTDA.
12.300.288/0001-07;NORTE ENERGIA S.A;NORTE ENERGIA S.A;2020-09-14;2010-07-21;;;ATIVO;2020-09-14;25097;Energia Elétrica;BALCÃO ORGANIZADO;Categoria A;2020-09-14;FASE OPERACIONAL;2020-07-20;PRIVADO;SEDE;SEPS Quadra 702/902 Bloco B Edifício General Alencastro;3° ANDAR;ASA SUL;BRASÍLIA;DF;BRASIL;70390025;61;34102010;;;relacao.investidores@norteenergiasa.com.br;DIRETOR DE RELAÇÕES COM INVESTIDORES;Júlio César de Oliveira Freitas;2025-05-12;SEPS Quadra 702/902 Bloco B Edifício General Alencastro;3º Andar;Asa Sul;BRASÍLIA;;;70390025;61;34102014;;;relacao.investidores@norteenergiasa.com.br;61.562.112/0001-20;PRICEWATERHOUSECOOPERS AUDITORES INDEPENDENTES LTDA.
47.586.663/0001-01;NOVA SOCIEDADE DE NAVEGAÇÃO S.A.;NOVA SOCIEDADE DE NAVEGAÇÃO S.A.;2023-01-16;2022-08-16;;;ATIVO;2023-01-16;27081;Emp. Adm. Part. - Petróleo e Gás;;Categoria B;2023-01-16;FASE PRÉ-OPERACIONAL;2022-10-20;PRIVADO;SEDE;Rua Lauro Muller, 116;2601 e 2608;Botafogo;RIO DE JANEIRO;RJ;BRASIL;22290906;21;25384900;;;ri@columbus-shipping.com.br;DIRETOR DE RELAÇÕES COM INVESTIDORES;Antonio Frias Oliva Neto;2023-05-02;Rua Lauro Müller, 116;2601 e 2608;Botafogo;RIO DE JANEIRO;;;22290906;21;25384900;;;ri@mlog.com.br;10.830.108/0001-65;GRANT THORNTON AUDITORES INDEPENDENTES LTDA.
04.992.714/0001-84;NOVA TRANSPORTADORA DO SUDESTE S.A. - NTS;NOVA TRANSPORTADORA DO SUDESTE S.A. - NTS;2019-04-18;2002-01-15;;;ATIVO;2019-04-18;24708;Emp. Adm. Part. - Petróleo e Gás;BALCÃO ORGANIZADO;Categoria B;2019-04-18;FASE OPERACIONAL;2018-12-27;PRIVADO;SEDE;Praia do Flamengo, nº 200;Salas 2201 e 2301;Flamengo;RIO DE JANEIRO;RJ;BRASIL;22210901;21;32509200;21;32509200;investor.relations@ntsbrasil.com;DIRETOR DE RELAÇÕES COM INVESTIDORES;Alex Sandro Monteiro Barbosa da Silva;2021-08-26;Praia do Flamengo, nº 200;Salas 2201 e 2301;Flamengo;RIO DE JANEIRO;RJ;;2221090;21;32509200;;;investor.relations@ntsbrasil.com;49.928.567/0001-11;DELOITTE TOUCHE TOHMATSU AUDITORES INDEPENDENTES LTDA.
51.128.999/0001-90;NUTRIPLANT INDUSTRIA E COMÉRCIO S/A;NUTRIPLANT;2008-02-11;1979-01-01;;;ATIVO;2008-02-11;21334;Agricultura (Açúcar, Álcool e Cana);BOLSA;Categoria A;2010-01-01;EM RECUPERAÇÃO EXTRAJUDICIAL;2025-03-18;PRIVADO;SEDE;Rua Arnaldo, 388;;Bairro Engenho Novo;BARUERI;SP;BRASIL;6415110;11;41617600;11;41612036;ri@nutriplant.com.br;DIRETOR DE RELAÇÕES COM INVESTIDORES;Ricardo Lessa Pansa;2012-01-13;Rua Arnaldo, 388;;Bairro Engenho Novo;BARUERI;SP;;6415110;11;41617600;;;ri@nutriplant.com.br;06.068.916/0001-60;JPPS AUDITORES INDEPENDENTES S/S LTDA.
29.980.141/0001-08;OCEÂNICA ENGENHARIA E CONSULTORIA S.A.;;2022-09-21;2022-06-15;;;ATIVO;2022-09-21;26956;Emp. Adm. Part. - Petróleo e Gás;;Categoria A;2022-09-21;FASE OPERACIONAL;2022-06-15;PRIVADO;SEDE;Avenida das Américas, 3434;Bloco 01, 3º andar;Barra da Tijuca;RIO DE JANEIRO;RJ;BRASIL;22640102;21;21394250;;;ri@oceanica.com.br;DIRETOR DE RELAÇÕES COM INVESTIDORES;James Thurston Lynch Junior;2021-06-24;Avenida das Américas, 3434;Bloco 01, 3º andar;Barra da Tijuca;RIO DE JANEIRO;RJ;;22640102;21;21394250;;;ri@oceanica.com.br;61.366.936/0001-25;ERNST & YOUNG AUDITORES INDEPENDENTES S/S LTDA.
09.114.805/0001-30;OCEANPACT SERVIÇOS MARÍTIMOS S.A.;OCEANPACT SERVIÇOS MARÍTIMOS S.A.;2021-02-10;2007-08-01;;;ATIVO;2021-02-10;25534;Petróleo e Gás;BOLSA;Categoria A;2021-02-10;FASE OPERACIONAL;2020-12-10;PRIVADO;SEDE;Rua da Glória, nº 122 salas 801 e 802 10º pavimento;salas 901 e 902;Glória;RIO DE JANEIRO;RJ;BRASIL;20241180;21;30326700;;;ri@oceanpact.com;DIRETOR DE RELAÇÕES COM INVESTIDORES;Eduardo de Toledo;2022-01-01;Rua da Gloria, 122;Salas 801, 802;Centro;RIO DE JANEIRO;RJ;;20241180;21;30326749;;;ri@oceanpact.com;49.928.567/0001-11;DELOITTE TOUCHE TOHMATSU AUDITORES INDEPENDENTES LTDA.
76.535.764/0001-43;OI S.A. - EM RECUPERAÇÃO JUDICIAL;BRASIL TELECOM S.A.;1980-03-27;2000-02-28;;;ATIVO;1980-03-27;11312;Telecomunicações;;Categoria A;2010-01-01;EM RECUPERAÇÃO JUDICIAL OU EQUIVALENTE;2016-06-29;PRIVADO;SEDE;Rua do Lavradio, 71;2º andar;Centro;RIO DE JANEIRO;RJ;BRASIL;20230070;21;31312918;21;31311383;;;;;;;;;;;;;;;;;61.562.112/0001-20;PRICEWATERHOUSECOOPERS AUDITORES INDEPENDENTES LTDA.
12.104.241/0004-02;ONCOCLÍNICAS DO BRASIL SERVIÇOS MÉDICOS S.A.;;2021-08-06;2010-01-10;;;ATIVO;2021-08-06;26123;Serviços Médicos;;Categoria A;2021-08-06;FASE OPERACIONAL;2021-06-07;PRIVADO;SEDE;Rua Augusta, n.º 1562;11º e 12º andar;Consolação;SÃO PAULO;SP;BRASIL;1304001;11;26787474;;;ri@oncoclinicas.com;DIRETOR DE RELAÇÕES COM INVESTIDORES;Isaac Quintino da Silva;2026-04-27;Rua Augusta, 1562;12º andar;Consolação;SÃO PAULO;SP;;1304001;11;26787474;;;ri@oncoclinicas.com;61.562.112/0001-20;PRICEWATERHOUSECOOPERS AUDITORES INDEPENDENTES LTDA.
59.693.110/0001-29;ORANJEBTC S.A. - EDUCAÇÃO E INVESTIMENTO;ORANJEBTC S.A. - EDUCAÇÃO E INVESTIMENTO;2025-09-05;2025-02-17;;;ATIVO;2025-09-05;27910;Educação;;Categoria A;2025-09-05;FASE OPERACIONAL;2025-04-01;PRIVADO;SEDE;Av. Brigadeiro Faria Lima, 2012;cj 123;Jardim Paulistano;SÃO PAULO;SP;BRASIL;1451919;11;30818711;;;investors@oranjebtc.com;DIRETOR DE RELAÇÕES COM INVESTIDORES;GUILHERME AMADO CERQUEIRA GOMES;2025-09-09;Rua Cap Antonio Rosa, 409;;Jardim Paulistano;SÃO PAULO;;;1443010;11;987369966;;;investors@oranjebtc.com;47.569.752/0001-31;RBORDIGNON AUDITORES INDEPENDENTES SOCIEDADE SIMPLES LTDA
32.021.201/0001-61;ORIGEM ENERGIA S.A.;ORIGEM ENERGIA S.A.;2023-06-30;2018-11-14;;;ATIVO;2023-06-30;27227;Petróleo e Gás;;Categoria A;2023-03-13;FASE OPERACIONAL;2023-03-13;PRIVADO;SEDE;Rua Lauro Müller, 116;sala 4.402;Botafogo;RIO DE JANEIRO;RJ;BRASIL;22290160;21;20428999;;;ri@origemenergia.com;DIRETOR DE RELAÇÕES COM INVESTIDORES;Luiz Felipe Coutinho Martins Filho;2023-03-10;Rua Lauro Müller, 116;sala 4.402;Botafogo;RIO DE JANEIRO;;;22290160;21;20428999;;;ri@origemenergia.com;61.366.936/0001-25;ERNST & YOUNG AUDITORES INDEPENDENTES S/S LTDA.
03.279.285/0001-30;ORIZON MEIO AMBIENTE S.A.;ORIZON MEIO AMBIENTE S.A.;2022-12-19;1999-06-14;;;ATIVO;2022-12-19;27049;Saneamento, Serv. Água e Gás;;Categoria B;2022-10-06;FASE OPERACIONAL;2022-10-06;PRIVADO;SEDE;Avenida das Nações Unidas, 12.901, Torre Oeste;8º andar, Sala A;Brooklin Paulista;SÃO PAULO;SP;BRASIL;4578910;11;51035300;;;ri@orizonvr.com.br;DIRETOR DE RELAÇÕES COM INVESTIDORES;Leonardo Roberto Pereira dos Santos;2022-10-03;Avenida das Nações Unidas, 12.901, Torre Oeste;8º andar, Sala A;Brooklin Paulista;SÃO PAULO;SP;;4578910;11;51035300;;;ri@orizonvr.com.br;49.928.567/0001-11;DELOITTE TOUCHE TOHMATSU AUDITORES INDEPENDENTES LTDA.
11.421.994/0001-36;ORIZON VALORIZAÇÃO DE RESÍDUOS S.A.;ORIZON VALORIZAÇÃO DE RESÍDUOS S.A.;2021-02-11;2009-11-30;;;ATIVO;2021-02-11;25550;Saneamento, Serv. Água e Gás;BALCÃO ORGANIZADO;Categoria A;2021-02-11;FASE OPERACIONAL;2020-12-16;PRIVADO;SEDE;Avenida das Nações Unidas, 12.901;Torre Oeste 8º andar;Brooklin Paulista;SÃO PAULO;SP;BRASIL;4578910;11;51035300;;;ri@orizonvr.com.br;DIRETOR DE RELAÇÕES COM INVESTIDORES;Leonardo Roberto Pereira dos Santos;2020-12-14;Avenida das Nações Unidas, 12.901;Torre Oeste 8º andar;Brooklin Paulista;SÃO PAULO;SP;;4578910;11;51035300;;;ri@orizonvr.com.br;49.928.567/0001-11;DELOITTE TOUCHE TOHMATSU AUDITORES INDEPENDENTES LTDA.
11.421.994/0001-36;ORIZON VALORIZAÇÃO DE RESÍDUOS S.A.;ORIZON VALORIZAÇÃO DE RESÍDUOS S.A.;2021-02-11;2009-11-30;;;ATIVO;2021-02-11;25550;Saneamento, Serv. Água e Gás;BOLSA;Categoria A;2021-02-11;FASE OPERACIONAL;2020-12-16;PRIVADO;SEDE;Avenida das Nações Unidas, 12.901;Torre Oeste 8º andar;Brooklin Paulista;SÃO PAULO;SP;BRASIL;4578910;11;51035300;;;ri@orizonvr.com.br;DIRETOR DE RELAÇÕES COM INVESTIDORES;Leonardo Roberto Pereira dos Santos;2020-12-14;Avenida das Nações Unidas, 12.901;Torre Oeste 8º andar;Brooklin Paulista;SÃO PAULO;SP;;4578910;11;51035300;;;ri@orizonvr.com.br;49.928.567/0001-11;DELOITTE TOUCHE TOHMATSU AUDITORES INDEPENDENTES LTDA.
09.112.685/0001-32;OSX BRASIL S.A. - EM RECUPERAÇÃO JUDICIAL;OSX BRASIL S.A. - EM RECUPERAÇÃO JUDICIAL;2008-02-26;2007-07-03;;;ATIVO;2008-02-26;21342;Emp. Adm. Part. - Sem Setor Principal;BOLSA;Categoria A;2010-03-19;EM RECUPERAÇÃO JUDICIAL OU EQUIVALENTE;2024-03-20;PRIVADO HOLDING;SEDE;Rua Lauro Müller, 116;2405;Botafogo;RIO DE JANEIRO;RJ;BRASIL;22290906;21;32375292;21;32375292;ri@osx.com.br;DIRETOR DE RELAÇÕES COM INVESTIDORES;Gustavo Banho Licks;2024-11-28;Rua Lauro Müller, 116;sala 2405;Botafogo;RIO DE JANEIRO;;;22290906;21;32375200;;;ri@osx.com.br;16.549.480/0001-84;RSM BRASIL AUDITORES INDEPENDENTES LTDA.
20.258.278/0001-70;OUROFINO S.A.;;2014-10-17;2014-04-10;;;ATIVO;2014-10-17;23507;Comércio (Atacado e Varejo);BOLSA;Categoria A;2014-10-17;FASE OPERACIONAL;2014-08-25;PRIVADO;SEDE;Rodovia Anhanguera, SP 330, KM 298, Bloco C, 2º andar;Setor Ourofino S.A.;Distrito Industrial;CRAVINHOS;SP;BRASIL;14140000;16;35184098;16;35182000;ri@ourofino.com;DIRETOR DE RELAÇÕES COM INVESTIDORES;Marcelo da Silva;2020-05-07;Rodovia Anhanguera, SP 330, KM 298, Bloco C, 2º andar;Setor Ourofino S.A.;Distrito Industrial;CRAVINHOS;SP;;14140000;16;35182000;;;ri@ourofino.com;57.755.217/0001-29;KPMG AUDITORES INDEPENDENTES LTDA.
18.080.368/0001-72;OZN HEALTH SPE S.A.;OZN HEALTH SPE S.A.;2025-09-02;2013-04-30;;;ATIVO;2025-09-02;27901;Serviços Médicos;;Categoria B;2025-05-07;FASE OPERACIONAL;2025-05-08;PRIVADO;SEDE;Avenida Torquato Tapajós;nº 9.250;Colônia Terra Nova;MANAUS;AM;BRASIL;69093415;92;30421418;;;ri@opyhealth.com.br;DIRETOR DE RELAÇÕES COM INVESTIDORES;FELIPE RODRIGUES TONETTI;2025-10-02;Avenida Torquato Tapajós;nº 9.250;Colônia Terra Nova;MANAUS;;;69093415;92;30421418;;;ri@opyhealth.com.br;49.928.567/0001-11;DELOITTE TOUCHE TOHMATSU AUDITORES INDEPENDENTES LTDA.
96.298.013/0001-68;PACAEMBU CONSTRUTORA S.A.;PACAEMBU CONSTRUTORA S.A.;2020-10-01;1993-04-05;;;ATIVO;2020-10-01;25143;Construção Civil, Mat. Constr. e Decoração;;Categoria A;2020-10-01;FASE OPERACIONAL;2020-02-20;PRIVADO;SEDE;Rua Sete de Setembro;Quadra 11-07;Centro;BAURU;SP;BRASIL;17015032;14;32082616;14;32082616;ri@pacaembu.com;DIRETOR DE RELAÇÕES COM INVESTIDORES;Leonardo de Almeida Massa;2023-06-01;Av. Paulista, 2.439;4º andar;Bela Vista;SÃO PAULO;SP;;1311300;11;32364141;;;ri@pacaembu.com;57.755.217/0001-29;KPMG AUDITORES INDEPENDENTES LTDA.
02.365.069/0001-44;PADTEC HOLDING S.A.;--;1999-08-02;1998-01-26;;;ATIVO;1999-08-02;18414;Emp. Adm. Part. - Telecomunicações;BOLSA;Categoria A;2010-01-01;FASE OPERACIONAL;2000-12-31;PRIVADO;SEDE;Rua James Clerk Maxwell, 507;Qd 09678-I Lt 007;Techno Park Campinas;CAMPINAS;SP;BRASIL;13069380;19;21049700;21;32069201;ri@padtec.com.br;DIRETOR DE RELAÇÕES COM INVESTIDORES;Leonardo Costa Chamsin;2025-07-15;Rua James Clerk Maxwell, 507;Qd 09678-I Lt 007;Techno Park Campinas;CAMPINAS;;;13069380;19;998010894;;;ri@padtec.com.br;16.549.480/0001-84;RSM BRASIL AUDITORES INDEPENDENTES LTDA.
92.693.019/0001-89;PANATLANTICA SA;PANATLANTICA;1971-12-29;1967-07-20;;;ATIVO;1971-12-29;94;Metalurgia e Siderurgia;BOLSA;Categoria A;2010-01-01;FASE OPERACIONAL;1971-12-29;PRIVADO;SEDE;Rua Rudolfo Vontobel, 600;-;Distrito Industrial;GRAVATAÍ;RS;BRASIL;94045405;51;34897777;51;34897799;panatlantica@panatlantica.com.br;DIRETOR DE RELAÇÕES COM INVESTIDORES;KARL ERNST STEPPE;2024-06-21;Rua Rudolfo Vontobel, 600;-;Distrito Industrial;GRAVATAÍ;RS;;94045405;51;34897777;;;karl@panatlantica.com.br;54.276.936/0001-79;BDO RCS AUDITORES INDEPENDENTES - SOCIEDADE SIMPLES LIMITADA
14.388.334/0001-99;PARANA BANCO S.A.;PARANA;2007-06-11;1979-01-01;;;ATIVO;2007-06-11;20729;Bancos;;Categoria A;2020-11-26;FASE OPERACIONAL;2007-06-11;PRIVADO;SEDE;Rua Comendador Araújo, n. 614;5º andar;Batel;CURITIBA;PR;BRASIL;80420063;41;33519468;41;32403898;ri@paranabanco.com.br;DIRETOR DE RELAÇÕES COM INVESTIDORES;Osvaldo Bruno Brasil Cavalcante;2021-04-09;Rua Comendador Araújo, 614;5º andar;Batel;CURITIBA;PR;;80420063;41;33519468;;;ri@paranabanco.com.br;57.755.217/0001-29;KPMG AUDITORES INDEPENDENTES LTDA.
60.398.369/0004-79;PARANAPANEMA S.A. - EM RECUPERAÇÃO JUDICIAL;PARANAPANEMA S.A.;1977-07-20;1977-07-20;;;ATIVO;1977-07-20;9393;Metalurgia e Siderurgia;BALCÃO ORGANIZADO;Categoria A;2010-01-01;EM RECUPERAÇÃO JUDICIAL OU EQUIVALENTE;2022-12-13;PRIVADO;SEDE;Via do Cobre, 3700;Área Industrial Oest;Copec;DIAS D'ÁVILA;BA;BRASIL;42850000;71;21997855;71;22031484;ri@paranapanema.com.br;DIRETOR DE RELAÇÕES COM INVESTIDORES;Marcelo Vaz Bonini;2025-01-22;RUA FELIPE CAMARÃO;500;UTINGA;SANTO ANDRÉ;SP;;9220580;11;21997855;;;ri@paranapanema.com.br;54.276.936/0001-79;BDO RCS AUDITORES INDEPENDENTES - SOCIEDADE SIMPLES LIMITADA
60.398.369/0004-79;PARANAPANEMA S.A. - EM RECUPERAÇÃO JUDICIAL;PARANAPANEMA S.A.;1977-07-20;1977-07-20;;;ATIVO;1977-07-20;9393;Metalurgia e Siderurgia;BOLSA;Categoria A;2010-01-01;EM RECUPERAÇÃO JUDICIAL OU EQUIVALENTE;2022-12-13;PRIVADO;SEDE;Via do Cobre, 3700;Área Industrial Oest;Copec;DIAS D'ÁVILA;BA;BRASIL;42850000;71;21997855;71;22031484;ri@paranapanema.com.br;DIRETOR DE RELAÇÕES COM INVESTIDORES;Marcelo Vaz Bonini;2025-01-22;RUA FELIPE CAMARÃO;500;UTINGA;SANTO ANDRÉ;SP;;9220580;11;21997855;;;ri@paranapanema.com.br;54.276.936/0001-79;BDO RCS AUDITORES INDEPENDENTES - SOCIEDADE SIMPLES LIMITADA
00.185.475/0001-08;PARCOM PARTICIPACOES SA EM LIQUIDACAO;PARCOM PARTICIPACOES SA EM LIQUIDACAO;1994-12-22;1994-08-18;;;ATIVO;1994-12-22;14680;Emp. Adm. Part. - Telecomunicações;;Categoria A;2010-01-01;LIQUIDAÇÃO EXTRAJUDICIAL;2012-12-27;PRIVADO HOLDING;SEDE;AV. PRESIDENTE ANTONIO CARLOS Nº 51;10º ANDAR(PTE);CENTRO;RIO DE JANEIRO;RJ;BRASIL;20020010;21;38043700;21;38043480;gar@opportunity.com.br;DIRETOR DE RELAÇÕES COM INVESTIDORES;NORBERTO AGUIAR TOMAZ;2015-05-06;AV. PRESIDENTE WILSON, 231;28º ANDAR(PTE);CENTRO;RIO DE JANEIRO;RJ;;20030905;21;38043700;;;gar@opportunity.com.br.;10.830.108/0001-65;GRANT THORNTON AUDITORES INDEPENDENTES LTDA.
44.854.238/0001-50;PARSAN S.A.;PARSAN S.A.;2024-02-02;2021-12-20;;;ATIVO;2024-02-02;27448;Saneamento, Serv. Água e Gás;;Categoria B;2023-10-17;FASE OPERACIONAL;2023-10-17;PRIVADO;SEDE;Avenida Brigadeiro Faria Lima, 1.663, 1º andar, sala 17;Plaza São Lourenço;Jardim Paulistano;SÃO PAULO;SP;BRASIL;1452001;11;38188150;;;dri@aegea.com.br;DIRETOR DE RELAÇÕES COM INVESTIDORES;André Pires de Oliveira Dias;2023-03-30;Avenida Brigadeiro Faria Lima, 1.663, 1º andar, sala 17;Plaza São Lourenço;Jardim Paulistano;SÃO PAULO;;;1452001;11;38188150;;;dri@aegea.com.br;57.755.217/0001-29;KPMG AUDITORES INDEPENDENTES LTDA.
23.236.821/0001-27;PATRIMAR ENGENHARIA S.A.;;2020-11-10;1968-05-14;;;ATIVO;2020-11-10;25305;Construção Civil, Mat. Constr. e Decoração;;Categoria A;2020-11-10;FASE OPERACIONAL;1968-05-14;PRIVADO;SEDE;Rodovia Stael Mary Bicalho Motta Magalhaes;nº 521, 18º andar;Bairro Belvedere;BELO HORIZONTE;MG;BRASIL;30320760;31;32540275;;;ri@patrimar.com.br;DIRETOR DE RELAÇÕES COM INVESTIDORES;Felipe Enck Gonçalves;2020-08-05;Rodovia Stael Mary Bicalho Motta Magalhaes;nº 521, 19 andar;Bairro Belvedere;BELO HORIZONTE;MG;;30320760;31;32540310;;;ri@patrimar.com.br;61.366.936/0001-25;ERNST & YOUNG AUDITORES INDEPENDENTES S/S LTDA.
83.475.913/0001-91;PBG S/A;PORTOBELLO S/A;1991-01-04;1778-09-05;;;ATIVO;1991-01-04;13773;Construção Civil, Mat. Constr. e Decoração;BOLSA;Categoria A;2010-01-01;FASE OPERACIONAL;1991-01-04;PRIVADO;SEDE;SC-401;4756;Saco Grande;FLORIANÓPOLIS;SC;BRASIL;88032005;48;32792222;48;32792223;dri@portobello.com.br;DIRETOR DE RELAÇÕES COM INVESTIDORES;Ronei Gomes;2026-05-05;SC-401;n° 4756;Saco Grande;FLORIANÓPOLIS;SC;;88032005;48;32792552;;;cfo.ri@portobello.com.br;57.755.217/0001-29;KPMG AUDITORES INDEPENDENTES LTDA.
09.538.973/0001-53;PDG COMPANHIA SECURITIZADORA;PDG COMPANHIA SECURITIZADORA;2008-10-03;2008-03-10;;;ATIVO;2008-10-03;21644;Securitização de Recebíveis;BALCÃO ORGANIZADO;Categoria B;2010-01-01;FASE OPERACIONAL;2021-10-14;PRIVADO;SEDE;Avenida Doutor Cardoso de Melo, 1.855;6º andar;Vila Olimpia;SÃO PAULO;SP;BRASIL;4548005;11;21104400;11;21104400;ri@pdg.com.br;DIRETOR DE RELAÇÕES COM INVESTIDORES;Mauricio Tiso de Souza;2025-02-21;Avenida Dr. Cardoso de Melo, nº 1855;6º andar;Vila Olimpia;SÃO PAULO;;;4548005;11;21104790;;;ri@pdg.com.br;10.830.108/0001-65;GRANT THORNTON AUDITORES INDEPENDENTES LTDA.
02.950.811/0001-89;PDG REALTY S.A. EMPREEND E PARTICIPACOES;PDG REALTY SA EMPREENDIMENTOS E PARTS;2007-01-23;2003-01-01;;;ATIVO;2007-01-23;20478;Emp. Adm. Part. - Const. Civil, Mat. Const. e Decoração;BOLSA;Categoria A;2010-01-01;FASE OPERACIONAL;2021-10-14;PRIVADO;SEDE;Av. Dr. Cardoso de Melo;1855, 6º andar;Vila Olímpia;SÃO PAULO;SP;BRASIL;4548005;11;21104400;11;21104400;ri@pdg.com.br;DIRETOR DE RELAÇÕES COM INVESTIDORES;Mauricio Tiso de Souza;2025-01-30;Avenida Dr. Cardoso de Melo, nº 1855;6º andar;Vila Olimpia;SÃO PAULO;;;4548005;11;21104790;;;ri@pdg.com.br;10.830.108/0001-65;GRANT THORNTON AUDITORES INDEPENDENTES LTDA.
33.000.167/0001-01;PETRÓLEO BRASILEIRO  S.A.  - PETROBRAS;PETROBRAS;1977-07-20;1953-10-03;;;ATIVO;1977-07-20;9512;Petróleo e Gás;BALCÃO ORGANIZADO;Categoria A;2010-01-01;FASE OPERACIONAL;1977-07-20;ESTATAL HOLDING;SEDE;Av. República do Chile, nº 65;24º andar;Centro;RIO DE JANEIRO;RJ;BRASIL;20031170;21;32241510;21;32246055;petroinvest@petrobras.com.br / acionistas@petrobras.com.br;DIRETOR DE RELAÇÕES COM INVESTIDORES;Fernando Sabbi Melgarejo;2024-07-16;Av. Henrique Valadares, nº 28;Torre A, 18º andar;Centro;RIO DE JANEIRO;RJ;;20231030;21;32242401;;;dfinri@petrobras.com.br;57.755.217/0001-29;KPMG AUDITORES INDEPENDENTES LTDA.
33.000.167/0001-01;PETRÓLEO BRASILEIRO  S.A.  - PETROBRAS;PETROBRAS;1977-07-20;1953-10-03;;;ATIVO;1977-07-20;9512;Petróleo e Gás;BOLSA;Categoria A;2010-01-01;FASE OPERACIONAL;1977-07-20;ESTATAL HOLDING;SEDE;Av. República do Chile, nº 65;24º andar;Centro;RIO DE JANEIRO;RJ;BRASIL;20031170;21;32241510;21;32246055;petroinvest@petrobras.com.br / acionistas@petrobras.com.br;DIRETOR DE RELAÇÕES COM INVESTIDORES;Fernando Sabbi Melgarejo;2024-07-16;Av. Henrique Valadares, nº 28;Torre A, 18º andar;Centro;RIO DE JANEIRO;RJ;;20231030;21;32242401;;;dfinri@petrobras.com.br;57.755.217/0001-29;KPMG AUDITORES INDEPENDENTES LTDA.
07.275.159/0001-68;PETROLEO LUB DO NORDESTE SA;PETROLUSA;1975-10-24;1967-09-13;;;ATIVO;1975-10-24;9520;Petróleo e Gás;;Categoria A;2010-01-01;FASE OPERACIONAL;1975-10-24;PRIVADO;SEDE;RUA AMANCIO PHILOMENO, 199;;MUCURIPE;FORTALEZA;CE;BRASIL;60180320;85;40064316;85;40064303;lopes@petrolusa.com.br;DIRETOR DE RELAÇÕES COM INVESTIDORES;MARCELO SANFORD DE BARROS FILHO;2005-07-29;RUA AMANCIO FILOMENO;;CAIS DO PORTO;FORTALEZA;CE;;60180320;85;40064316;;;lopes@petrolusa.com.br;23.530.637/0001-95;GAMA & CIA AUDITORES INDEP SC
03.342.704/0001-30;PETRORECÔNCAVO S.A.;PETRORECÔNCAVO S.A.;2021-04-30;1999-07-21;;;ATIVO;2021-04-30;25780;Emp. Adm. Part. - Petróleo e Gás;;Categoria A;2021-04-30;FASE OPERACIONAL;2021-02-26;PRIVADO;SEDE;Estrada do Vinte Mil;Km 3,5;Estação de São Roque;MATA DE SÃO JOÃO;BA;BRASIL;48280000;71;36350200;71;36350212;ri@petroreconcavo.com.br;DIRETOR DE RELAÇÕES COM INVESTIDORES;Rafael Procaci da Cunha;2021-02-23;Av. Luis Viana Filho, 13.223, Hangar Business Park, Torre 3;Quarto Andar;São Cristóvão;SALVADOR;BA;;41500300;71;36350207;;;ri@petroreconcavo.com.br;61.366.936/0001-25;ERNST & YOUNG AUDITORES INDEPENDENTES S/S LTDA.
88.613.658/0001-10;PETTENATI S.A. INDUSTRIA TEXTIL;PETTENATI;1981-02-04;1964-06-11;;;ATIVO;1981-02-04;9539;Têxtil e Vestuário;BOLSA;Categoria B;2026-05-28;FASE OPERACIONAL;1981-02-04;PRIVADO;SEDE;ROD RSC 453, S/N;KM 2,4;DISTRITO INDUSTRIAL;CAXIAS DO SUL;RS;BRASIL;95010550;54;32277200;54;32271880;ri@pettenati.com.br;DIRETOR DE RELAÇÕES COM INVESTIDORES;OTAVIO RICARDO PETTENATI;2016-12-13;ROD RSC 453, S/N;KM 2,4;DISTRITO INDUSTRIAL;CAXIAS DO SUL;RS;;95010550;54;32277200;;;ri@pettenati.com.br;57.755.217/0001-29;KPMG AUDITORES INDEPENDENTES LTDA.
17.745.307/0001-14;PLAMEV ADMINISTRADORA DE BENEFÍCIOS DE ATENÇÃO À SAÚDE DE ANIMAIS DOMÉSTICOS S.A.;PLAMEV ADMINISTRADORA DE BENEFÍCIOS DE ATENÇÃO À SAÚDE DE ANIMAIS DOMÉSTICOS S.A.;2026-05-27;2013-03-12;;;ATIVO;2026-05-27;28029;Serviços Médicos;;Categoria A;2026-05-27;FASE OPERACIONAL;2026-05-27;PRIVADO;SEDE;RUA MINISTRO OROZIMBO NONATO, Nº 215, LOTE 0001, QUADRA C;PAVIMENTO 6;VILA DA SERRA;NOVA LIMA;MG;;34006053;31;40072560;;;dpo@plamev.com.br;DIRETOR DE RELAÇÕES COM INVESTIDORES;FABIULA APARECIDA ZANETI DE ABREU SANTOS;2026-05-27;RUA MINISTRO OROZIMBO NONATO,;PAVIMENTO 6;VILA DA SERRA;NOVA LIMA;MG;;34006053;31;984926888;0;0;fabiula@plamev.com.br;10.830.108/0001-65;GRANT THORNTON AUDITORES INDEPENDENTES LTDA.
24.230.275/0001-80;PLANO & PLANO DESENVOLVIMENTO IMOBILIÁRIO S.A.;;2020-09-04;2016-01-13;;;ATIVO;2020-09-04;25070;Construção Civil, Mat. Constr. e Decoração;BOLSA;Categoria A;2020-09-04;FASE OPERACIONAL;2020-07-23;PRIVADO;SEDE;Rua Gerivatiba, nº 207, conjunto 172;;Butantã;SÃO PAULO;SP;BRASIL;5501900;11;40957332;;;ri@planoeplano.com.br  joao.hopp@planoeplano.com.br;DIRETOR DE RELAÇÕES COM INVESTIDORES;João Luis Ramos Hopp;2020-07-17;Rua Gerivatiba, nº 207, conjunto 172;;Butantã;SÃO PAULO;SP;;5501900;11;40957332;;;joao.hopp@planoeplano.com.br ri@planoeplano.com.br;10.830.108/0001-65;GRANT THORNTON AUDITORES INDEPENDENTES LTDA.
51.928.174/0001-50;PLASCAR PARTICIPAÇÕES INDUSTRIAIS S.A;PLASCAR PARTICIPAÇÕES INDUSTRIAIS S.A;1989-04-19;1984-05-02;;;ATIVO;1989-04-19;13471;Emp. Adm. Part. - Máqs., Equip., Veíc. e Peças;BOLSA;Categoria A;2010-01-01;FASE OPERACIONAL;1989-04-19;PRIVADO;SEDE;Rua Wilhelm Winter, 300;sala 1;Distrito Industrial;JUNDIAÍ;SP;BRASIL;13213000;11;21525300;19;32513322;contatori@plascargroup.com;DIRETOR DE RELAÇÕES COM INVESTIDORES;Anderson Roveri;2025-08-01;Rua Wilhelm Winter, 300;sala 1;Distrito Industrial;JUNDIAÍ;;;13213000;11;21525300;;;contatori@plascargroup.com;10.830.108/0001-65;GRANT THORNTON AUDITORES INDEPENDENTES LTDA.
49.703.913/0001-63;PLATÃO CAPITAL S.A.;PLATÃO CAPITAL S.A.;2026-01-27;2023-01-12;;;ATIVO;2026-01-27;27995;Emp. Adm. Part. - Energia Elétrica;;Categoria B;2026-01-27;FASE OPERACIONAL;2025-12-10;PRIVADO;SEDE;AVENIDA PAULISTA, Nº 1.636;SALA 1504;BELA VISTA;SÃO PAULO;SP;;1310200;44;32248915;;;;DIRETOR DE RELAÇÕES COM INVESTIDORES;EMERSON SEITI KANAWA;2025-12-09;AVENIDA PAULISTA, Nº 1.636;SALA 1504;BELA VISTA;SÃO PAULO;SP;;1310200;44;33770015;0;0;emerson.seiti@plataoenergia.com.br;54.276.936/0001-79;BDO RCS AUDITORES INDEPENDENTES - SOCIEDADE SIMPLES LIMITADA
59.789.545/0001-71;POLPAR S.A.;POLPAR S.A.;1989-03-03;1988-11-29;;;ATIVO;1989-03-03;13447;Emp. Adm. Part. - Sem Setor Principal;BOLSA;Categoria A;2010-01-01;FASE OPERACIONAL;1989-03-03;PRIVADO;SEDE;Av. Brigadeiro Faria Lima, 1355;21º andar;Jardim Paulistano;SÃO PAULO;SP;BRASIL;1452919;11;35039320;;;dripolpar@suzano.com.br;DIRETOR DE RELAÇÕES COM INVESTIDORES;Maria Cecilia Castro Neves Ipiña;2025-05-14;Avenida Brigadeiro Faria Lima, 1355;21 andar;Jardim Paulistano;SÃO PAULO;;;1452919;11;35039069;;;cecilian@suzano.com.br;05.690.064/0001-85;ADVISER SUL AUDITORES INDEPENDENTES
85.041.333/0001-11;PORTO PONTA DO FELIX S/A;PORTO PONTA DO FELIX S;1996-02-27;1996-05-23;;;ATIVO;1996-02-27;15407;Serviços Transporte e Logística;;Categoria A;2010-01-01;FASE OPERACIONAL;2002-09-30;PRIVADO;SEDE;Rua Ligia Bombonatto;750;Itapema;ANTONINA;PR;BRASIL;83371400;41;40404474;41;34328015;tppf@tppf.com.br;DIRETOR DE RELAÇÕES COM INVESTIDORES;MARCELO VIEIRA SEVERINO;2025-01-30;AV. IGUAÇU, 3525;APT: APT 503-1;VILA IZABEL;CURITIBA;PR;;80240074;13;988287709;;;marcelo.severino@fortenave.com.br;07.326.840/0001-98;FORVIS MAZARS AUDITORES INDEPENDENTES - SOCIEDADE SIMPLES LTDA.
46.573.272/0001-81;PORTO SAÚDE PARTICIPAÇÕES S.A.;PORTO SAÚDE PARTICIPAÇÕES S.A.;2024-08-16;2022-05-16;;;ATIVO;2024-08-16;27618;Emp. Adm. Part. - Serviços médicos;;Categoria A;2024-08-16;FASE OPERACIONAL;2024-05-14;PRIVADO;SEDE;Avenida Rio Branco, n.º 1.475;E. Guaianases, 8º A.;Campos Elíseos;SÃO PAULO;SP;BRASIL;1205001;11;23937093;;;gri@portoseguro.com.br;DIRETOR DE RELAÇÕES COM INVESTIDORES;DOMINGOS DE TOLEDO PIZA FALAVINA;2024-04-01;ALAMEDA BARÃO DE PIRACICABA, N.º 740, T. B,;10º ANDA;CAMPOS ELÍSEOS;SÃO PAULO;SP;;1216012;11;23937093;;;gri@portoseguro.com.br;61.366.936/0001-25;ERNST & YOUNG AUDITORES INDEPENDENTES S/S LTDA.
02.149.205/0001-69;PORTO SEGURO SA;PORTO SEGURO SA;1997-11-28;1997-09-22;;;ATIVO;1997-11-28;16659;Seguradoras e Corretoras;BOLSA;Categoria A;2010-01-01;FASE OPERACIONAL;1997-11-28;PRIVADO;SEDE;Alameda Barão de Piracicaba, 740 - Torre B;11º andar;Campos Elíseos;SÃO PAULO;SP;BRASIL;1216012;11;23937093;11;23936337;gri@portoseguro.com.br;DIRETOR DE RELAÇÕES COM INVESTIDORES;DOMINGOS DE TOLEDO PIZA FALAVINA;2023-11-01;Alemado Barão de Piracicaba, 740 - Torre B;11º andar;Campos Elíseos;SÃO PAULO;SP;;1216012;11;23937093;;;gri@portoseguro.com.br;61.366.936/0001-25;ERNST & YOUNG AUDITORES INDEPENDENTES S/S LTDA.
51.430.503/0001-38;PORTO SERVIÇO S.A;PORTO SERVIÇO S.A;2024-08-16;2023-07-12;;;ATIVO;2024-08-16;27600;Emp. Adm. Part. - Sem Setor Principal;;Categoria A;2024-08-16;FASE OPERACIONAL;2024-05-14;PRIVADO;SEDE;Alameda Rio Negro, 500;T. 1, Conj. 501-516;Alphavile Centro I.;BARUERI;SP;BRASIL;6454000;11;23937093;;;gri@portoseguro.com.br;DIRETOR DE RELAÇÕES COM INVESTIDORES;DOMINGOS DE TOLEDO PIZA FALAVINA;2024-05-10;Alameda Barão de Piracicaba, n.º 740;Torre B E. Garfinkel;Campos Elíseos;SÃO PAULO;SP;;1216012;11;23937093;;;gri@portoseguro.com.br;61.366.936/0001-25;ERNST & YOUNG AUDITORES INDEPENDENTES S/S LTDA.
18.494.485/0001-82;PORTO SUDESTE V.M. S.A.;PORTO SUDESTE V.M. S.A.;2014-11-11;2013-07-16;;;ATIVO;2014-11-11;23523;Emp. Adm. Part. - Serviços Transporte e Logística;;Categoria B;2014-11-11;FASE OPERACIONAL;2015-12-31;PRIVADO;SEDE;Rua Felix Lopes Coelho, nº 222, lotes 5 ao 20, Q 0001;lote 5 (parte);Ilha da Madeira;ITAGUAÍ;RJ;BRASIL;23826580;21;36095922;21;22269201;investor.relations@portosudeste.com;DIRETOR DE RELAÇÕES COM INVESTIDORES;Thiago Semião Roldão;2020-11-03;Rua Felix Lopes Coelho, nº 222;lote 5 ao 20 (parte);Ilha da Madeira;ITAGUAÍ;RJ;;23826580;21;36095996;;;investor.relations@portosudeste.com;61.366.936/0001-25;ERNST & YOUNG AUDITORES INDEPENDENTES S/S LTDA.
04.912.242/0001-02;PORTUENSE FERRAGENS S/A;PORTUENSE;1977-07-20;1947-10-23;;;ATIVO;2001-03-31;9717;Construção Civil, Mat. Constr. e Decoração;;Categoria A;2010-01-01;FASE OPERACIONAL;1977-07-20;PRIVADO;SEDE;PADRE EUTÍQUIO, NÚMERO 1055;TRAVESSA;BATISTA CAMPOS;BELÉM;PA;BRASIL;66023710;91;40059103;91;32226623;portuenseferragens@yahoo.com.br;DIRETOR DE RELAÇÕES COM INVESTIDORES;ANTÔNIO AUGUSTO CALCUCHIMAC DE ALENCAR FERNANDEZ;2011-04-30;TRAVESSA PADRE EUTÍQUIO, NÚMERO 1055;;BATISTA CAMPOS;BELÉM;PA;;66023710;91;40059103;;;portuenseferragens@yahoo.com.br;63.806.830/0001-20;AUDITAN - AUDITORIA INDEPENDENTE
81.243.735/0001-48;POSITIVO TECNOLOGIA S.A.;POSITIVO INFORMATICA SA;2006-12-06;1972-01-01;;;ATIVO;2006-12-06;20362;Comunicação e Informática;BOLSA;Categoria A;2010-01-01;FASE OPERACIONAL;2006-12-06;PRIVADO;SEDE;Rua João Bettega, 5200;Não aplicável;Cidade Industrial;CURITIBA;PR;BRASIL;81350000;041;33167887;41;33167810;ri@positivo.com.br;DIRETOR DE RELAÇÕES COM INVESTIDORES;FABIO TRIERWEILER FAIGLE;2025-01-01;Rua João Bettega, 5200;Departamento de RI;CIC;CURITIBA;;;81310000;41;32397887;;;ri@positivo.com.br;49.928.567/0001-11;DELOITTE TOUCHE TOHMATSU AUDITORES INDEPENDENTES LTDA.
08.574.411/0001-00;PRÁTICA PRODUTOS S.A.;PRÁTICA KLIMAQUIP INDÚSTRIA E COMÉRCIO S.A.;2018-09-27;2006-12-20;;;ATIVO;2018-09-27;24546;Emp. Adm. Part. - Máqs., Equip., Veíc. e Peças;BOLSA;Categoria A;2018-09-27;FASE OPERACIONAL;2018-05-02;PRIVADO;SEDE;Rodovia BR 459 - km 101;s/nº;Ipiranga;POUSO ALEGRE;MG;BRASIL;37556140;35;34491200;35;34491200;dri@praticabr.com;DIRETOR DE RELAÇÕES COM INVESTIDORES;André Luiz Rosa Rezende;2018-04-27;Rodovia BR 459 - km 101;s/nº, Galpão 04;Loteamento Ipiranga;POUSO ALEGRE;MG;;37556140;35;34491200;;;dri@praticabr.com;54.276.936/0001-79;BDO RCS AUDITORES INDEPENDENTES - SOCIEDADE SIMPLES LIMITADA
18.593.815/0001-97;PRINER SERVIÇOS INDUSTRIAIS S.A.;PRINER SERVIÇOS INDUSTRIAIS S.A.;2017-10-02;2013-07-12;;;ATIVO;2017-10-02;24236;Construção Civil, Mat. Constr. e Decoração;BALCÃO ORGANIZADO;Categoria A;2017-10-02;FASE OPERACIONAL;2017-05-15;PRIVADO;SEDE;Avenida das Américas, nº 3.434;Bl 06, 601 a 608;Barra da Tijuca;RIO DE JANEIRO;RJ;BRASIL;22640102;21;35443100;;;;DIRETOR DE RELAÇÕES COM INVESTIDORES;TARYN CHEROBIM BASILIO SILVESTRE;2026-01-12;AVENIDA DAS AMÉRICAS, 3.434;BLOCO 6, 6º ANDAR;BARRA DA TIJUCA;RIO DE JANEIRO;RJ;;22640102;21;35443100;0;0;ri@priner.com.br;07.326.840/0001-98;FORVIS MAZARS AUDITORES INDEPENDENTES - SOCIEDADE SIMPLES LTDA.
18.593.815/0001-97;PRINER SERVIÇOS INDUSTRIAIS S.A.;PRINER SERVIÇOS INDUSTRIAIS S.A.;2017-10-02;2013-07-12;;;ATIVO;2017-10-02;24236;Construção Civil, Mat. Constr. e Decoração;BOLSA;Categoria A;2017-10-02;FASE OPERACIONAL;2017-05-15;PRIVADO;SEDE;Avenida das Américas, nº 3.434;Bl 06, 601 a 608;Barra da Tijuca;RIO DE JANEIRO;RJ;BRASIL;22640102;21;35443100;;;;DIRETOR DE RELAÇÕES COM INVESTIDORES;TARYN CHEROBIM BASILIO SILVESTRE;2026-01-12;AVENIDA DAS AMÉRICAS, 3.434;BLOCO 6, 6º ANDAR;BARRA DA TIJUCA;RIO DE JANEIRO;RJ;;22640102;21;35443100;0;0;ri@priner.com.br;07.326.840/0001-98;FORVIS MAZARS AUDITORES INDEPENDENTES - SOCIEDADE SIMPLES LTDA.
08.926.302/0001-05;PRIO FORTE S.A.;PRIO FORTE S.A.;2024-12-19;2007-06-27;;;ATIVO;2024-12-19;27740;Petróleo e Gás;;Categoria B;2024-12-19;FASE OPERACIONAL;2024-10-22;PRIVADO;SEDE;Praia de Botafogo, 370;13º pavimento;Botafogo;RIO DE JANEIRO;RJ;BRASIL;22250040;21;37213892;21;21964546;ri@prio3.com.br;DIRETOR DE RELAÇÕES COM INVESTIDORES;Roberto Bernardes Monteiro;2023-01-04;Praia de Botafogo, 370;13º andar (parte);Botafogo;RIO DE JANEIRO;RJ;;22250040;21;37213892;;;ri@prio3.com.br;57.755.217/0001-29;KPMG AUDITORES INDEPENDENTES LTDA.
10.629.105/0001-68;PRIO S.A.;PETRO RIO S.A.;2010-10-21;2008-10-13;;;ATIVO;2010-10-21;22187;Petróleo e Gás;BOLSA;Categoria A;2010-10-21;FASE OPERACIONAL;2014-03-31;PRIVADO HOLDING;SEDE;Praia de Botafogo, 370;13º pavimento;Botafogo;RIO DE JANEIRO;RJ;BRASIL;22250040;21;37213800;21;37213892;ri@prio3.com.br;DIRETOR DE RELAÇÕES COM INVESTIDORES;Roberto Bernardes Monteiro;2020-11-10;Praia de Botafogo, 370;13º pavimento;Botafogo;RIO DE JANEIRO;RJ;;22250040;21;37213800;;;ri@prio3.com.br;57.755.217/0001-29;KPMG AUDITORES INDEPENDENTES LTDA.
02.291.077/0001-93;PRODUTORES ENERGET.DE MANSO S.A.- PROMAN;PROMAN;2002-02-07;1997-12-10;;;ATIVO;2002-02-07;19232;Energia Elétrica;BALCÃO ORGANIZADO;Categoria A;2010-01-01;FASE OPERACIONAL;2002-02-07;PRIVADO;SEDE;Rua Jardim Botânico, 674;sala 316;Jardim Botânico;RIO DE JANEIRO;RJ;BRASIL;22461000;21;24905340;21;24905340;dri_proman@promanmt.com.br;DIRETOR DE RELAÇÕES COM INVESTIDORES;NANCI TURIBIO GUIMARÃES;2006-06-20;Rua jardim botanico, 674;sala 316;recreio;RIO DE JANEIRO;RJ;;22461000;21;988683168;;;dri_proman@promanmt.com.br;23.854.307/0001-55;MCS MARKUP AUDITORES INDEPENDENTES S/S LTDA
45.453.214/0001-51;PROFARMA DISTRIB PROD FARMACEUTICOS S.A.;PROFARMA;2006-10-24;1961-01-01;;;ATIVO;2006-10-24;20346;Comércio (Atacado e Varejo);BOLSA;Categoria A;2010-01-01;FASE OPERACIONAL;2006-10-24;PRIVADO HOLDING;SEDE;Avenida José Silva de Azevedo Neto;Bloco P, Sala 301;Barra da Tijuca;RIO DE JANEIRO;RJ;BRASIL;22775056;21;40090200;21;24913906;ri@profarma.com.br;DIRETOR DE RELAÇÕES COM INVESTIDORES;Maximiliano Guimarães Fischer;2006-07-28;Avenida Ayrton Senna, 2150;Bloco P - 3 andar;Barra da Tijuca;RIO DE JANEIRO;RJ;;22775900;21;40090276;;;ri@profarma.com.br;61.366.936/0001-25;ERNST & YOUNG AUDITORES INDEPENDENTES S/S LTDA.
02.382.073/0001-10;PROLAGOS S/A - CONC.DE SERVICOS PÚBLICOS DE ÁGUA E ESGOTO;PROLAGOS S.A;2014-08-11;1998-02-02;;;ATIVO;2014-08-11;23469;Saneamento, Serv. Água e Gás;BALCÃO ORGANIZADO;Categoria B;2014-08-11;FASE OPERACIONAL;2014-06-03;PRIVADO;SEDE;Rodovia Amaral Peixoto, s/n, km 107, qd 20, Lote 09;s/n;Balneário São Pedro;SÃO PEDRO DA ALDEIA;RJ;BRASIL;28948834;22;26215000;11;38188166;dri@aegea.com.br;DIRETOR DE RELAÇÕES COM INVESTIDORES;André Pires de Oliveira Dias;2020-11-10;Av Brigadeiro Faria Lima, nº 1.663 - Ed. Plaza São Lourenço;1º andar, sl 1;Jardim Paulistano;SÃO PAULO;SP;;1452001;11;38188150;;;dri@aegea.com.br;57.755.217/0001-29;KPMG AUDITORES INDEPENDENTES LTDA.
02.992.449/0001-09;PROMPT PARTICIPAÇÕES S.A.;PROMPT PARTICIPAÇÕES S/A;1999-06-18;1998-11-20;;;ATIVO;1999-06-18;18333;Emp. Adm. Part. - Sem Setor Principal;;Categoria A;2010-01-01;FASE OPERACIONAL;1999-06-18;PRIVADO HOLDING;SEDE;AV. PRESIDENTE ANTONIO CARLOS Nº 51;10º ANDAR(PTE);CENTRO;RIO DE JANEIRO;RJ;BRASIL;20020010;21;38043700;21;38043480;gar@opportunity.com.br;DIRETOR DE RELAÇÕES COM INVESTIDORES;Maria Amalia Delfim de Melo Coutrim;2026-05-06;Av. Presidente Antônio Carlos;51;Centro;RIO DE JANEIRO;RJ;;20020010;21;38043700;;;gar@opportunity.com.br;10.830.108/0001-65;GRANT THORNTON AUDITORES INDEPENDENTES LTDA.
11.992.680/0001-93;QUALICORP CONSULTORIA E CORRETORA DE SEGUROS S.A.;QUALICORP CONSULTORIA E CORRETORA DE SEGUROS S.A.;2011-06-17;2010-02-12;;;ATIVO;2011-06-17;22497;Seguradoras e Corretoras;BOLSA;Categoria A;2011-06-17;FASE OPERACIONAL;2011-06-17;PRIVADO;SEDE;Avenida Paulista, 1106;12º andar - parte;Bela Vista;SÃO PAULO;SP;BRASIL;1311000;11;31913829;011;31914049;ri@qualicorp.com.br;DIRETOR DE RELAÇÕES COM INVESTIDORES;Eder da Silva Grande;2024-10-01;Avenida Paulista, 1106;12o andar, parte;Bela Vista;SÃO PAULO;;;1311000;11;31914011;;;ri@qualicorp.com.br;61.366.936/0001-25;ERNST & YOUNG AUDITORES INDEPENDENTES S/S LTDA.
35.791.391/0001-94;QUALITY SOFTWARE S.A.;QUALITY SOFWARE S.A.;2013-12-03;1989-09-06;;;ATIVO;2013-12-03;23302;Emp. Adm. Part. - Comunicação e Informática;BOLSA;Categoria A;2013-12-03;FASE OPERACIONAL;2013-12-05;PRIVADO;SEDE;Av. Oscar Niemeyer, 2000;4 andar;Centro;RIO DE JANEIRO;RJ;BRASIL;20220297;21;31473000;21;31473049;ri@quality.com.br;DIRETOR DE RELAÇÕES COM INVESTIDORES;Rodrigo de Oliveira Torres;2018-05-17;Rua Professor Manuel Ferreira, 122;apto 102;Gávea;RIO DE JANEIRO;RJ;;22451030;21;31473000;;;rodrigo.torres@quality.com.br;40.262.602/0001-31;BKR - LOPES, MACHADO AUDITORES
28.367.479/0001-18;QUANTUM PARTICIPAÇÕES S.A;QUANTUM PARTICIPAÇÕES S.A;2025-07-15;2017-08-08;;;ATIVO;2025-07-15;27855;Emp. Adm. Part. - Energia Elétrica;;Categoria B;2025-07-15;FASE OPERACIONAL;2025-05-14;PRIVADO;SEDE;Rua Dr. Renato Paes de Barros, nº 955,;C: 52, 102, 111,112;Itaim Bibi;SÃO PAULO;SP;BRASIL;4530001;11;25402550;;;;DIRETOR DE RELAÇÕES COM INVESTIDORES;Daniel Araujo do Pinho;2025-05-09;Rua Dr. Renato Paes de Barros, nº 955;C: 52, 102, 111, 112;Itaim Bibi;SÃO PAULO;SP;;4530001;11;25402500;;;dri@quantumbrt.com;49.928.567/0001-11;DELOITTE TOUCHE TOHMATSU AUDITORES INDEPENDENTES LTDA.
52.475.549/0001-36;R/HOLDINGS S.A.;R/HOLDINGS S.A.;2024-10-23;2023-08-24;;;ATIVO;2024-10-23;27685;Emp. Adm. Part. - Sem Setor Principal;;Categoria A;2025-10-09;FASE PRÉ-OPERACIONAL;2024-07-04;PRIVADO;SEDE;Avenida Brigadeiro Faria Lima, nº 2.369;8° andar, 807 a 815;Jardim Paulistano;SÃO PAULO;SP;BRASIL;1452922;11;59904678;;;leonardo.donato@revee.com.br;DIRETOR DE RELAÇÕES COM INVESTIDORES;Lucas Dias Trevisan;2026-03-24;Avenida Brigadeiro Faria Lima, 2.277;Conj. 1702;Jardim Paulistano;SÃO PAULO;;;1452000;11;35046888;;;ri@revee.com.br;54.080.721/0001-88;CLA - CLIFTON LARSON ALLEN BRASIL AUDITORES INDEPENDENTES S/S LTDA
61.585.865/0001-51;RAIA DROGASIL S.A.;DROGASIL SA;1977-07-20;1935-03-28;;;ATIVO;1977-07-20;5258;Comércio (Atacado e Varejo);BALCÃO ORGANIZADO;Categoria A;2010-01-01;FASE OPERACIONAL;1977-07-20;PRIVADO;SEDE;Av. Corifeu de Azevedo Marques, 3.097;-;Butantã;SÃO PAULO;SP;BRASIL;5339900;11;37695678;11;37695787;ri@rdsaude.com.br;DIRETOR DE RELAÇÕES COM INVESTIDORES;Flávio de Moraes Correia;2024-05-10;Av. Corifeu de Azevedo Marques, 3.097;;Butantã;SÃO PAULO;;;5339900;11;37695601;;;ri@rdsaude.com.br;49.928.567/0001-11;DELOITTE TOUCHE TOHMATSU AUDITORES INDEPENDENTES LTDA.
61.585.865/0001-51;RAIA DROGASIL S.A.;DROGASIL SA;1977-07-20;1935-03-28;;;ATIVO;1977-07-20;5258;Comércio (Atacado e Varejo);BOLSA;Categoria A;2010-01-01;FASE OPERACIONAL;1977-07-20;PRIVADO;SEDE;Av. Corifeu de Azevedo Marques, 3.097;-;Butantã;SÃO PAULO;SP;BRASIL;5339900;11;37695678;11;37695787;ri@rdsaude.com.br;DIRETOR DE RELAÇÕES COM INVESTIDORES;Flávio de Moraes Correia;2024-05-10;Av. Corifeu de Azevedo Marques, 3.097;;Butantã;SÃO PAULO;;;5339900;11;37695601;;;ri@rdsaude.com.br;49.928.567/0001-11;DELOITTE TOUCHE TOHMATSU AUDITORES INDEPENDENTES LTDA.
08.070.508/0001-78;RAÍZEN ENERGIA S.A.;;2013-10-21;2000-11-16;;;ATIVO;2013-10-21;23230;Agricultura (Açúcar, Álcool e Cana);BALCÃO ORGANIZADO;Categoria B;2013-10-21;FASE OPERACIONAL;2013-06-18;PRIVADO;SEDE;Avenida Brigadeiro Faria Lima, nº 4.100;11º andar, parte V;Itaim Bibi;SÃO PAULO;SP;BRASIL;4538132;11;23446200;11;23446305;depart.ri@raizen.com;DIRETOR DE RELAÇÕES COM INVESTIDORES;Lorival Nogueira Luz Junior;2025-12-01;Avenida Brigadeiro Faria Lima, n.º 4.100;12º andar;Itaim Bibi;SÃO PAULO;SP;;4538132;11;45171545;;;depart.ri@raizen.com;61.562.112/0001-20;PRICEWATERHOUSECOOPERS AUDITORES INDEPENDENTES LTDA.
33.453.598/0001-23;RAÍZEN S.A.;RAÍZEN S.A.;2021-05-28;1961-08-11;;;ATIVO;2021-05-28;25917;Comércio (Atacado e Varejo);;Categoria A;2021-05-28;FASE OPERACIONAL;2021-03-16;PRIVADO;SEDE;Avenida Afonso Arinos de Melo Franco, 222;Sala 321;Barra da Tijuca;RIO DE JANEIRO;RJ;BRASIL;22631455;11;45171545;;;depart.ri@raizen.com;DIRETOR DE RELAÇÕES COM INVESTIDORES;Lorival Nogueira Luz Junior;2025-12-01;Avenida Brigadeiro Faria Lima, n.º 4.100;12º andar;Itaim Bibi;;SP;;4538132;11;45171545;;;depart.ri@raizen.com;61.562.112/0001-20;PRICEWATERHOUSECOOPERS AUDITORES INDEPENDENTES LTDA.
89.086.144/0001-16;RANDONCORP S.A.;RANDON S.A. IMPLEMENTOS E PARTICIPAÇÕES;1993-02-05;1992-09-16;;;ATIVO;1993-02-05;14109;Máquinas, Equipamentos, Veículos e Peças;BALCÃO NÃO ORGANIZADO;Categoria A;2010-01-01;FASE OPERACIONAL;1993-02-05;PRIVADO;SEDE;Av. Abramo Randon, 770;;Interlagos;CAXIAS DO SUL;RS;BRASIL;95055010;54;32092000;54;32092566;ri@randoncorp.com;DIRETOR DE RELAÇÕES COM INVESTIDORES;Paulo Prignolato;2019-05-08;Av. Abramo Randon, 770;;Interlagos;CAXIAS DO SUL;RS;;95055010;54;32392000;;;ri@randoncorp.com;57.755.217/0001-29;KPMG AUDITORES INDEPENDENTES LTDA.
89.086.144/0001-16;RANDONCORP S.A.;RANDON S.A. IMPLEMENTOS E PARTICIPAÇÕES;1993-02-05;1992-09-16;;;ATIVO;1993-02-05;14109;Máquinas, Equipamentos, Veículos e Peças;BOLSA;Categoria A;2010-01-01;FASE OPERACIONAL;1993-02-05;PRIVADO;SEDE;Av. Abramo Randon, 770;;Interlagos;CAXIAS DO SUL;RS;BRASIL;95055010;54;32092000;54;32092566;ri@randoncorp.com;DIRETOR DE RELAÇÕES COM INVESTIDORES;Paulo Prignolato;2019-05-08;Av. Abramo Randon, 770;;Interlagos;CAXIAS DO SUL;RS;;95055010;54;32392000;;;ri@randoncorp.com;57.755.217/0001-29;KPMG AUDITORES INDEPENDENTES LTDA.
91.333.666/0001-17;RECRUSUL SA;RECRUSUL;1985-12-20;1954-05-31;;;ATIVO;1985-12-20;12572;Máquinas, Equipamentos, Veículos e Peças;BOLSA;Categoria A;2010-01-01;FASE OPERACIONAL;2008-12-22;PRIVADO;SEDE;Av. das Indústrias, 972;Não possui;Anchieta;PORTO ALEGRE;RS;BRASIL;90200290;51;39860200;;;ri.recrusul@gmail.com;DIRETOR DE RELAÇÕES COM INVESTIDORES;LUIZ ALCEMAR BAUMART;2020-05-01;Av. Luiz Pasteur, 1020;Não possui;Três Portos;SAPUCAIA DO SUL;RS;;93212360;51;39860200;;;ri.recrusul@gmail.com;21.106.824/0001-10;CARRARO & ASSOCIADOS AUDITORES INDEPENDENTES - SOCIEDADE SIMPLES
06.047.087/0001-39;REDE D'OR SÃO LUIZ S.A.;REDE D'OR SÃO LUIZ S.A.;2019-10-21;2011-10-31;;;ATIVO;2019-10-21;24821;Serviços Médicos;BOLSA;Categoria A;2020-12-08;FASE OPERACIONAL;2019-06-03;PRIVADO;SEDE;Rua Francisco Marengo, nº 1.312;;Tatuapé;SÃO PAULO;SP;BRASIL;3313000;21;32394700;21;32394700;otavio.lazcano@rededor.com.br;DIRETOR DE RELAÇÕES COM INVESTIDORES;OTÁVIO DE GARCIA LAZCANO;2019-04-02;Rua Voluntários da Pátria, 138;sobreloja;Botafogo;RIO DE JANEIRO;RJ;;22270010;21;32394700;;;otavio.lazcano@rededor.com.br;61.366.936/0001-25;ERNST & YOUNG AUDITORES INDEPENDENTES S/S LTDA.
61.584.140/0001-49;REDE ENERGIA PARTICIPAÇÕES S.A.;REDE ENERGIA PARTICIPAÇÕES S.A.;1969-10-16;1929-01-02;;;ATIVO;1969-10-16;3190;Energia Elétrica;BOLSA;Categoria A;2010-01-01;FASE OPERACIONAL;2017-04-28;PRIVADO;SEDE;Praça Rui Barbosa;nº 80;Centro;CATAGUASES;MG;BRASIL;36770901;32;34296226;32;34296317;ri@energisa.com.br;DIRETOR DE RELAÇÕES COM INVESTIDORES;Maurício Perez Botelho;2014-04-11;Praia de Botafogo, n.º 228/13º andar;Ed. Argentina;Botafogo;RIO DE JANEIRO;RJ;;22250906;21;21229521;;;ri@energisa.com.br;49.928.567/0001-11;DELOITTE TOUCHE TOHMATSU AUDITORES INDEPENDENTES LTDA.
33.412.081/0001-96;REFINARIA DE PETRÓLEOS DE MANGUINHOS S.A. - EM RECUPERAÇÃO JUDICIAL;REFINARIA DE PETRÓLEOS DE MANGUINHOS S.A;1970-05-14;1946-02-01;;;ATIVO;1970-05-14;9989;Petróleo e Gás;BOLSA;Categoria A;2010-01-01;EM RECUPERAÇÃO JUDICIAL OU EQUIVALENTE;2013-01-17;PRIVADO;SEDE;Avenida Brasil, 3.141;;Benfica;RIO DE JANEIRO;RJ;BRASIL;20930041;21;36135500;21;36135500;ri@refit.com.br;DIRETOR DE RELAÇÕES COM INVESTIDORES;Paulo Henrique Oliveira de Menezes;2020-05-18;Avenida Brasil, 3141;;Benfica;RIO DE JANEIRO;RJ;;20930041;21;36135530;;;ri@refit.com.br;04.310.873/0001-51;ANEND AUDITORES INDEPENDENTES
10.319.900/0001-50;REGENERA RIO S.A.;REGENERA RIO S.A.;2022-08-25;2008-08-08;;;ATIVO;2022-08-25;26921;Saneamento, Serv. Água e Gás;;Categoria B;2022-05-04;FASE OPERACIONAL;2022-05-04;PRIVADO;SEDE;Avenida Brigadeiro Faria Lima n° 1663;1 andar, sl01;Jardim Paulistano;SÃO PAULO;SP;BRASIL;1452001;11;38188150;;;dri@aegea.com.br;DIRETOR DE RELAÇÕES COM INVESTIDORES;André Pires de Oliveira Dias;2025-12-11;Avenida Brigadeiro Faria Lima, n° 1663;1 andar, sl 01;Jardim Paulistano;SÃO PAULO;SP;;1452001;11;38188150;;;dri@aegea.com.br;61.562.112/0001-20;PRICEWATERHOUSECOOPERS AUDITORES INDEPENDENTES LTDA.
08.534.605/0001-74;RENOVA ENERGIA S.A.;RENOVA ENERGIA S/A;2008-08-20;2006-12-06;;;ATIVO;2008-08-20;21636;Energia Elétrica;BOLSA;Categoria A;2010-03-19;FASE OPERACIONAL;2025-02-13;PRIVADO;SEDE;Avenida das Nações Unidas, nº 10.989;conjunto 82;Vila Olimpia;SÃO PAULO;SP;BRASIL;4578000;11;35091100;11;35091100;;DIRETOR DE RELAÇÕES COM INVESTIDORES;JOÃO ANTONIO RODRIGUES DA CUNHA;2025-12-01;AV. DAS NAÇÕES UNIDAS, 10989;CJ. 82;VILA OLÍMPIA;SÃO PAULO;SP;;4578000;11;35091100;0;0;ri@renovaenergia.com.br;16.549.480/0001-84;RSM BRASIL AUDITORES INDEPENDENTES LTDA.
52.810.883/0001-07;REVEE MCO S.A.;REVEE MCO S.A.;2024-07-18;2023-11-07;;;ATIVO;2024-07-18;27561;Emp. Adm. Part. - Intermediação Financeira;;Categoria A;2025-02-06;FASE PRÉ-OPERACIONAL;2024-04-08;PRIVADO HOLDING;SEDE;Avenida Brigadeiro Faria Lima, n. 2.369;Unidades 807 a 815;Jardim Paulistano;SÃO PAULO;SP;BRASIL;1452922;11;59904678;;;ri@revee.com.br;DIRETOR DE RELAÇÕES COM INVESTIDORES;Leonardo Falbo Donato;2026-01-07;Avenida Brigadeiro Faria Lima, 2.369;Unidades 807 a 815;Jardim Paulistano;SÃO PAULO;SP;;145292;11;35046888;;;ri@revee.com.br;54.080.721/0001-88;CLA - CLIFTON LARSON ALLEN BRASIL AUDITORES INDEPENDENTES S/S LTDA
52.841.191/0001-18;REVEE S.A.;REVEE S.A.;2024-09-25;2023-10-20;;;ATIVO;2024-09-25;27650;Emp. Adm. Part. - Brinquedos e Lazer;;Categoria A;2025-01-14;FASE PRÉ-OPERACIONAL;2024-06-13;PRIVADO;SEDE;Avenida Brigadeiro Faria Lima, nº 2092;Cj 132, 13º Andar;Jardim Paulistano;SÃO PAULO;SP;BRASIL;1451905;11;35046888;;;ri@revee.com.br;DIRETOR DE RELAÇÕES COM INVESTIDORES;Leonardo Falbo Donato;2025-12-30;Av. Brigadeiro Faria Lima 2092;cj 132, lado A;Jardim Paulistano;SÃO PAULO;SP;;1452905;11;35046888;;;ri@revee.com.br;54.080.721/0001-88;CLA - CLIFTON LARSON ALLEN BRASIL AUDITORES INDEPENDENTES S/S LTDA
02.016.440/0001-62;RGE SUL DISTRIBUIDORA DE ENERGIA S.A.;AES SUL DISTRIB. GAÚCHA DE ENERGIA S.A.;1997-10-13;1997-07-28;;;ATIVO;1997-10-13;16527;Energia Elétrica;;Categoria B;2010-01-01;FASE OPERACIONAL;1997-10-13;PRIVADO;SEDE;Avenida São Borja, nº 2.801;;Bairro Fazenda;SÃO LEOPOLDO;RS;BRASIL;93032525;19;37566083;;;ri@cpfl.com.br;DIRETOR DE RELAÇÕES COM INVESTIDORES;Kedi Wang;2025-05-15;Rua Jorge de Figueiredo Corrêa,1632;Parte;Jd. Prof° Tarcília;CAMPINAS;SP;;13087397;19;37568458;;;ri@cpfl.com.br;61.562.112/0001-20;PRICEWATERHOUSECOOPERS AUDITORES INDEPENDENTES LTDA.
38.199.406/0001-18;RIO ALTO ENERGIAS RENOVÁVEIS S.A. - EM RECUPERAÇÃO JUDICIAL;RIO ALTO ENERGIAS RENOVÁVEIS S.A.;2021-04-26;2020-08-05;;;ATIVO;2024-02-26;25720;Energia Elétrica;;Categoria A;2021-04-26;EM RECUPERAÇÃO EXTRAJUDICIAL;2025-07-14;PRIVADO;SEDE;Avenida Presidente Juscelino Kubitschek, nº 1.600;14º andar,cj.142;Vila Nova Conceição;SÃO PAULO;SP;BRASIL;4543000;011;35460900;;;;DIRETOR DE RELAÇÕES COM INVESTIDORES;Rafael Sanchez Brandão;2021-01-12;Rua Joaquim Floriano, 960, conjunto 91;9º andar;Itaim Bibi;SÃO PAULO;SP;;4534004;11;35460900;;;rafael@gruporioalto.com.br;54.276.936/0001-79;BDO RCS AUDITORES INDEPENDENTES - SOCIEDADE SIMPLES LIMITADA
23.096.269/0001-19;RIO PARANA ENERGIA S.A.;RIO PARANA ENERGIA S.A.;2021-03-02;2015-06-26;;;ATIVO;2021-03-02;25623;Energia Elétrica;;Categoria B;2021-03-02;FASE OPERACIONAL;2020-10-23;PRIVADO;SEDE;Rua Funchal, nº 418;4º andar - ETowers;Vila Olímpia;SÃO PAULO;SP;BRASIL;4551060;11;55013426;;;br_diretorri@ctgbr.com.br;DIRETOR DE RELAÇÕES COM INVESTIDORES;Rodrigo Egreja;2025-04-30;Rua Funchal, 418;3º andar;Vila Olímpia;SÃO PAULO;;;4551060;11;950343057;;;br_diretorri@ctgbr.com.br;49.928.567/0001-11;DELOITTE TOUCHE TOHMATSU AUDITORES INDEPENDENTES LTDA.
02.998.301/0001-81;RIO PARANAPANEMA ENERGIA SA;DUKE ENERGY INT,GERAÇÃO PARANAPANEMA SA;1999-07-14;1999-02-04;;;ATIVO;1999-07-14;18368;Energia Elétrica;BALCÃO ORGANIZADO;Categoria A;2010-01-01;FASE OPERACIONAL;1999-07-14;PRIVADO;SEDE;Rua Funchal, 418;2º andar;Vila Olimpia;SÃO PAULO;SP;BRASIL;4551060;11;55013426;11;55013573;br_diretorri@ctgbr.com.br;DIRETOR DE RELAÇÕES COM INVESTIDORES;SILVIO ALEXANDRE SCUCUGLIA DA SILVA;2022-07-19;Rua Funchal, 418;2º andar;Vila Olimpia;SÃO PAULO;SP;;4551060;11;56323200;;;br_diretorri@ctgbr.com.br;49.928.567/0001-11;DELOITTE TOUCHE TOHMATSU AUDITORES INDEPENDENTES LTDA.
02.998.301/0001-81;RIO PARANAPANEMA ENERGIA SA;DUKE ENERGY INT,GERAÇÃO PARANAPANEMA SA;1999-07-14;1999-02-04;;;ATIVO;1999-07-14;18368;Energia Elétrica;BOLSA;Categoria A;2010-01-01;FASE OPERACIONAL;1999-07-14;PRIVADO;SEDE;Rua Funchal, 418;2º andar;Vila Olimpia;SÃO PAULO;SP;BRASIL;4551060;11;55013426;11;55013573;br_diretorri@ctgbr.com.br;DIRETOR DE RELAÇÕES COM INVESTIDORES;SILVIO ALEXANDRE SCUCUGLIA DA SILVA;2022-07-19;Rua Funchal, 418;2º andar;Vila Olimpia;SÃO PAULO;SP;;4551060;11;56323200;;;br_diretorri@ctgbr.com.br;49.928.567/0001-11;DELOITTE TOUCHE TOHMATSU AUDITORES INDEPENDENTES LTDA.
42.292.007/0001-74;RIO+ SANEAMENTO BL 3 S.A.;;2023-03-28;2021-06-11;;;ATIVO;2023-03-28;27146;Saneamento, Serv. Água e Gás;;Categoria B;2022-12-23;FASE OPERACIONAL;2022-12-23;PRIVADO;SEDE;Rua Victor Civita, n° 66;bl. 1, sl. 201 e 202;Jacarepaguá;RIO DE JANEIRO;RJ;BRASIL;22775044;21;20784500;;;adm.riomais@riomaissaneamento.com.br;DIRETOR DE RELAÇÕES COM INVESTIDORES;Marilu dos Santos Silva Costa Neves;2024-11-04;Rua Victor Civita, n° 66, bl. 1, sl. 201 e 202;;Jacarepaguá;RIO DE JANEIRO;;;22775044;21;25214159;;;financeiro@riomaissaneamento.com.br;61.366.936/0001-25;ERNST & YOUNG AUDITORES INDEPENDENTES S/S LTDA.
67.010.660/0001-24;RNI NEGÓCIOS IMOBILIÁRIOS S.A.;RODOBENS NEGOCIOS IMOBILIARIOS SA;2007-01-18;1949-01-01;;;ATIVO;2007-01-18;20451;Construção Civil, Mat. Constr. e Decoração;BOLSA;Categoria B;2025-12-16;FASE OPERACIONAL;2007-01-18;PRIVADO;SEDE;Avenida Francisco das Chagas de Oliveira;2500;Higienópolis;SÃO JOSÉ DO RIO PRETO;SP;BRASIL;15085485;17;21371700;17;21371736;;DIRETOR DE RELAÇÕES COM INVESTIDORES;GUSTAVO FELIX DE MORAES;2025-01-06;Av. Francisco das Chagas de Oliveira;2.455;Higienópolis;SÃO JOSÉ DO RIO PRETO;;;15085485;17;21371700;;;henrique.ravazzi@rni.com.br;57.755.217/0001-29;KPMG AUDITORES INDEPENDENTES LTDA.
59.981.829/0001-65;RODOBENS S.A.;RODOBENS S.A.;2021-05-06;1979-11-19;;;ATIVO;2021-05-06;25801;Máquinas, Equipamentos, Veículos e Peças;;Categoria A;2021-05-06;FASE OPERACIONAL;1979-11-19;PRIVADO HOLDING;SEDE;Avenida Murchid Homsi, nº 1.404;Bloco A, 3º andar;Vila Diniz;SÃO JOSÉ DO RIO PRETO;SP;BRASIL;15013000;17;31227800;;;ri@rodobens.com.br;DIRETOR DE RELAÇÕES COM INVESTIDORES;Fernando Marcelo Calado de Andrade;2025-04-01;Avenida Murchid Homsi, nº 1404;Bloco A, 3º andar;Vila Diniz;SÃO JOSÉ DO RIO PRETO;SP;;15013000;17;21363666;;;ri@rodobens.com.br;57.755.217/0001-29;KPMG AUDITORES INDEPENDENTES LTDA.
03.025.305/0001-46;RODOVIAS DAS COLINAS S.A.;;2013-04-25;1999-03-02;;;ATIVO;2013-04-25;23167;Serviços Transporte e Logística;BALCÃO ORGANIZADO;Categoria B;2013-04-25;FASE OPERACIONAL;2013-02-05;PRIVADO;SEDE;Rodovia Marechal Rondon, km 112, Marginal Oeste, sem número;;Jardim Oliveira;SÃO PAULO;SP;BRASIL;13312000;11;30775300;11;35089601;financas@viaappia.com.br;DIRETOR DE RELAÇÕES COM INVESTIDORES;BERNARDO MONTEIRO LOBATO ZERKOWSKI FIGUEIREDO;2024-05-27;Avenida Brigadeiro Faria Lima, 3311;11º andar;Itaim Bibi;SÃO PAULO;;;4538133;11;998815179;;;faleconosco@viaappia.com.br;57.755.217/0001-29;KPMG AUDITORES INDEPENDENTES LTDA.
41.508.382/0001-46;RODOVIAS DO BRASIL HOLDING S.A.;RODOVIAS DO BRASIL HOLDING S.A.;2021-11-12;2021-02-26;;;ATIVO;2021-11-12;26352;Emp. Adm. Part. - Serviços Transporte e Logística;;Categoria B;2021-11-12;FASE OPERACIONAL;2021-08-30;PRIVADO HOLDING;SEDE;Avenida Afrânio de Melo Franco nº 290;sala 401-A;LEBLON;RIO DE JANEIRO;RJ;BRASIL;22430060;11;992361827;11;992361827;andre.y@rdbholding.com.br;DIRETOR DE RELAÇÕES COM INVESTIDORES;André de Paula Yusiasu;2022-04-15;Avenida Afrânio de Melo Franco n° 290;sala 401-A;LEBLON;RIO DE JANEIRO;RJ;;22430060;11;992361827;;;andre.y@rdbholding.com.br;57.755.217/0001-29;KPMG AUDITORES INDEPENDENTES LTDA.
56.720.428/0001-63;ROMI S.A.;ROMI S.A.;1938-04-19;1938-04-19;;;ATIVO;1938-04-19;7510;Máquinas, Equipamentos, Veículos e Peças;BOLSA;Categoria A;2010-01-01;FASE OPERACIONAL;1938-04-19;PRIVADO;SEDE;Rodovia Luís de Queiroz (SP 304), s/n;KM 141,5;Dist. Industrial Sul;SANTA BÁRBARA D'OESTE;SP;BRASIL;13459057;19;34559418;19;34559990;;DIRETOR DE RELAÇÕES COM INVESTIDORES;Fábio Barbanti Taiar;2012-03-13;Rodovia Luís de Queiroz (SP 304), s/n;KM 141,5;Dist. Industrial Sul;;SP;;13459057;19;34559418;;;dri@romi.com;61.562.112/0001-20;PRICEWATERHOUSECOOPERS AUDITORES INDEPENDENTES LTDA.
33.572.408/0001-97;RUMO MALHA CENTRAL S.A.;RUMO MALHA CENTRAL S.A.;2021-12-17;2019-05-09;;;ATIVO;2021-12-17;26484;Serviços Transporte e Logística;;Categoria B;2021-12-17;FASE OPERACIONAL;2021-10-05;PRIVADO;SEDE;Avenida Brigadeiro Faria Lima, nº 4100;Conj. 32, Sala 06;Itaim Bibi;SÃO PAULO;SP;BRASIL;4538132;41;21417555;41;33656566;ir@rumolog.com;DIRETOR DE RELAÇÕES COM INVESTIDORES;Guilherme Lelis Bernardo Machado;2024-11-13;Avenida Brigadeiro Faria Lima 4100;;Itaim Bibi;SÃO PAULO;;;453813;41;21417555;;;ir@rumolog.com;61.562.112/0001-20;PRICEWATERHOUSECOOPERS AUDITORES INDEPENDENTES LTDA.
24.962.466/0001-36;RUMO MALHA NORTE S.A.;ALL - AMÉRICA LATINA LOGÍSTICA MALHA NORTE S.A.;1995-12-27;1988-09-22;;;ATIVO;1995-12-27;15300;Serviços Transporte e Logística;;Categoria B;2026-05-13;FASE OPERACIONAL;2001-03-31;PRIVADO;SEDE;Área Rural Rua B, nº 1008;Parque Industrial;Área Rural de Rondo;RONDONÓPOLIS;MT;BRASIL;78750899;41;21417555;41;21417459;ir@rumolog.com;DIRETOR DE RELAÇÕES COM INVESTIDORES;Guilherme Lelis Bernardo Machado;2024-11-13;Avenida Brigadeiro Faria Lima 4.100;;Itaim Bibi;SÃO PAULO;;;453813;41;21417555;;;ir@rumolog.com;61.562.112/0001-20;PRICEWATERHOUSECOOPERS AUDITORES INDEPENDENTES LTDA.
39.115.514/0001-28;RUMO MALHA OESTE S.A.;ALL - AMÉRICA LATINA LOGÍSTICA MALHA OESTE S.A.;1998-10-20;1990-08-28;;;ATIVO;1998-10-20;17850;Serviços Transporte e Logística;;Categoria B;2010-01-01;FASE OPERACIONAL;1998-10-20;PRIVADO;SEDE;Av. Brigadeiro Faria Lima, 4.100,;3º Andar, Sala 02;Itaim Bibi;SÃO PAULO;SP;BRASIL;4538132;41;21417555;41;33656566;ir@rumolog.com;DIRETOR DE RELAÇÕES COM INVESTIDORES;Guilherme Lelis Bernardo Machado;2024-11-13;Avenida Brigadeiro Faria Lima 4.100;;Itaim Bibi;SÃO PAULO;;;453813;41;21417555;;;ir@rumolog.com;61.562.112/0001-20;PRICEWATERHOUSECOOPERS AUDITORES INDEPENDENTES LTDA.
02.502.844/0001-66;RUMO MALHA PAULISTA S.A.;ALL - AMÉRICA LATINA LOGÍSTICA MALHA PAULISTA S.A.;1998-11-12;1998-04-01;;;ATIVO;1998-11-12;17930;Serviços Transporte e Logística;;Categoria B;2010-01-01;FASE OPERACIONAL;2000-12-31;PRIVADO;SEDE;Av. Brigadeiro Faria Lima, 4.100,;3º Andar, sala 03;Itaim Bibi;SÃO PAULO;SP;BRASIL;4538132;41;21417555;41;33656566;ir@rumolog.com;DIRETOR DE RELAÇÕES COM INVESTIDORES;Guilherme Lelis Bernardo Machado;2024-11-13;Avenida Brigadeiro Faria Lima 4.100;;Itaim Bibi;SÃO PAULO;;;453813;41;21417555;;;ir@rumolog.com;61.562.112/0001-20;PRICEWATERHOUSECOOPERS AUDITORES INDEPENDENTES LTDA.
01.258.944/0001-26;RUMO MALHA SUL S.A.;ALL - AMÉRICA LATINA LOGÍSTICA MALHA SUL S.A.;1996-08-29;1996-04-30;;;ATIVO;1996-08-29;15709;Serviços Transporte e Logística;;Categoria B;2010-01-01;FASE OPERACIONAL;1996-08-29;PRIVADO;SEDE;Rua Emílio Bertolini;100;Cajuru;CURITIBA;PR;BRASIL;82920030;41;21417555;41;21416566;ir@rumolog.com;DIRETOR DE RELAÇÕES COM INVESTIDORES;Gustavo Marder da Rosa;2025-01-01;Emilio Bertolini, 100;;Cajuru;CURITIBA;;;82920030;41;21417555;;;ir@rumolog.com;61.562.112/0001-20;PRICEWATERHOUSECOOPERS AUDITORES INDEPENDENTES LTDA.
02.387.241/0001-60;RUMO S.A.;ALL - AMÉRICA LATINA LOGÍSTICA S.A.;1998-07-02;1997-09-30;;;ATIVO;1998-07-02;17450;Emp. Adm. Part. - Serviços Transporte e Logística;BALCÃO ORGANIZADO;Categoria A;2010-01-01;FASE OPERACIONAL;2001-03-31;PRIVADO HOLDING;SEDE;Avenida Brigadeiro Faria Lima;4100;Itaim Bibi;SÃO PAULO;SP;BRASIL;4538132;41;21417555;41;33656566;ir@rumolog.com;DIRETOR DE RELAÇÕES COM INVESTIDORES;Guilherme Lelis Bernardo Machado;2024-11-14;Avenida Brigadeiro Faria Lima,4100;;Itaim Bibi;SÃO PAULO;SP;;4538132;41;21417555;;;ir@rumolog.com;61.562.112/0001-20;PRICEWATERHOUSECOOPERS AUDITORES INDEPENDENTES LTDA.
02.387.241/0001-60;RUMO S.A.;ALL - AMÉRICA LATINA LOGÍSTICA S.A.;1998-07-02;1997-09-30;;;ATIVO;1998-07-02;17450;Emp. Adm. Part. - Serviços Transporte e Logística;BOLSA;Categoria A;2010-01-01;FASE OPERACIONAL;2001-03-31;PRIVADO HOLDING;SEDE;Avenida Brigadeiro Faria Lima;4100;Itaim Bibi;SÃO PAULO;SP;BRASIL;4538132;41;21417555;41;33656566;ir@rumolog.com;DIRETOR DE RELAÇÕES COM INVESTIDORES;Guilherme Lelis Bernardo Machado;2024-11-14;Avenida Brigadeiro Faria Lima,4100;;Itaim Bibi;SÃO PAULO;SP;;4538132;41;21417555;;;ir@rumolog.com;61.562.112/0001-20;PRICEWATERHOUSECOOPERS AUDITORES INDEPENDENTES LTDA.
01.616.929/0001-02;SANEAMENTO DE GOIAS SA;SANEAGO;2001-12-11;1967-09-13;;;ATIVO;2012-10-16;19186;Saneamento, Serv. Água e Gás;;Categoria B;2010-01-01;FASE OPERACIONAL;2001-12-11;ESTATAL;SEDE;Av. Fued José Sebba, nº 1245;Ed. Sede;Jardim Goiás;GOIÂNIA;GO;BRASIL;74805100;62;32433112;62;32433552;ri@saneago.com.br;DIRETOR DE RELAÇÕES COM INVESTIDORES;Diego Augusto Ribeiro Silva;2023-02-01;Av. Fued José Sebba, nº 1245;Ed. Sede;Jardim Goiás;GOIÂNIA;GO;;74805100;62;32433663;;;ri@saneago.com.br;07.326.840/0001-98;FORVIS MAZARS AUDITORES INDEPENDENTES - SOCIEDADE SIMPLES LTDA.
14.807.945/0001-24;SANSUY SA INDÚSTRIA  DE PLASTICOS;SANSUY S.A. INDÚSTRIA DE PLÁSTICOS;1986-05-06;1979-09-10;;;ATIVO;1986-05-06;12696;Petroquímicos e Borracha;BOLSA;Categoria A;2010-01-01;FASE OPERACIONAL;2022-08-10;PRIVADO;SEDE;Rua dos Plásticos, 761;;Àrea Indl. Leste;CAMAÇARI;BA;BRASIL;42816230;71;34939900;71;36346244;sansuy@sansuy.com.br;DIRETOR DE RELAÇÕES COM INVESTIDORES;TOSHIO NAKABAYASHI;2018-11-05;Rodovia Regis Bittencourt, 4981;KM 280;Gramado;EMBU DAS ARTES;;;6830900;11;21392550;;;investidores@sansuy.com.br;65.082.513/0001-34;OPINION AUDITORES INDEPENDENTES EPP
00.897.864/0001-58;SANTA CATARINA PART INVEST SA;INVESC;1995-12-13;1995-10-30;;;ATIVO;1995-12-13;15199;Emp. Adm. Part. - Intermediação Financeira;;Categoria B;2010-01-01;FASE OPERACIONAL;1995-12-13;ESTATAL;SEDE;Rodovia SC 401, km 5 , nº 4600,;Bloco 3, Atico;Saco Grande II;FLORIANÓPOLIS;SC;BRASIL;88032000;48;36652794;48;36652794;invesc@sefaz.sc.gov.br;DIRETOR DE RELAÇÕES COM INVESTIDORES;André Luiz Von Knoblauch;2023-01-28;Travessa Hercílio José Correia, 110, apto. 401, Serraria, Sã;;Serraria;SÃO JOSÉ;SC;;88115355;48;30917900;;;aknoblauch@sef.sc.gov.br;07.791.963/0001-08;STAFF AUDITORIA & ASSESSORIA
09.391.823/0001-60;SANTO ANTONIO ENERGIA S.A.;;2014-04-28;2008-01-17;;;ATIVO;2014-04-28;23388;Energia Elétrica;BALCÃO NÃO ORGANIZADO;Categoria B;2014-04-28;FASE OPERACIONAL;2014-02-06;PRIVADO;SEDE;Rua Quitanda, 196;Loja A;Centro;RIO DE JANEIRO;RJ;BRASIL;20091005;11;37022250;11;37022288;sae-risae@eletrobras.com;DIRETOR DE RELAÇÕES COM INVESTIDORES;Caio Pompeu de Souza Brasil Neto;2023-10-01;Avenida Doutor Cardoso de Melo, nº. 1.184;4º andar;Vila Olímpia;SÃO PAULO;SP;;4548004;11;37022250;;;sae-risae@eletrobras.com;61.562.112/0001-20;PRICEWATERHOUSECOOPERS AUDITORES INDEPENDENTES LTDA.
02.762.121/0001-04;SANTOS BRASIL PARTICIPAÇÕES S.A.;SANTOS BRASIL PARTICIPAÇÕES S.A.;1998-11-09;1998-08-25;;;ATIVO;1998-11-09;17892;Emp. Adm. Part. - Serviços Transporte e Logística;BALCÃO ORGANIZADO;Categoria B;2025-10-03;FASE OPERACIONAL;2007-10-24;ESTATAL HOLDING;SEDE;Rua Joaquim Floriano, 413 - 10º andar;cj 101 e 102;Itaim Bibi;SÃO PAULO;SP;BRASIL;4534011;11;32793279;11;32793242;dri@santosbrasil.com.br;DIRETOR DE RELAÇÕES COM INVESTIDORES;DANIEL PEDREIRA DOREA;2016-10-26;Rua Joaquim Floriano, 413 - 10º andar;cj 101 e 102;Itaim Bibi;SÃO PAULO;SP;;4534011;11;32793279;;;dri@santosbrasil.com.br;20.840.718/0001-01;TATICCA AUDITORES INDEPENDENTES S.S. - EPP
02.762.121/0001-04;SANTOS BRASIL PARTICIPAÇÕES S.A.;SANTOS BRASIL PARTICIPAÇÕES S.A.;1998-11-09;1998-08-25;;;ATIVO;1998-11-09;17892;Emp. Adm. Part. - Serviços Transporte e Logística;BOLSA;Categoria B;2025-10-03;FASE OPERACIONAL;2007-10-24;ESTATAL HOLDING;SEDE;Rua Joaquim Floriano, 413 - 10º andar;cj 101 e 102;Itaim Bibi;SÃO PAULO;SP;BRASIL;4534011;11;32793279;11;32793242;dri@santosbrasil.com.br;DIRETOR DE RELAÇÕES COM INVESTIDORES;DANIEL PEDREIRA DOREA;2016-10-26;Rua Joaquim Floriano, 413 - 10º andar;cj 101 e 102;Itaim Bibi;SÃO PAULO;SP;;4534011;11;32793279;;;dri@santosbrasil.com.br;20.840.718/0001-01;TATICCA AUDITORES INDEPENDENTES S.S. - EPP
29.780.061/0001-09;SAO CARLOS EMPREEND E PARTICIPACOES S.A.;SÃO CARLOS EMPREEND.E PARTICIPAÇÕES S.A.;1991-03-25;1985-10-10;;;ATIVO;1991-03-25;13781;Emp. Adm. Part. - Sem Setor Principal;BALCÃO NÃO ORGANIZADO;Categoria A;2010-01-01;FASE OPERACIONAL;1991-03-25;PRIVADO;SEDE;Rua Dr. Eduardo de Souza Aranha, 153;12o andar;Vila Nova Conceição;SÃO PAULO;SP;BRASIL;4543904;11;30485419;11;30485420;ri@scsa.com.br;DIRETOR DE RELAÇÕES COM INVESTIDORES;Gustavo Machado Mascarenhas;2023-01-03;R. Dr. Eduardo Souza Aranha , 153;12 ° andar;Vila Nova Conceição;SÃO PAULO;;;4543904;11;30485413;;;ri@scsa.com.br;61.366.936/0001-25;ERNST & YOUNG AUDITORES INDEPENDENTES S/S LTDA.
29.780.061/0001-09;SAO CARLOS EMPREEND E PARTICIPACOES S.A.;SÃO CARLOS EMPREEND.E PARTICIPAÇÕES S.A.;1991-03-25;1985-10-10;;;ATIVO;1991-03-25;13781;Emp. Adm. Part. - Sem Setor Principal;BOLSA;Categoria A;2010-01-01;FASE OPERACIONAL;1991-03-25;PRIVADO;SEDE;Rua Dr. Eduardo de Souza Aranha, 153;12o andar;Vila Nova Conceição;SÃO PAULO;SP;BRASIL;4543904;11;30485419;11;30485420;ri@scsa.com.br;DIRETOR DE RELAÇÕES COM INVESTIDORES;Gustavo Machado Mascarenhas;2023-01-03;R. Dr. Eduardo Souza Aranha , 153;12 ° andar;Vila Nova Conceição;SÃO PAULO;;;4543904;11;30485413;;;ri@scsa.com.br;61.366.936/0001-25;ERNST & YOUNG AUDITORES INDEPENDENTES S/S LTDA.
51.466.860/0001-56;SÃO MARTINHO SA;SÃO MARTINHO SA;2007-02-07;1937-07-14;;;ATIVO;2007-02-07;20516;Agricultura (Açúcar, Álcool e Cana);BOLSA;Categoria A;2010-01-01;FASE OPERACIONAL;2007-02-07;PRIVADO;SEDE;FAZENDA SÃO MARTINHO, S/NR.;;ZONA RURAL;PRADÓPOLIS;SP;BRASIL;14853899;016;39819000;16;39819030;ri@saomartinho.com.br;DIRETOR DE RELAÇÕES COM INVESTIDORES;Felipe Vicchiato;2014-07-31;RUA GERALDO FLAUSINO GOMES, 61;13º ANDAR;CIDADE MONÇÕES;SÃO PAULO;SP;;4575060;11;21054100;;;ri@saomartinho.com.br;57.755.217/0001-29;KPMG AUDITORES INDEPENDENTES LTDA.
62.002.886/0001-60;SÃO PAULO TURISMO S.A.;SÃO PAULO TURISMO S. A.;1977-10-20;1968-02-05;;;ATIVO;1977-10-20;9415;Emp. Adm. Part. - Hospedagem e Turismo;BOLSA;Categoria A;2010-01-01;FASE OPERACIONAL;1977-10-20;ESTATAL;SEDE;Rua Boa Vista, 280;10º andar;Centro Histórico;SÃO PAULO;SP;BRASIL;1014908;11;22260572;11;22260003;marcelo@spturis.com;DIRETOR DE RELAÇÕES COM INVESTIDORES;FERNANDO CESAR LORENCINI;2026-05-13;RUA BOA VISTA 280;10º andar;CENTRO HISTÓRICO;SÃO PAULO;SP;;104908;11;22260572;;;fernando.lorencini@spturis.com;03.566.241/0001-90;TBRT AUDITORES INDEPENDENTES SOCIEDADE SIMPLES
60.500.139/0001-26;SARAIVA LIVREIROS S.A. - FALIDA;EDITORA SARAIVA;1977-07-20;1947-12-08;;;ATIVO;1977-07-20;10472;Comércio (Atacado e Varejo);BOLSA;Categoria A;2010-01-01;FALIDA;2023-10-06;PRIVADO;SEDE;Rua Quirino dos Santos, 410;;Várzea Barra Funda;SÃO PAULO;SP;BRASIL;1141020;11;36133542;11;36133062;falecomri@saraiva.com.br;DIRETOR DE RELAÇÕES COM INVESTIDORES;RV3 Consultores Ltda.;2023-10-06;Alameda Santos, 2335;cj 132;Cerqueira Cesar;SÃO PAULO;;;1419101;11;38978499;;;rv3consultores@gmail.com;16.549.480/0001-84;RSM BRASIL AUDITORES INDEPENDENTES LTDA.
06.347.409/0001-65;SBF COMÉRCIO DE PRODUTOS ESPORTIVOS S.A.;SBF COMÉRCIO DE PRODUTOS ESPORTIVOS S.A.;2021-01-06;2004-06-23;;;ATIVO;2021-01-06;25410;Comércio (Atacado e Varejo);BALCÃO ORGANIZADO;Categoria B;2021-01-06;FASE OPERACIONAL;2020-09-23;PRIVADO HOLDING;SEDE;Rua Hugo D'Antola;200;Lapa;SÃO PAULO;SP;BRASIL;5038090;11;25885000;;;ri@centauro.com.br;DIRETOR DE RELAÇÕES COM INVESTIDORES;José Luís Magalhães Salazar;2020-06-18;Rua Hugo D'Antola;200;Lapa;SÃO PAULO;SP;;5038090;11;21103802;;;ri@centauro.com.br;61.562.112/0001-20;PRICEWATERHOUSECOOPERS AUDITORES INDEPENDENTES LTDA.
84.693.183/0001-68;SCHULZ SA;SCHULZ;1994-12-19;1963-06-12;;;ATIVO;1994-12-19;14664;Metalurgia e Siderurgia;BOLSA;Categoria A;2010-01-01;FASE OPERACIONAL;1994-12-19;PRIVADO;SEDE;Rua: Dona Francisca, 6901;.;Distrito Industrial;JOINVILLE;SC;BRASIL;89219600;47;34516000;47;34516058;ri.schulz@schulz.com.br;DIRETOR DE RELAÇÕES COM INVESTIDORES;OVANDI ROSENSTOCK;1994-12-19;Rua: Dona Francisca, 6901;.;Distrito Industrial;JOINVILLE;SC;BRASIL;89219600;47;34516000;;;ri.schulz@schulz.com.br;79.370.466/0001-39;MARTINELLI AUDITORES
07.119.838/0001-48;SECME - COMPANHIA SECURITIZADORA DE CRÉDITOS IMOBILIÁRIOS;SECME - COMPANHIA SECURITIZADORA DE CRÉDITOS IMOBILIÁRIOS;2005-05-02;2004-09-14;;;ATIVO;2005-05-02;19720;Securitização de Recebíveis;BALCÃO NÃO ORGANIZADO;Categoria B;2010-01-01;FASE OPERACIONAL;2005-05-02;PRIVADO;SEDE;Rua das Olimpíadas , 242;7º andar;VIla Olímpia;SÃO PAULO;SP;BRASIL;4551000;11;31649485;11;45023225;estruturadas@cashme.com.br;DIRETOR DE RELAÇÕES COM INVESTIDORES;Isaac Jonatans Kich Hartmann;2022-12-14;Rua das Olimpíadas, 242;4º andar;Vila Olímpia;SÃO PAULO;;;4551000;11;31649485;;;estruturadas@cashme.com.br;18.596.945/0001-83;BAKER TILLY 4PARTNERS AUDITORES INDEPENDENTES LTDA.
07.119.838/0001-48;SECME - COMPANHIA SECURITIZADORA DE CRÉDITOS IMOBILIÁRIOS;SECME - COMPANHIA SECURITIZADORA DE CRÉDITOS IMOBILIÁRIOS;2005-05-02;2004-09-14;;;ATIVO;2005-05-02;19720;Securitização de Recebíveis;BOLSA;Categoria B;2010-01-01;FASE OPERACIONAL;2005-05-02;PRIVADO;SEDE;Rua das Olimpíadas , 242;7º andar;VIla Olímpia;SÃO PAULO;SP;BRASIL;4551000;11;31649485;11;45023225;estruturadas@cashme.com.br;DIRETOR DE RELAÇÕES COM INVESTIDORES;Isaac Jonatans Kich Hartmann;2022-12-14;Rua das Olimpíadas, 242;4º andar;Vila Olímpia;SÃO PAULO;;;4551000;11;31649485;;;estruturadas@cashme.com.br;18.596.945/0001-83;BAKER TILLY 4PARTNERS AUDITORES INDEPENDENTES LTDA.
87.043.832/0001-73;SEIVA S.A. - FLORESTAS E INDÚSTRIAS;SEIVA S.A. - FLORESTAS E INDÚSTRIAS;1981-12-11;1971-12-29;;;ATIVO;1981-12-11;10561;Reflorestamento;;Categoria A;2010-01-01;FASE OPERACIONAL;1981-12-11;PRIVADO;SEDE;Avenida Doutora Ruth Cardoso, 8501;8º andar;Pinheiros;SÃO PAULO;SP;BRASIL;5425070;11;30946300;51;33232281;inform@gerdau.com.br;DIRETOR DE RELAÇÕES COM INVESTIDORES;Rafael Dorneles Japur;2022-01-03;Avenida Doutora Ruth Cardoso nº 8501;8º andar;Pinheiros;SÃO PAULO;SP;;5425070;11;30946300;;;inform@gerdau.com.br;61.562.112/0001-20;PRICEWATERHOUSECOOPERS AUDITORES INDEPENDENTES LTDA.
06.057.223/0001-71;SENDAS DISTRIBUIDORA S.A.;SENDAS DISTRIBUIDORA S.A.;2020-12-11;2003-12-18;;;ATIVO;2020-12-11;25372;Comércio (Atacado e Varejo);BOLSA;Categoria A;2020-12-11;FASE OPERACIONAL;2020-10-07;PRIVADO HOLDING;SEDE;Av. Aricanduva, 5.555;Anexo Âncora E;Vila Aricanduva;SÃO PAULO;SP;BRASIL;3527904;11;34115042;;;ri@assai.com.br;DIRETOR DE RELAÇÕES COM INVESTIDORES;Belmiro de Figueiredo Gomes;2025-04-15;Avenida Aricanduva, 5.555;;Jardim Marília;SÃO PAULO;SP;;3523020;11;34115042;;;ri.assai@assai.com.br;49.928.567/0001-11;DELOITTE TOUCHE TOHMATSU AUDITORES INDEPENDENTES LTDA.
80.680.093/0001-81;SENIOR SISTEMAS S.A.;SENIOR SISTEMAS S.A.;2022-05-12;1988-05-24;;;ATIVO;2022-05-12;26786;Comunicação e Informática;;Categoria A;2022-01-01;FASE OPERACIONAL;2022-01-01;PRIVADO;SEDE;Rua São Paulo, n° 825;;Victor Konder;BLUMENAU;SC;BRASIL;89012001;47;30395013;;;ri@senior.com.br;DIRETOR DE RELAÇÕES COM INVESTIDORES;Carlos Valle;2026-01-05;Rua São Paulo, nº 825;;Victor Konder;BLUMENAU;SC;;89012001;47;30395013;;;ri@senior.com.br;57.755.217/0001-29;KPMG AUDITORES INDEPENDENTES LTDA.
01.599.101/0001-93;SEQUOIA LOGÍSTICA E TRANSPORTES S.A.;;2020-10-05;1996-12-05;;;ATIVO;2020-10-05;25160;Serviços Transporte e Logística;BOLSA;Categoria A;2020-10-05;FASE OPERACIONAL;2025-06-04;PRIVADO;SEDE;Alameda Rio Negro, 500;6º Andar, Sala 601;Alphaville;BARUERI;SP;BRASIL;6454000;11;43918800;;;ri@sequoialog.com.br;DIRETOR DE RELAÇÕES COM INVESTIDORES;Leopoldo de Bruggen e Silva;2024-05-29;Alameda Rio Negro,500;Bloco A;Alphaville Industria;BARUERI;;;6454000;11;43918800;;;ri@sequoialog.com.br;54.276.936/0001-79;BDO RCS AUDITORES INDEPENDENTES - SOCIEDADE SIMPLES LIMITADA
04.986.320/0001-13;SER EDUCACIONAL S.A.;;2013-10-18;2002-03-19;;;ATIVO;2013-10-18;23221;Educação;BOLSA;Categoria A;2013-10-18;FASE OPERACIONAL;2013-08-27;PRIVADO;SEDE;Rua Dr. Osvaldo Lima, nº 133;Edf. Garagem S/N;Derby;RECIFE;PE;BRASIL;52010180;11;27693223;;;ri@sereducacional.com;DIRETOR DE RELAÇÕES COM INVESTIDORES;Rodrigo de Macedo Alves;2015-02-09;Av. Doutor Chucri Zaidan, 80;3º andar - bl C;Vila Cordeiro;SÃO PAULO;PE;;4583110;11;970932225;;;ri@sereducacional.com;61.562.112/0001-20;PRICEWATERHOUSECOOPERS AUDITORES INDEPENDENTES LTDA.
42.500.384/0001-51;SERENA ENERGIA S.A.;SERENA ENERGIA S.A.;2021-12-01;2021-06-28;;;ATIVO;2021-12-01;26441;Emp. Adm. Part. - Energia Elétrica;;Categoria B;2025-11-13;FASE OPERACIONAL;2021-09-25;PRIVADO;SEDE;Av. Presidente Juscelino Kubitschek, nº 1830;1º andar, Bloco 1/2;Vila Nova Conceição;SÃO PAULO;SP;BRASIL;4543900;11;32549810;;;;DIRETOR DE RELAÇÕES COM INVESTIDORES;Andrea Sztajn;2024-09-02;Av. Presidente Juscelino Kubitschek, nº 1830;1º andar, Bloco 1/2;Vila Nova Conceição;SÃO PAULO;;;4543900;11;32549810;;;ri@srna.co;61.562.112/0001-20;PRICEWATERHOUSECOOPERS AUDITORES INDEPENDENTES LTDA.
09.149.503/0001-06;SERENA GERAÇÃO S.A.;SERENA GERAÇÃO S.A.;2014-07-07;2007-09-26;;;ATIVO;2014-07-07;23426;Emp. Adm. Part. - Energia Elétrica;BOLSA;Categoria B;2022-01-19;FASE OPERACIONAL;2014-02-19;PRIVADO;SEDE;Av. Presidente Juscelino Kubitschek, nº 1830;1º andar, Bloco 1/2;Vila Nova Conceição;SÃO PAULO;SP;BRASIL;4543900;31;25133500;31;25133533;ri@srna.co;DIRETOR DE RELAÇÕES COM INVESTIDORES;Andrea Sztajn;2019-01-31;Av. Presidente Juscelino Kubitschek, nº 1830;1º andar, Bloco 1/2;Vila Nova Conceição;SÃO PAULO;SP;;4543900;11;32549810;;;ri@srna.co;61.562.112/0001-20;PRICEWATERHOUSECOOPERS AUDITORES INDEPENDENTES LTDA.
07.415.333/0001-20;SIMPAR S.A.;SIMPAR S.A.;2020-07-29;2005-06-03;;;ATIVO;2020-07-29;25003;Serviços Transporte e Logística;BOLSA;Categoria A;2020-07-31;FASE OPERACIONAL;2020-04-28;PRIVADO;SEDE;Rua Doutor Renato Paes de Barros, 1017;10º andar, cj. 101;Itaim Bibi;SÃO PAULO;SP;BRASIL;4530001;11;23777043;;;ri@simpar.com.br;DIRETOR DE RELAÇÕES COM INVESTIDORES;DENYS MARC FERREZ;2020-08-06;Rua Doutor Renato Paes de Barros, n° 1.017;10 andar;Itaim Bbi;SÃO PAULO;SP;;4530001;11;23777043;;;ri@simpar.com.br;61.562.112/0001-20;PRICEWATERHOUSECOOPERS AUDITORES INDEPENDENTES LTDA.
89.096.457/0001-55;SLC AGRICOLA SA;SLC AGRICOLA SA;2007-06-12;1977-07-21;;;ATIVO;2007-06-12;20745;Agricultura (Açúcar, Álcool e Cana);BOLSA;Categoria A;2010-01-01;FASE OPERACIONAL;2007-06-12;PRIVADO;SEDE;Av. Nilo Peçanha, 2.900;sala 301;Jardim Europa;PORTO ALEGRE;RS;BRASIL;91360480;51;32307799;51;32307750;ri@slcagricola.com.br;DIRETOR DE RELAÇÕES COM INVESTIDORES;IVO MARCON BRUM;2010-02-19;Av. Nilo Peçanha, 2900;sala 301;Jardim Europa;PORTO ALEGRE;RS;;91360480;51;32307799;;;ri@slcagricola.com.br;61.366.936/0001-25;ERNST & YOUNG AUDITORES INDEPENDENTES S/S LTDA.
07.594.978/0001-78;SMARTFIT ESCOLA DE GINÁSTICA E DANÇA S.A.;SMARTFIT ESCOLA DE GINÁSTICA E DANÇA S.A.;2017-10-20;2005-07-19;;;ATIVO;2017-10-20;24260;Brinquedos e Lazer;BALCÃO ORGANIZADO;Categoria A;2018-02-09;FASE OPERACIONAL;2017-08-15;PRIVADO;SEDE;Avenida Paulista, nº 1.294;2º andar;Bela Vista;SÃO PAULO;SP;BRASIL;1310100;11;33650800;0;0;ri@smartfit.com;DIRETOR DE RELAÇÕES COM INVESTIDORES;José Luís Rizzardo Pereira;2024-04-25;Avenida Paulista, nº 1.294;2º andar;Bela Vista;SÃO PAULO;;;1310100;11;38789701;;;ri@smartfit.com;61.366.936/0001-25;ERNST & YOUNG AUDITORES INDEPENDENTES S/S LTDA.
07.594.978/0001-78;SMARTFIT ESCOLA DE GINÁSTICA E DANÇA S.A.;SMARTFIT ESCOLA DE GINÁSTICA E DANÇA S.A.;2017-10-20;2005-07-19;;;ATIVO;2017-10-20;24260;Brinquedos e Lazer;BOLSA;Categoria A;2018-02-09;FASE OPERACIONAL;2017-08-15;PRIVADO;SEDE;Avenida Paulista, nº 1.294;2º andar;Bela Vista;SÃO PAULO;SP;BRASIL;1310100;11;33650800;0;0;ri@smartfit.com;DIRETOR DE RELAÇÕES COM INVESTIDORES;José Luís Rizzardo Pereira;2024-04-25;Avenida Paulista, nº 1.294;2º andar;Bela Vista;SÃO PAULO;;;1310100;11;38789701;;;ri@smartfit.com;61.366.936/0001-25;ERNST & YOUNG AUDITORES INDEPENDENTES S/S LTDA.
73.903.718/0001-61;SNB PARTICIPACOES SA;SNB PARTICIPAÇÕES S/A;1994-03-09;1993-11-15;;;ATIVO;1994-03-09;14303;Emp. Adm. Part. - Comércio (Atacado e Varejo);;Categoria B;2010-01-01;FASE OPERACIONAL;1998-10-08;PRIVADO;SEDE;RUA SETE DE SETEMBRO, 1213;Shopping Neumarkt;CENTRO;BLUMENAU;SC;BRASIL;89010203;47;30366600;47;30366600;dri.snb@almeidajunior.com.br;DIRETOR DE RELAÇÕES COM INVESTIDORES;JAIMES BENTO DE ALMEIDA JUNIOR;2022-04-30;Avenida Brigadeiro Faria Lima, nº 2277 - 16º andar;Conjunto 1604;Edif. Plaza Iguatemi;SÃO PAULO;SP;;1452000;48;30949004;;;dri.snb@almeidajunior.com.br;20.840.718/0001-01;TATICCA AUDITORES INDEPENDENTES S.S. - EPP
46.119.855/0001-37;SOCIEDADE ABASTECIMENTO DE AGUA E SANEAMENTO SA;SANASA-CAMPINAS;1997-04-29;1974-08-28;;;ATIVO;1997-04-29;16241;Saneamento, Serv. Água e Gás;;Categoria A;2010-01-01;FASE OPERACIONAL;1997-04-29;ESTATAL;SEDE;Avenida da Saudade, nº 500;;Ponte Preta;CAMPINAS;SP;BRASIL;13041903;19;37355194;19;37355194;dir.financeira@sanasa.com.br;DIRETOR DE RELAÇÕES COM INVESTIDORES;Pedro Cláudio da Silva;2012-01-24;Avenida da Saudade nº 500;;Ponte Preta;CAMPINAS;SP;;13041903;19;37355194;;;dir.financeira@sanasa.com.br;54.276.936/0001-79;BDO RCS AUDITORES INDEPENDENTES - SOCIEDADE SIMPLES LIMITADA
41.052.420/0001-07;SOLAR BEBIDAS S.A.;SOLAR BEBIDAS S.A.;2022-11-11;2021-03-02;;;ATIVO;2022-11-11;27014;Bebidas e Fumo;;Categoria A;2022-07-13;FASE OPERACIONAL;2022-07-13;PRIVADO;SEDE;Avenida Washington Soares n° 55;9º andar, Sala 915;Edson Queiroz;FORTALEZA;CE;BRASIL;60811341;85;92585461;;;ri@solarbr.com.br;DIRETOR DE RELAÇÕES COM INVESTIDORES;Aderson Couto Uchoa;2023-09-19;Avenida Washington Soares n° 55;9º andar, Sala 915;Edson Queiroz;FORTALEZA;;;60811341;85;992585461;;;ri@solarbr.com.br;61.366.936/0001-25;ERNST & YOUNG AUDITORES INDEPENDENTES S/S LTDA.
40.263.170/0001-83;SOLVI ESSENCIS AMBIENTAL S.A.;;2023-01-10;2009-08-26;;;ATIVO;2023-01-10;27073;Saneamento, Serv. Água e Gás;;Categoria B;2022-10-18;FASE OPERACIONAL;2022-10-18;PRIVADO;SEDE;Avenida Gonçalo Madeira, 400;Galpão Fundos;Jaguaré;SÃO PAULO;SP;BRASIL;5348000;11;31243500;;;ri@solvi.com;DIRETOR DE RELAÇÕES COM INVESTIDORES;Frederico Guimarães da Silva;2023-06-16;Avenida Gonçalo Madeira, 400;Galpão Fundos;Jaguaré;SÃO PAULO;SP;;5348000;11;31243500;;;ri@solvi.com;61.366.936/0001-25;ERNST & YOUNG AUDITORES INDEPENDENTES S/S LTDA.
33.386.210/0001-19;SONDOTECNICA ENGENHARIA SOLOS S.A.;SONDOTECNICA S/A.;1980-08-19;1954-01-01;;;ATIVO;1980-08-19;10880;Construção Civil, Mat. Constr. e Decoração;BOLSA;Categoria A;2010-01-01;FASE OPERACIONAL;1980-08-19;PRIVADO;SEDE;Rua Voluntários da Pátria, 45;8º e 9º, 1001-1003;Botafogo;RIO DE JANEIRO;RJ;BRASIL;22270900;21;21027100;21;25279807;sondotecnica@sondotecnica.com.br;DIRETOR DE RELAÇÕES COM INVESTIDORES;FABIO BERGMAN;2009-07-01;Rua Voluntários da Pátria, 45;8º andar;Botafogo;RIO DE JANEIRO;RJ;;22270900;21;21027100;;;ri@sondotecnica.com.br;54.276.936/0001-79;BDO RCS AUDITORES INDEPENDENTES - SOCIEDADE SIMPLES LIMITADA
48.710.127/0001-20;SPE NOVO NORTE AEROPORTOS S.A;SPE NOVO NORTE AEROPORTOS S.A;2025-01-16;2022-11-23;;;ATIVO;2025-01-16;27758;Emp. Adm. Part. - Serviços Transporte e Logística;;Categoria B;2024-10-17;FASE OPERACIONAL;2024-10-17;PRIVADO;SEDE;Avenida Pará, s/nº;;Vila de Cães;BELÉM;PA;BRASIL;66115565;81;40097070;;;;DIRETOR DE RELAÇÕES COM INVESTIDORES;JERÔNIMO TIMÓTEO DE LIMA;2024-09-25;Avenida Pará, s/n;;Vila de Cães;BELÉM;PA;;66115565;81;40097070;;;jeronimo@agemar.com.br;61.366.936/0001-25;ERNST & YOUNG AUDITORES INDEPENDENTES S/S LTDA.
02.062.747/0001-08;SUDESTE SA;SUDESTE S.A.;1997-11-10;1997-07-22;;;ATIVO;1997-11-10;16586;Emp. Adm. Part. - Sem Setor Principal;BALCÃO ORGANIZADO;Categoria A;2010-01-01;FASE OPERACIONAL;2003-08-31;PRIVADO;SEDE;Av. PRESIDENTE ANTONIO CARLOS Nº 51;51º andar (parte);Centro;RIO DE JANEIRO;RJ;BRASIL;20020010;21;38043700;21;38043480;gar@opportunity.com.br;DIRETOR DE RELAÇÕES COM INVESTIDORES;DIOGO ALEXANDRE DE MELO BAHIA;2024-05-06;Av. Presidente Antônio Carlos;51;Centro;RIO DE JANEIRO;;;20020010;21;38043700;;;gar@opportunity.com.br;10.830.108/0001-65;GRANT THORNTON AUDITORES INDEPENDENTES LTDA.
01.957.772/0001-89;SUL 116 PARTICIPAÇÕES S.A.;OPPORTUNITY SUL S.A.;1997-09-03;1997-06-05;;;ATIVO;2023-11-17;16438;Emp. Adm. Part. - Telecomunicações;BALCÃO ORGANIZADO;Categoria A;2010-01-01;FASE OPERACIONAL;1997-09-03;PRIVADO HOLDING;SEDE;Avenida Rio Branco, nº 311;Sala 523 (parte);Centro;RIO DE JANEIRO;RJ;BRASIL;20040903;21;21967200;21;21967201;alberto.guth@angrapartners.com.br;DIRETOR DE RELAÇÕES COM INVESTIDORES;Alberto Ribeiro Guth;2011-08-01;Avenida Rio Branco, nº 311;Sala 523 (parte);Centro;RIO DE JANEIRO;RJ;;20040903;21;21967200;;;alberto.guth@angrapartners.com.br;16.549.480/0001-84;RSM BRASIL AUDITORES INDEPENDENTES LTDA.
60.651.809/0001-05;SUZANO HOLDING S.A.;SUZANO HOLDING S.A.;1982-03-11;1954-02-26;;;ATIVO;1982-03-11;9067;Emp. Adm. Part. - Papel e Celulose;BOLSA;Categoria A;2010-01-01;FASE OPERACIONAL;1982-03-11;PRIVADO;SEDE;Av. Brigadeiro Faria Lima, 1355;21º andar;Jardim Paulistano;SÃO PAULO;SP;BRASIL;1452919;11;35039086;;;driholding@suzano.com.br;DIRETOR DE RELAÇÕES COM INVESTIDORES;Maria Cecilia Castro Neves Ipiña;2025-05-14;Av. Brigadeiro Faria Lima, 1355;21 andar;Jardim Paulistano;SÃO PAULO;;;1452919;11;35039069;;;cecilian@suzano.com.br;61.562.112/0001-20;PRICEWATERHOUSECOOPERS AUDITORES INDEPENDENTES LTDA.
16.404.287/0001-55;SUZANO S.A.;SUZANO PAPEL E CELULOSE SA;1992-04-15;1987-12-08;;;ATIVO;1992-04-15;13986;Papel e Celulose;BOLSA;Categoria A;2010-01-01;FASE OPERACIONAL;1992-04-15;PRIVADO;SEDE;Av. Professor Magalhães Neto,1752 - 10º andar;Salas 1009/1010/1011;Pituba;SALVADOR;BA;BRASIL;41810012;11;35039061;11;35039046;ri@suzano.com.br;DIRETOR DE RELAÇÕES COM INVESTIDORES;MARCOS MORENO CHAGAS ASSUMPÇÃO;2024-12-01;Av. Brigadeiro Faria Lima, 1355;7º andar;Pinheiros;SÃO PAULO;;;1452919;11;35039330;;;ri@suzano.com.br;61.562.112/0001-20;PRICEWATERHOUSECOOPERS AUDITORES INDEPENDENTES LTDA.
08.801.621/0001-86;SYN PROP & TECH S.A.;SYN PROP & TECH S.A.;2007-08-01;2007-04-11;;;ATIVO;2007-08-01;21040;Emp. Adm. Part. - Const. Civil, Mat. Const. e Decoração;BALCÃO ORGANIZADO;Categoria A;2010-01-01;FASE OPERACIONAL;2007-08-01;PRIVADO;SEDE;Avenida Brigadeiro Faria Lima, 3.600;Conj. 141 e 142;Itaim Bibi;SÃO PAULO;SP;BRASIL;4538132;011;30187601;11;30187680;ri@syn.com.br;DIRETOR DE RELAÇÕES COM INVESTIDORES;Hector Bruno Franco de Carvalho Leitão;2022-01-27;Avenida Brigadeiro Faria Lima, 3.600;Conj. 141 e 142;Itaim Bibi;SÃO PAULO;SP;;4538132;11;54127600;;;ri@syn.com.br;49.928.567/0001-11;DELOITTE TOUCHE TOHMATSU AUDITORES INDEPENDENTES LTDA.
08.801.621/0001-86;SYN PROP & TECH S.A.;SYN PROP & TECH S.A.;2007-08-01;2007-04-11;;;ATIVO;2007-08-01;21040;Emp. Adm. Part. - Const. Civil, Mat. Const. e Decoração;BOLSA;Categoria A;2010-01-01;FASE OPERACIONAL;2007-08-01;PRIVADO;SEDE;Avenida Brigadeiro Faria Lima, 3.600;Conj. 141 e 142;Itaim Bibi;SÃO PAULO;SP;BRASIL;4538132;011;30187601;11;30187680;ri@syn.com.br;DIRETOR DE RELAÇÕES COM INVESTIDORES;Hector Bruno Franco de Carvalho Leitão;2022-01-27;Avenida Brigadeiro Faria Lima, 3.600;Conj. 141 e 142;Itaim Bibi;SÃO PAULO;SP;;4538132;11;54127600;;;ri@syn.com.br;49.928.567/0001-11;DELOITTE TOUCHE TOHMATSU AUDITORES INDEPENDENTES LTDA.
02.860.694/0001-62;T4F ENTRETENIMENTO SA;T4F ENTRETENIMENTO SA;2011-04-11;1998-11-18;;;ATIVO;2011-04-11;22454;Brinquedos e Lazer;BOLSA;Categoria A;2011-04-11;FASE OPERACIONAL;2011-04-11;PRIVADO;SEDE;Rua Cristiano Viana, nº 401;15º andar;Pinheiros;SÃO PAULO;SP;BRASIL;5411000;11;35761370;11;35761280;ri@t4f.com.br;DIRETOR DE RELAÇÕES COM INVESTIDORES;Francesca Brown Alterio;2024-11-01;Rua Cristiano Viana, 401;15° andar;Pinheiros;SÃO PAULO;;;5411000;11;35761370;;;ri@t4f.com.br;10.830.108/0001-65;GRANT THORNTON AUDITORES INDEPENDENTES LTDA.
27.967.244/0001-02;TAPAJÓS TRANSMISSORA DE ENERGIA S.A.;TAPAJÓS TRANSMISSORA DE ENERGIA S.A.;2018-06-28;2017-06-02;;;ATIVO;2018-06-28;24481;Energia Elétrica;;Categoria B;2018-06-28;FASE OPERACIONAL;2022-05-31;PRIVADO;SEDE;Rua do Catete, 359;4º andar;Catete;RIO DE JANEIRO;RJ;BRASIL;22220001;61;34261000;61;34261000;dividas@vereneenergia.com;DIRETOR DE RELAÇÕES COM INVESTIDORES;ANA GRACIELA HEUGAS GRANATO;2025-11-01;Rua do Catete, 359;4º andar;Catete;RIO DE JANEIRO;RJ;;22220001;21;39507401;;;dividas@verenenergia.com;54.276.936/0001-79;BDO RCS AUDITORES INDEPENDENTES - SOCIEDADE SIMPLES LIMITADA
92.781.335/0001-02;TAURUS ARMAS S.A.;TAURUS ARMAS S.A.;1982-03-02;;;;ATIVO;1982-03-02;6173;Máquinas, Equipamentos, Veículos e Peças;BALCÃO ORGANIZADO;Categoria A;2010-01-01;FASE OPERACIONAL;1982-03-02;PRIVADO;SEDE;Avenida São Borja;2181/Prédio A;Fazenda São Borja;SÃO LEOPOLDO;RS;BRASIL;93035411;51;30213000;51;30213174;ri@taurus.com.br;DIRETOR DE RELAÇÕES COM INVESTIDORES;Sergio Castilho Sgrillo Filho;2018-04-02;Av. São Borja;2181/Prédio A;Fazenda São Borja;SÃO LEOPOLDO;RS;;93035411;51;30213000;;;sergio.sgrillo@taurus.com.br;49.928.567/0001-11;DELOITTE TOUCHE TOHMATSU AUDITORES INDEPENDENTES LTDA.
92.781.335/0001-02;TAURUS ARMAS S.A.;TAURUS ARMAS S.A.;1982-03-02;;;;ATIVO;1982-03-02;6173;Máquinas, Equipamentos, Veículos e Peças;BOLSA;Categoria A;2010-01-01;FASE OPERACIONAL;1982-03-02;PRIVADO;SEDE;Avenida São Borja;2181/Prédio A;Fazenda São Borja;SÃO LEOPOLDO;RS;BRASIL;93035411;51;30213000;51;30213174;ri@taurus.com.br;DIRETOR DE RELAÇÕES COM INVESTIDORES;Sergio Castilho Sgrillo Filho;2018-04-02;Av. São Borja;2181/Prédio A;Fazenda São Borja;SÃO LEOPOLDO;RS;;93035411;51;30213000;;;sergio.sgrillo@taurus.com.br;49.928.567/0001-11;DELOITTE TOUCHE TOHMATSU AUDITORES INDEPENDENTES LTDA.
26.345.998/0001-50;TC S.A.;;2021-07-26;2016-09-15;;;ATIVO;2021-07-26;26077;Comunicação e Informática;;Categoria A;2021-07-26;FASE OPERACIONAL;2021-05-19;PRIVADO;SEDE;Avenida Presidente Juscelino Kubitschek, nº 1830;Torre2, 5 andar,cj52;Vila Nova Conceição;SÃO PAULO;SP;BRASIL;4543900;11;42007850;;;compliance@tc.com.br;DIRETOR DE RELAÇÕES COM INVESTIDORES;Israel Calebe Massa;2024-10-23;Avenida Presidente Juscelino Kubitschek, nº 1830;Torre2, 5 andar,cj52;Vila Nova Conceição;SÃO PAULO;;;4543900;11;42007850;;;ri@tc.com.br;10.830.108/0001-65;GRANT THORNTON AUDITORES INDEPENDENTES LTDA.
08.424.178/0001-71;TECBLU - TECELAGEM BLUMENAU S/A.;TECBLU;1971-04-28;;;;ATIVO;1971-04-28;11215;Têxtil e Vestuário;;Categoria A;2010-01-01;PARALISADA;2008-07-03;PRIVADO;SEDE;ROD. BR 101, KM 15;SN;JARDIM BLUMENAU;PARNAMIRIM;RN;BRASIL;59149090;81;38781200;81;38781200;diretoria@aguisa.com.br;DIRETOR DE RELAÇÕES COM INVESTIDORES;RUY MANUEL SIMÕES DE CARVALHO TURZA FERREIRA;2010-04-01;RUA PADRE CARAPUCEIRO, 968 - EMP.Q.GALVÃO TORRE JANETE COSTA;SALA 01;BOA VIAGEM;RECIFE;PE;;51020280;81;38781200;;;diretoria@aguisa.com.br;00.000.596/1162-68;TADEU MANOEL RODRIGUES DE ARAÚJO
09.295.063/0001-97;TECHNOS SA;TECHNOS SA;2011-06-28;2007-11-21;;;ATIVO;2011-06-28;22519;Comércio (Atacado e Varejo);BOLSA;Categoria A;2011-06-28;FASE OPERACIONAL;2011-06-28;PRIVADO;SEDE;Avenida das Américas, nº 4200, 6º pavimento;Bloco 05;Barra da Tijuca;RIO DE JANEIRO;RJ;BRASIL;22640102;21;21318950;;;;DIRETOR DE RELAÇÕES COM INVESTIDORES;Daniela de Campos Pires Denne;2019-12-07;Avenida das Américas, nº 4200, 6º pavimento;Bloco 05;Barra da Tijuca;RIO DE JANEIRO;RJ;;22640102;21;21318950;;;ri@grupotechnos.com.br;61.366.936/0001-25;ERNST & YOUNG AUDITORES INDEPENDENTES S/S LTDA.
17.359.233/0001-88;TECIDOS E ARMARINHOS MIGUEL BARTOLOMEU S.A.;TECIDOS E ARMARINHOS MIGUEL BARTOLOMEU S.A.;2022-04-27;1968-10-14;;;ATIVO;2022-04-27;26760;Comércio (Atacado e Varejo);;Categoria A;2021-12-10;FASE OPERACIONAL;2021-12-10;PRIVADO;SEDE;Via Municipal Manoel Jacinto Coelho Jr., S/N;;Tapera;CONTAGEM;MG;BRASIL;32150245;31;33590947;;;ri@tambasa.com.br;DIRETOR DE RELAÇÕES COM INVESTIDORES;Alberto Portugal Milward De Azevedo;2021-12-06;Via Municipal Manoel Jacinto Coelho Jr., S/N;;Tapera;CONTAGEM;MG;;32150245;31;33590947;;;ri@tambasa.com.br;49.928.567/0001-11;DELOITTE TOUCHE TOHMATSU AUDITORES INDEPENDENTES LTDA.
08.065.557/0001-12;TECNISA S/A;TECNISA S/A;2007-01-09;2006-05-22;;;ATIVO;2007-01-09;20435;Construção Civil, Mat. Constr. e Decoração;BALCÃO ORGANIZADO;Categoria A;2010-01-01;FASE OPERACIONAL;2007-01-09;PRIVADO;SEDE;Avenida Nicolas Boer, 399;5º andar - Unid 502S;Jardim das Perdizes;SÃO PAULO;SP;BRASIL;1140060;11;37081162;11;30828822;ri@tecnisa.com.br;DIRETOR DE RELAÇÕES COM INVESTIDORES;ANDERSON LUIS HIRAOKA;2023-09-15;Avenida Nicolas Boer, 399;5º andar - Unid 502S;Jardim das Perdizes;SÃO PAULO;SP;;1140060;11;37081162;;;ri@tecnisa.com.br;61.562.112/0001-20;PRICEWATERHOUSECOOPERS AUDITORES INDEPENDENTES LTDA.
08.065.557/0001-12;TECNISA S/A;TECNISA S/A;2007-01-09;2006-05-22;;;ATIVO;2007-01-09;20435;Construção Civil, Mat. Constr. e Decoração;BOLSA;Categoria A;2010-01-01;FASE OPERACIONAL;2007-01-09;PRIVADO;SEDE;Avenida Nicolas Boer, 399;5º andar - Unid 502S;Jardim das Perdizes;SÃO PAULO;SP;BRASIL;1140060;11;37081162;11;30828822;ri@tecnisa.com.br;DIRETOR DE RELAÇÕES COM INVESTIDORES;ANDERSON LUIS HIRAOKA;2023-09-15;Avenida Nicolas Boer, 399;5º andar - Unid 502S;Jardim das Perdizes;SÃO PAULO;SP;;1140060;11;37081162;;;ri@tecnisa.com.br;61.562.112/0001-20;PRICEWATERHOUSECOOPERS AUDITORES INDEPENDENTES LTDA.
08.100.057/0001-74;TECNOGERA-LOCAÇÃO E TRANSFORMAÇÃO DE ENERGIA S.A.;TECNOGERA-LOCAÇÃO E TRANSFORMAÇÃO DE ENERGIA S.A.;2025-07-01;2006-06-22;;;ATIVO;2025-07-01;27847;Máquinas, Equipamentos, Veículos e Peças;;Categoria B;2025-07-01;FASE OPERACIONAL;2024-12-30;PRIVADO;SEDE;AVENIDA ROBERT KENNEDY Nº 615, 625;BL 01;PLANALTO;SÃO BERNARDO DO CAMPO;SP;;9862172;11;40534888;;;ri@tecnogera.com.br;DIRETOR DE RELAÇÕES COM INVESTIDORES;Andrea Aparecida Barros Curi;2024-12-05;Avenida Robert Kennedy nº 615, 625;BL 01;Planalto;;SP;;9862172;11;40534888;;;ri@tecnogera.com.br;54.276.936/0001-79;BDO RCS AUDITORES INDEPENDENTES - SOCIEDADE SIMPLES LIMITADA
02.351.144/0001-18;TEGMA GESTÃO LOGÍSTICA SA;TEGMA GESTÃO LOGÍSTICA SA;2007-06-28;1998-01-05;;;ATIVO;2007-06-28;20800;Serviços Transporte e Logística;BOLSA;Categoria A;2010-01-01;FASE OPERACIONAL;2007-06-28;PRIVADO;SEDE;Av. Nicola Demarchi, 2000;1º andar;Demarchi;SÃO BERNARDO DO CAMPO;SP;BRASIL;9820655;11;43462500;11;43979220;ri@tegma.com.br;DIRETOR DE RELAÇÕES COM INVESTIDORES;Ramón Pérez Arias Filho;2020-03-05;Av Nicola Demarchi, 2000;;Botujuru;SÃO BERNARDO DO CAMPO;SP;;9820655;11;43462532;;;ri@tegma.com.br;10.830.108/0001-65;GRANT THORNTON AUDITORES INDEPENDENTES LTDA.
30.213.493/0001-09;TEGRA INCORPORADORA S.A.;;2021-05-12;2018-02-15;;;ATIVO;2021-05-12;25844;Emp. Adm. Part. - Const. Civil, Mat. Const. e Decoração;;Categoria A;2021-05-12;FASE OPERACIONAL;2021-02-25;PRIVADO;SEDE;Avenida das Nações Unidas, nº 14.401;1º e 2º andar;Vila Gertrudes;SÃO PAULO;SP;BRASIL;4794000;11;31279200;;;ri@tegraincorporadora.com.br;DIRETOR DE RELAÇÕES COM INVESTIDORES;Luiz Gustavo Rodrigues Pereira;2026-05-11;Avenida das Nações Unidas, 14.401, 1º andar, Torre Paineira;1º andar - conjuntos;Chácara Sto Antônio;SÃO PAULO;SP;;4794000;11;31279200;;;ri@tegraincorporadora.com.br;49.928.567/0001-11;DELOITTE TOUCHE TOHMATSU AUDITORES INDEPENDENTES LTDA.
00.336.701/0001-04;TELEC. BRASILEIRAS S.A. - TELEBRÁS;TELEBRAS;1981-01-21;1972-11-09;;;ATIVO;1981-01-21;11258;Telecomunicações;BOLSA;Categoria A;2010-01-01;FASE OPERACIONAL;1981-01-21;ESTATAL;SEDE;SIG Quadra 4 lotes 075, 083, 125 e 175, Bloco A;Salas 211 a 224;SIG;BRASÍLIA;DF;BRASIL;70610440;61;20271201;61;20271881;ari@telebras.com.br;DIRETOR DE RELAÇÕES COM INVESTIDORES;Tatiana Rúbia Melo Miranda;2023-05-05;SIG Quadra 4 lotes 075,083,125 e175, Bloco A sala 211 a 224;Plano Piloto;SIG;BRASÍLIA;DF;;70610440;61;20271208;;;ari@telebras.com.br;77.998.276/0001-35;CONSULT - AUDITORES INDEPENDENTES
02.558.157/0001-62;TELEFÔNICA BRASIL S.A.;TELEFÔNICA BRASIL;1998-08-19;1998-05-22;;;ATIVO;1998-08-19;17671;Telecomunicações;BOLSA;Categoria A;2010-01-01;FASE OPERACIONAL;1998-08-19;PRIVADO;SEDE;Av Engenheiro Luis Carlos Berrini, 1376;32º andar;Cidade Monções;SÃO PAULO;SP;BRASIL;4571936;11;34303687;11;55051355;ir.br@telefonica.com;DIRETOR DE RELAÇÕES COM INVESTIDORES;Rodrigo Rossi Monari;2026-04-02;Av Engenheiro Luis Carlos Berrini, 1376;32º andar;Cidade Monções;SÃO PAULO;;;4571936;11;34303687;;;ir.br@telefonica.com;61.562.112/0001-20;PRICEWATERHOUSECOOPERS AUDITORES INDEPENDENTES LTDA.
10.502.676/0001-37;TERMELÉTRICA PERNAMBUCO III S.A.;;2013-12-10;2008-10-23;;;ATIVO;2015-07-17;23329;Energia Elétrica;BOLSA;Categoria B;2013-12-10;FASE OPERACIONAL;2013-12-31;PRIVADO;SEDE;Avenida Engenho D'Água, s/n;Lote 666;Pau Ferro Zona Rural;IGARASSU;PE;BRASIL;53670000;51;30258080;51;30258046;;DIRETOR DE RELAÇÕES COM INVESTIDORES;Alberto de Pinho Novo Junior;2024-08-21;Rua Leopoldo Couto de Magalhaes Jr, 758;15 andar;Itaim Bibi;SÃO PAULO;;;4542000;11;41303855;;;alberto.pinho@bolognesienergia.com.br;54.276.936/0001-79;BDO RCS AUDITORES INDEPENDENTES - SOCIEDADE SIMPLES LIMITADA
21.748.188/0001-20;TERP GLBL BRASIL I PARTICIPAÇÕES S.A.;TERP GLBL BRASIL I PARTICIPAÇÕES S.A.;2025-05-09;2015-01-16;;;ATIVO;2025-05-09;27804;Emp. Adm. Part. - Energia Elétrica;;Categoria B;2025-02-20;FASE OPERACIONAL;2025-02-20;PRIVADO;SEDE;AV. ALMIRANTE JúLIO DE Sá BIERRENBACH, 200;PACIFIC TOWER, BL. 02, 1º, 2º E 4º;JACAREPAGUá;RIO DE JANEIRO;RJ;;22775028;21;24395150;;;ri@elera.com;DIRETOR DE RELAÇÕES COM INVESTIDORES;José Ricardo Elbel Simão;2026-04-08;Av das Nações Unidas, 14.401, Cidade Parque da Cidade;T. Paineira 3 andar;Vila Gertrudes;SÃO PAULO;SP;;4794000;21;24395150;;;ri@elera.com.br;61.366.936/0001-25;ERNST & YOUNG AUDITORES INDEPENDENTES S/S LTDA.
40.337.136/0001-06;TERRA SANTA PROPRIEDADES AGRÍCOLAS S.A.;TS AGRO S.A.;2021-07-14;2021-01-11;;;ATIVO;2021-07-14;26000;Agricultura (Açúcar, Álcool e Cana);;Categoria A;2021-07-14;FASE OPERACIONAL;2021-05-12;PRIVADO;SEDE;Praça General Gentil Falcão, 108, 8º andar;Cj. 81, Sala 4;Cidade Monções;SÃO PAULO;SP;BRASIL;4571150;11;55059811;;;;DIRETOR DE RELAÇÕES COM INVESTIDORES;Mariana Dantas Mesquita;2023-04-25;Praça General Gentil Falcão 108;cj 81 - Sala 4;Cidade Monções;SÃO PAULO;;;4571150;11;910410733;;;ri@terrasantapa.com.br;57.755.217/0001-29;KPMG AUDITORES INDEPENDENTES LTDA.
82.982.075/0001-80;TÊXTIL RENAUXVIEW S/A;RENAUXVIEW;1969-08-11;1925-04-24;;;ATIVO;1969-08-11;7544;Têxtil e Vestuário;BOLSA;Categoria A;2010-01-01;FASE OPERACIONAL;1969-08-11;PRIVADO;SEDE;Rua do Centenário, 215;Casa;Centro;BRUSQUE;SC;BRASIL;88351020;47;32551000;47;32551001;marta@renauxview.com.br;DIRETOR DE RELAÇÕES COM INVESTIDORES;Márcio L. Bertoldi;2006-04-29;Rua do Centenário, 215;;Centro;BRUSQUE;SC;;88351020;47;32551000;;;marcio@renauxview.com.br;79.366.092/0001-88;STEINBACH & AUDITORES ASSOCIADOS
84.684.455/0001-63;TIGRE S.A. PARTICIPAÇÕES;TIGRE S.A. PARTICIPAÇÕES;2021-10-01;1949-01-04;;;ATIVO;2021-10-01;26255;Construção Civil, Mat. Constr. e Decoração;;Categoria B;2021-10-01;FASE OPERACIONAL;2021-08-23;PRIVADO;SEDE;Rua Xavantes;nº 54;Atiradores;JOINVILLE;SC;BRASIL;89203900;47;4415458;;4415332;ri@tigre.com;DIRETOR DE RELAÇÕES COM INVESTIDORES;RAFAEL GUSTAVO MELO;2025-04-01;RUA XAVANTES;Nº 54;ATIRADORES;JOINVILLE;SC;;89203900;47;34415000;0;0;ri@tigre.com;57.755.217/0001-29;KPMG AUDITORES INDEPENDENTES LTDA.
02.600.854/0001-34;TIM BRASIL SERVIÇOS E PARTICIPAÇÕES S.A.;TIM BRASIL SERVIÇOS E PARTICIPAÇÕES S.A.;2023-02-17;1998-06-18;;;ATIVO;2023-02-17;27090;Telecomunicações;;Categoria B;2022-11-30;FASE OPERACIONAL;2023-02-06;ESTRANGEIRO HOLDING;SEDE;Rua Fonseca Teles, nº 18/30, Bloco D, Térreo.;;São Cristóvão;RIO DE JANEIRO;RJ;BRASIL;20940200;21;41094167;;;ri@timbrasilpart.com.br;DIRETOR DE RELAÇÕES COM INVESTIDORES;Mario Girasole;2023-02-01;Avenida João Cabral de Melo Neto, nº 850, Torre Sul, 12º .;;Barra da Tijuca;RIO DE JANEIRO;RJ;;22775057;21;41094167;;;ri@timbrasilpart.com.br;61.366.936/0001-25;ERNST & YOUNG AUDITORES INDEPENDENTES S/S LTDA.
02.421.421/0001-11;TIM S.A.;TIM S.A.;2020-03-17;1998-02-11;;;ATIVO;2020-03-17;24929;Telecomunicações;BOLSA;Categoria A;2020-03-17;FASE OPERACIONAL;2019-11-01;PRIVADO HOLDING;SEDE;Avenida João Cabral de Mello Neto, nº 850;Blc 01,  501/ 1208;Barra da Tijuca;RIO DE JANEIRO;RJ;BRASIL;22775057;021;41094167;021;41094542;ri@timbrasil.com.br;DIRETOR DE RELAÇÕES COM INVESTIDORES;Vicente de Moraes Ferreira;2025-08-01;Avenida João Cabral de Melo Neto, 850;Torre Sul;Barra da Tijuca;RIO DE JANEIRO;;;22775057;21;41094167;;;ri@timbrasil.com.br;61.366.936/0001-25;ERNST & YOUNG AUDITORES INDEPENDENTES S/S LTDA.
53.113.791/0001-22;TOTVS S.A;TOTVS S.A;2006-03-07;1983-01-01;;;ATIVO;2006-03-07;19992;Comunicação e Informática;BOLSA;Categoria A;2010-01-01;FASE OPERACIONAL;2006-03-07;PRIVADO;SEDE;Avenida Braz Leme;1000;Casa Verde;SÃO PAULO;SP;BRASIL;2511000;11;20997773;;;ri@totvs.com.br;DIRETOR DE RELAÇÕES COM INVESTIDORES;Gilsomar Maia Sebastião;2014-01-08;Avenida Braz Leme;1000;Casa Verde;SÃO PAULO;SP;;2511000;11;995857887;;;ri@totvs.com.br;57.755.217/0001-29;KPMG AUDITORES INDEPENDENTES LTDA.
03.014.553/0001-91;TPI - TRIUNFO PARTICIPACOES E INVESTIMENTOS S.A.;TPI;2002-12-05;1999-01-11;;;ATIVO;2002-12-05;19330;Emp. Adm. Part. - Serviços Transporte e Logística;BOLSA;Categoria A;2010-01-01;FASE OPERACIONAL;2025-03-26;PRIVADO HOLDING;SEDE;Rua Olimpíadas, 205;14º andar;Vila Olímpia;SÃO PAULO;SP;BRASIL;4551000;11;21693999;11;21693969;ri@triunfo.com;DIRETOR DE RELAÇÕES COM INVESTIDORES;Roberto Solheid da Costa de Carvalho;2020-04-13;Rua Olimpíadas, 205;14º andar;Vila Olímpia;SÃO PAULO;SP;;4551000;11;21693999;;;ri@triunfo.com;10.830.108/0001-65;GRANT THORNTON AUDITORES INDEPENDENTES LTDA.
59.418.806/0001-47;TRACK & FIELD CO S.A;;2020-10-22;1988-08-19;;;ATIVO;2020-10-22;25208;Têxtil e Vestuário;BOLSA;Categoria A;2020-10-22;FASE OPERACIONAL;2020-02-04;PRIVADO;SEDE;Rua Cipriano Barata 456;3º andar;Ipiranga;SÃO PAULO;SP;BRASIL;4205000;11;30481200;;;ri@tf.com.br;DIRETOR DE RELAÇÕES COM INVESTIDORES;Patrícia Abibe;2023-08-01;Rua Dr. Eduardo Souza Aranha, nº 387, Edif. Juscelino Plaza;8º e 9º andar;Vila Nova Conceição;SÃO PAULO;SP;;4543121;11;30481200;;;ri@tf.com.br;49.928.567/0001-11;DELOITTE TOUCHE TOHMATSU AUDITORES INDEPENDENTES LTDA.
09.074.183/0001-64;TRANSBRASILIANA CONCESSIONÁRIA DE RODOVIA SA;TRANSBRASILIANA CONCESSIONÁRIA DE RODOVIA SA;2010-11-05;2007-07-20;;;ATIVO;2010-11-05;22225;Serviços Transporte e Logística;;Categoria B;2010-11-05;FASE OPERACIONAL;2010-11-05;PRIVADO;SEDE;RUA VOLUNTÁRIO VITORIANO BORGES, 451;;CENTRO;LINS;SP;BRASIL;16400040;14;35001585;14;35332954;ri@triunfotransbrasiliana.com.br;DIRETOR DE RELAÇÕES COM INVESTIDORES;Roberto Paulo Hanke;2024-10-25;Rua Voluntario Vitoriano Borges, 451;;Centro;LINS;;;16400040;14;35001585;;;paulo.hanke@triunfotransbrasiliana.com.br;10.830.108/0001-65;GRANT THORNTON AUDITORES INDEPENDENTES LTDA.
07.859.971/0001-30;TRANSMISSORA ALIANÇA DE ENERGIA ELÉTRICA S.A.;TRANSMISSORA ALIANÇA DE ENERGIA ELÉTRICA S.A.;2006-09-06;2006-01-23;;;ATIVO;2006-09-06;20257;Emp. Adm. Part. - Energia Elétrica;BALCÃO ORGANIZADO;Categoria A;2010-01-01;FASE OPERACIONAL;2006-09-06;PRIVADO;SEDE;Av. das Américas, 2480;Bloco 6;Barra da Tijuca;RIO DE JANEIRO;RJ;BRASIL;22640101;21;22126000;21;22126040;investor.relations@taesa.com.br;DIRETOR DE RELAÇÕES COM INVESTIDORES;Catia Cristina Teixeira Pereira;2025-02-10;Av. das Américas, 2480;Bloco 6;Barra da Tijuca;RIO DE JANEIRO;;;22640101;21;22126000;;;investor.relations@taesa.com.br;49.928.567/0001-11;DELOITTE TOUCHE TOHMATSU AUDITORES INDEPENDENTES LTDA.
07.859.971/0001-30;TRANSMISSORA ALIANÇA DE ENERGIA ELÉTRICA S.A.;TRANSMISSORA ALIANÇA DE ENERGIA ELÉTRICA S.A.;2006-09-06;2006-01-23;;;ATIVO;2006-09-06;20257;Emp. Adm. Part. - Energia Elétrica;BOLSA;Categoria A;2010-01-01;FASE OPERACIONAL;2006-09-06;PRIVADO;SEDE;Av. das Américas, 2480;Bloco 6;Barra da Tijuca;RIO DE JANEIRO;RJ;BRASIL;22640101;21;22126000;21;22126040;investor.relations@taesa.com.br;DIRETOR DE RELAÇÕES COM INVESTIDORES;Catia Cristina Teixeira Pereira;2025-02-10;Av. das Américas, 2480;Bloco 6;Barra da Tijuca;RIO DE JANEIRO;;;22640101;21;22126000;;;investor.relations@taesa.com.br;49.928.567/0001-11;DELOITTE TOUCHE TOHMATSU AUDITORES INDEPENDENTES LTDA.
21.728.083/0001-00;TRANSMISSORA JOSÉ MARIA DE MACEDO DE ELETRICIDADE S.A.;TRANSMISSORA JOSÉ MARIA DE MACEDO DE ELETRICIDADE S.A;2022-03-21;2015-01-22;;;ATIVO;2022-03-21;26654;Energia Elétrica;;Categoria B;2022-03-21;FASE OPERACIONAL;2021-12-24;PRIVADO HOLDING;SEDE;Rua Tabapuã, 841 - Conj. 21- 2º andar - Itaim Bibi;;Itaim Bibi;SÃO PAULO;SP;BRASIL;4533013;11;25402571;;;;DIRETOR DE RELAÇÕES COM INVESTIDORES;Simone Aparecida Borsato;2023-10-02;Rua Tabapuã, 841;;Itaim Bibi;SÃO PAULO;;;4533013;11;38108764;;;ri@argoenergia.com.br;61.366.936/0001-25;ERNST & YOUNG AUDITORES INDEPENDENTES S/S LTDA.
02.281.836/0001-37;TRANSNORDESTINA LOGISTICA SA;TRANSNORDESTINA LOGISTICA SA;2007-01-11;1998-01-01;;;ATIVO;2007-01-11;20443;Serviços Transporte e Logística;;Categoria B;2010-01-01;FASE OPERACIONAL;2007-01-11;PRIVADO;SEDE;AV FRANCISCO SA, 4829;-;ALVARO WEYNE;FORTALEZA;CE;BRASIL;60335195;85;40082500;85;40082548;dricvmtlsa@tlsa.com.br;DIRETOR DE RELAÇÕES COM INVESTIDORES;ISMAEL TRINKS;2026-01-02;AV.FRANCISCO SÁ;4829;ALVARO WEYNE;FORTALEZA;CE;;60335195;85;40082500;;;dricvmtlsa@tlsa.com.br;07.326.840/0001-98;FORVIS MAZARS AUDITORES INDEPENDENTES - SOCIEDADE SIMPLES LTDA.
38.042.694/0001-00;TRAVESSIA SECURITIZADORA DE CRÉDITOS FINANCEIROS S.A.;TRAVESSIA SECURITIZADORA DE CRÉDITOS FINANCEIROS S.A.;2020-11-04;2020-07-03;;;ATIVO;2020-11-04;25240;Securitização de Recebíveis;;Categoria B;2020-11-04;FASE OPERACIONAL;2022-10-22;PRIVADO;SEDE;R TABAPUA 41;ANDAR 13 SALA 02;Itaim Bibi;SÃO PAULO;SP;BRASIL;4533010;11;41158700;;;ri@grupotravessia.com;DIRETOR DE RELAÇÕES COM INVESTIDORES;Vinicius Bernardes Basile Siveira Stopa;2023-06-13;R TABAPUA 41;ANDAR 13 SALA 02;Itaim Bibi;SÃO PAULO;SP;;4533010;11;41158700;;;ri@grupotravessia.com;07.071.420/0001-08;VILLELA E ASSOCIADOS AUDITORIA E CONSULTORIA S/S
43.335.774/0001-86;TRAVESSIA SECURITIZADORA DE CRÉDITOS MERCANTIS VI S.A.;TRAVESSIA SECURITIZADORA DE CRÉDITOS MERCANTIS VI;2022-06-08;2021-08-09;;;ATIVO;2022-06-08;26824;Securitização de Recebíveis;;Categoria B;2022-06-08;FASE OPERACIONAL;2022-03-09;PRIVADO;SEDE;Rua Tabapuã, 41;13º andar, sala M6;Itaim Bibi;SÃO PAULO;SP;BRASIL;4533010;11;41158700;;;ri@grupotravessia.com;DIRETOR DE RELAÇÕES COM INVESTIDORES;Vinicius Bernardes Basile Silveira Stopa;2023-07-26;Rua Tabapuã, 41;13º andar, sala M6;Itaim Bibi;SÃO PAULO;SP;;453301;11;41158700;;;vinicius.stopa@grupotravessia.com;18.596.945/0001-83;BAKER TILLY 4PARTNERS AUDITORES INDEPENDENTES LTDA.
26.609.050/0001-64;TRAVESSIA SECURITIZADORA S.A.;TRAVESSIA SECURITIZADORA S.A.;2017-02-09;2016-10-27;;;ATIVO;2017-02-09;24082;Securitização de Recebíveis;BALCÃO NÃO ORGANIZADO;Categoria B;2017-02-09;FASE OPERACIONAL;2017-02-09;PRIVADO;SEDE;Rua Tabapuã;41, 13 andar sala 1;Itaim Bibi;SÃO PAULO;SP;BRASIL;4533010;11;41158700;;;ri@grupotravessia.com;DIRETOR DE RELAÇÕES COM INVESTIDORES;Vinicius Bernardes Basile Silveira Stopa;2023-05-13;RUA BANDEIRA PAULISTA;600 CONJ 44 SALA 01;ITAIM BIBI;SÃO PAULO;SP;;4532001;11;41158700;;;vinicius.stopa@grupotravessia.com;07.071.420/0001-08;VILLELA E ASSOCIADOS AUDITORIA E CONSULTORIA S/S
26.609.050/0001-64;TRAVESSIA SECURITIZADORA S.A.;TRAVESSIA SECURITIZADORA S.A.;2017-02-09;2016-10-27;;;ATIVO;2017-02-09;24082;Securitização de Recebíveis;BOLSA;Categoria B;2017-02-09;FASE OPERACIONAL;2017-02-09;PRIVADO;SEDE;Rua Tabapuã;41, 13 andar sala 1;Itaim Bibi;SÃO PAULO;SP;BRASIL;4533010;11;41158700;;;ri@grupotravessia.com;DIRETOR DE RELAÇÕES COM INVESTIDORES;Vinicius Bernardes Basile Silveira Stopa;2023-05-13;RUA BANDEIRA PAULISTA;600 CONJ 44 SALA 01;ITAIM BIBI;SÃO PAULO;SP;;4532001;11;41158700;;;vinicius.stopa@grupotravessia.com;07.071.420/0001-08;VILLELA E ASSOCIADOS AUDITORIA E CONSULTORIA S/S
94.813.102/0001-70;TRÊS TENTOS AGROINDUSTRIAL S.A.;TRÊS TENTOS AGROINDUSTRIAL S.A.;2021-06-21;2011-07-27;;;ATIVO;2021-06-21;25950;Agricultura (Açúcar, Álcool e Cana);;Categoria A;2021-06-21;FASE OPERACIONAL;2021-02-22;PRIVADO;SEDE;Avenida Principal, nº 187;;Distrito Industrial;SANTA BÁRBARA DO SUL;RS;BRASIL;98240000;55;33723700;;;ri@3tentos.com.br;DIRETOR DE RELAÇÕES COM INVESTIDORES;João Marcelo Dumoncel;2025-04-23;Avenida Principal, nº 187;;Distrito Industrial;SANTA BÁRBARA DO SUL;;;9824000;55;33723700;;;ri@3tentos.com.br;57.755.217/0001-29;KPMG AUDITORES INDEPENDENTES LTDA.
92.660.570/0001-26;TREVISA  INVESTIMENTOS SA;TREVISA INVESTIMENTOS SA;1980-12-15;1930-07-16;;;ATIVO;1980-12-15;8192;Emp. Adm. Part. - Sem Setor Principal;BOLSA;Categoria A;2010-01-01;FASE OPERACIONAL;1980-12-15;PRIVADO;SEDE;Av. Padre Cacique, 320;6 andar;Menino Deus;PORTO ALEGRE;RS;BRASIL;90810240;51;21031103;51;21031100;jorge.lindemann@trevisa.com.br;DIRETOR DE RELAÇÕES COM INVESTIDORES;JORGE LINDEMANN;2007-04-24;Av. Padre Cacique, 320;6 andar;Menino Deus;PORTO ALEGRE;RS;;90810240;51;21031103;;;jorge.lindemann@trevisa.com.br;61.366.936/0001-25;ERNST & YOUNG AUDITORES INDEPENDENTES S/S LTDA.
08.811.643/0001-27;TRISUL S/A;TRISUL;2007-10-10;2007-04-01;;;ATIVO;2007-10-10;21130;Emp. Adm. Part. - Const. Civil, Mat. Const. e Decoração;BALCÃO ORGANIZADO;Categoria A;2010-01-01;FASE OPERACIONAL;2007-10-10;PRIVADO;SEDE;Alameda dos Jaúnas, 70;;Indianópolis;SÃO PAULO;SP;BRASIL;4522020;11;31470149;11;31470255;ri@trisul.com.br;DIRETOR DE RELAÇÕES COM INVESTIDORES;Fernando Salomão;2011-10-31;Alameda dos Jaúnas, 70;;Indianópolis;SÃO PAULO;SP;;4522020;11;31470004;;;ri@trisul-sa.com.br;54.276.936/0001-79;BDO RCS AUDITORES INDEPENDENTES - SOCIEDADE SIMPLES LIMITADA
08.811.643/0001-27;TRISUL S/A;TRISUL;2007-10-10;2007-04-01;;;ATIVO;2007-10-10;21130;Emp. Adm. Part. - Const. Civil, Mat. Const. e Decoração;BOLSA;Categoria A;2010-01-01;FASE OPERACIONAL;2007-10-10;PRIVADO;SEDE;Alameda dos Jaúnas, 70;;Indianópolis;SÃO PAULO;SP;BRASIL;4522020;11;31470149;11;31470255;ri@trisul.com.br;DIRETOR DE RELAÇÕES COM INVESTIDORES;Fernando Salomão;2011-10-31;Alameda dos Jaúnas, 70;;Indianópolis;SÃO PAULO;SP;;4522020;11;31470004;;;ri@trisul-sa.com.br;54.276.936/0001-79;BDO RCS AUDITORES INDEPENDENTES - SOCIEDADE SIMPLES LIMITADA
15.115.504/0001-24;TRONOX PIGMENTOS DO BRASIL S.A.;MILLENNIUM INORGANIC CHEMICALS DO BRASIL;1970-12-23;1966-03-23;;;ATIVO;1970-12-23;11398;Petroquímicos e Borracha;BOLSA;Categoria A;2010-01-01;FASE OPERACIONAL;1970-12-23;PRIVADO HOLDING;SEDE;RODOVIA BA-099;ESTRADA DO COCO S/N;DISTRITO DE ABRANTES;CAMAÇARI;BA;BRASIL;42829710;71;36349114;71;36349080;relacionamento.investidores@tronox.com;DIRETOR DE RELAÇÕES COM INVESTIDORES;Rodrigo Jacobina Assunção;2025-09-30;RODOVIA BA-099;ESTRADA DO COCO S/N;DISTRITO DE ABRANTES;CAMAÇARI;;;42829710;71;996892425;;;rodrigo.assuncao@tronox.com;61.562.112/0001-20;PRICEWATERHOUSECOOPERS AUDITORES INDEPENDENTES LTDA.
59.115.685/0001-64;TUPI ENERGIAS RENOVÁVEIS S.A.;TUPI ENERGIAS RENOVÁVEIS S.A.;2025-10-29;2025-01-01;;;ATIVO;2025-10-29;27944;Emp. Adm. Part. - Energia Elétrica;;Categoria B;2025-10-29;FASE OPERACIONAL;2025-08-13;PRIVADO;SEDE;AVENIDA PRESIDENTE JUSCELINO KUBITSCHEK, 360;12º ANDAR;VILA NOVA CONCEIÇÃO;SÃO PAULO;SP;;4543000;11;50338800;;;;DIRETOR DE RELAÇÕES COM INVESTIDORES;RICARDO ALBERTO OLIVEIRA DOS SANTOS;2025-01-01;AVENIDA PRESIDENTE JUSCELINO K;12º ANDAR;VILA NOVA CONCEIÇÃO;SÃO PAULO;SP;;4543000;11;50338800;0;0;ri@ibituenergia.com;10.830.108/0001-65;GRANT THORNTON AUDITORES INDEPENDENTES LTDA.
84.683.374/0001-49;TUPY SA;TUPY;1966-07-01;1938-02-01;;;ATIVO;1966-07-01;6343;Metalurgia e Siderurgia;BOLSA;Categoria A;2010-01-01;FASE OPERACIONAL;1966-07-01;PRIVADO;SEDE;Rua Albano Schmidt, 3.400;-;Boa Vista;JOINVILLE;SC;BRASIL;89227901;47;40098181;47;40098584;dri@tupy.com.br;DIRETOR DE RELAÇÕES COM INVESTIDORES;Gueitiro Matsuo Genso;2025-05-01;Rua Albano Schmidt nº3.400;;Boa Vista;JOINVILLE;SC;;89227901;11;27637844;;;dri@tupy.com;57.755.217/0001-29;KPMG AUDITORES INDEPENDENTES LTDA.
26.982.634/0001-80;TURBI COMPARTILHAMENTO DE VEÍCULOS S.A.;TURBI COMPARTILHAMENTO DE VEÍCULOS S.A.;2023-05-11;2016-12-26;;;ATIVO;2023-05-11;27197;Serviços Transporte e Logística;;Categoria B;2023-05-11;FASE OPERACIONAL;2022-12-26;PRIVADO;SEDE;Avenida Rebouças n° 2728;9º Andar;Pinheiros;SÃO PAULO;SP;BRASIL;5402500;11;41182826;;;ri@turbi.com.br;DIRETOR DE RELAÇÕES COM INVESTIDORES;Luiz Alberto Bonini;2022-12-14;Avenida Rebouças n° 2728;9º andar;Pinheiros;SÃO PAULO;SP;;5402500;11;41182826;;;ri@turbi.com.br;57.755.217/0001-29;KPMG AUDITORES INDEPENDENTES LTDA.
33.256.439/0001-39;ULTRAPAR PARTICIPAÇÕES SA;ULTRAPAR PARTICIPAÇÕES SA;1999-09-27;1953-12-11;;;ATIVO;1999-09-27;18465;Emp. Adm. Part. - Petróleo e Gás;BOLSA;Categoria A;2010-01-01;FASE OPERACIONAL;1999-09-27;PRIVADO;SEDE;Avenida Brigadeiro Luís Antônio, 1.343;8º andar;Bela Vista;SÃO PAULO;SP;BRASIL;1317910;11;31777014;11;31776107;invest@ultra.com.br;DIRETOR DE RELAÇÕES COM INVESTIDORES;Alexandre Mendes Palhares;2025-04-16;Avenida Brigadeiro Luís Antônio, 1.343;8º andar;Bela Vista;SÃO PAULO;SP;;1317910;11;31777014;;;invest@ultra.com.br;49.928.567/0001-11;DELOITTE TOUCHE TOHMATSU AUDITORES INDEPENDENTES LTDA.
53.153.938/0001-08;UNIÃO PET PARTICIPAÇÕES S.A.;UNIÃO PET PARTICIPAÇÕES S.A.;2025-01-21;1983-12-28;;;ATIVO;2025-01-21;27766;Comércio (Atacado e Varejo);;Categoria A;2024-10-04;FASE OPERACIONAL;2024-10-04;PRIVADO;SEDE;Rua Manoel Velasco, nº 90/96;;Vila Hamburguesa;SÃO PAULO;SP;BRASIL;5319010;11;36434300;;;ri@petzcobasi.com.br;DIRETOR DE RELAÇÕES COM INVESTIDORES;Rafael Siqueira Rodrigues;2024-09-26;Rua Professora Helena Moura Lacerda, nº 140;Departamento de RI;Vila Leopoldina;SÃO PAULO;SP;;5319015;11;30434300;;;ri@petzcobasi.com.br;57.755.217/0001-29;KPMG AUDITORES INDEPENDENTES LTDA.
60.665.981/0001-18;UNIÃO QUÍMICA FARMACÊUTICA NACIONAL S.A.;UNIÃO QUÍMICA FARMACÊUTICA NACIONAL S.A.;2022-07-07;1936-11-27;;;ATIVO;2022-07-07;26867;Farmacêutico e Higiene;;Categoria B;2022-04-25;FASE OPERACIONAL;2022-04-20;PRIVADO;SEDE;Rua Coronel Luiz Tenório de Brito, 90;;Centro;EMBU-GUAÇU;SP;BRASIL;6900095;11;55862458;;;ri@uniaoquimica.com.br;DIRETOR DE RELAÇÕES COM INVESTIDORES;Dayane de Souza Duarte;2023-04-11;Avenida Magalhães de Castro, nº 4.800;16° andar, Cj. 161/2;Cidade Jardim;SÃO PAULO;;;5676120;11;55862458;;;ri@uniaoquimica.com.br;57.755.217/0001-29;KPMG AUDITORES INDEPENDENTES LTDA.
90.441.460/0001-48;UNICASA INDÚSTRIA DE MÓVEIS S.A.;;2012-04-25;1985-09-02;;;ATIVO;2012-04-25;22780;Construção Civil, Mat. Constr. e Decoração;BOLSA;Categoria A;2012-04-25;FASE OPERACIONAL;2012-03-05;PRIVADO;SEDE;Rodovia Federal BR-470;Km 212,930;São Vendelino;BENTO GONÇALVES;RS;BRASIL;95707540;54;34554425;54;34554492;dri@unicasamoveis.com.br;DIRETOR DE RELAÇÕES COM INVESTIDORES;Guilherme Possebon de Oliveira;2022-03-11;Rodovia Federal BR 470 Km 212,930;Sem Número;São Vendelino;BENTO GONÇALVES;RS;;95707540;54;34554425;;;guilherme.o@unicasamoveis.com.br;61.562.112/0001-20;PRICEWATERHOUSECOOPERS AUDITORES INDEPENDENTES LTDA.
75.609.123/0001-23;UNIDAS LOCAÇÕES E SERVIÇOS S.A.;;2013-11-14;1973-05-29;;;ATIVO;2013-11-14;23280;Serviços Transporte e Logística;BALCÃO ORGANIZADO;Categoria A;2023-10-09;FASE OPERACIONAL;2013-07-15;PRIVADO;SEDE;Rua João Chede, nº 3.136;-;Cidade Industrial;CURITIBA;PR;BRASIL;81170220;41;30947251;41;32397095;ri.unidas@unidas.com.br;DIRETOR DE RELAÇÕES COM INVESTIDORES;Felipe Melo Franco Abud;2025-04-01;Rua João Chede, nº 3.136;-;Cidade Industrial;CURITIBA;;;81170220;41;30947251;;;ri.unidas@unidas.com.br;61.366.936/0001-25;ERNST & YOUNG AUDITORES INDEPENDENTES S/S LTDA.
45.736.131/0001-70;UNIDAS LOCADORA S.A.;UNIDAS LOCADORA S.A.;2023-05-05;2022-03-09;;;ATIVO;2023-05-05;27162;Serviços Transporte e Logística;;Categoria B;2023-03-06;FASE OPERACIONAL;2023-03-06;PRIVADO;SEDE;AVENIDA DOS ANDRADAS, Nº 3.000;SALAS 32 E 33;SANTA EFIGêNIA;BELO HORIZONTE;MG;;30260070;41;32397052;;;juridico.unidas@unidas.com.br/ri.unidas@unidas.com.br;DIRETOR DE RELAÇÕES COM INVESTIDORES;Felipe Melo Franco Abud;2025-04-01;Rua João Chede, nº 3.136;;CIC;CURITIBA;;;81170220;41;32397052;;;ri.unidas@unidas.com.br;61.366.936/0001-25;ERNST & YOUNG AUDITORES INDEPENDENTES S/S LTDA.
02.255.187/0001-08;UNIFIQUE TELECOMUNICAÇÕES S.A.;;2021-07-23;1997-11-05;;;ATIVO;2021-07-23;26050;Emp. Adm. Part. - Telecomunicações;;Categoria A;2021-07-23;FASE OPERACIONAL;2021-05-11;PRIVADO;SEDE;Rua Duque de Caxias, nº 831;;Centro;TIMBÓ;SC;BRASIL;89090003;47;33802108;;;ri@redeunifique.com.br;DIRETOR DE RELAÇÕES COM INVESTIDORES;Luiz Bogo Junior;2025-04-01;Rua Duque de Caxias, nº 831;;Centro;TIMBÓ;;;89090003;47;933802162;;;luiz.bogo@redeunifique.com.br;61.366.936/0001-25;ERNST & YOUNG AUDITORES INDEPENDENTES S/S LTDA.
33.958.695/0001-78;UNIPAR CARBOCLORO S.A.;UNIPAR CARBOCLORO S.A.;1971-12-08;1969-05-28;;;ATIVO;1971-12-08;11592;Petroquímicos e Borracha;BALCÃO ORGANIZADO;Categoria A;2010-01-01;FASE OPERACIONAL;1971-12-08;PRIVADO;SEDE;Avenida Presidente Juscelino Kubitschek, nº 1327;22º andar;Itaim Bibi;SÃO PAULO;SP;BRASIL;4543011;11;37044200;;;ri@unipar.com;DIRETOR DE RELAÇÕES COM INVESTIDORES;Alexandre Jerussalmy;2024-04-01;Av. Presidente Juscelino Kubitschek, 1327;22º andar;Vila Nova Conceição;SÃO PAULO;;;4543011;11;37044200;;;ri@unipar.com;61.366.936/0001-25;ERNST & YOUNG AUDITORES INDEPENDENTES S/S LTDA.
33.958.695/0001-78;UNIPAR CARBOCLORO S.A.;UNIPAR CARBOCLORO S.A.;1971-12-08;1969-05-28;;;ATIVO;1971-12-08;11592;Petroquímicos e Borracha;BOLSA;Categoria A;2010-01-01;FASE OPERACIONAL;1971-12-08;PRIVADO;SEDE;Avenida Presidente Juscelino Kubitschek, nº 1327;22º andar;Itaim Bibi;SÃO PAULO;SP;BRASIL;4543011;11;37044200;;;ri@unipar.com;DIRETOR DE RELAÇÕES COM INVESTIDORES;Alexandre Jerussalmy;2024-04-01;Av. Presidente Juscelino Kubitschek, 1327;22º andar;Vila Nova Conceição;SÃO PAULO;;;4543011;11;37044200;;;ri@unipar.com;61.366.936/0001-25;ERNST & YOUNG AUDITORES INDEPENDENTES S/S LTDA.
10.571.175/0001-02;URBA DESENVOLVIMENTO URBANO S.A.;;2021-01-25;2009-01-13;;;ATIVO;2021-01-25;25437;Construção Civil, Mat. Constr. e Decoração;;Categoria A;2021-01-25;FASE OPERACIONAL;2020-08-28;PRIVADO;SEDE;Avenida Professor Mário Werneck, nº 621;10º andar;Estoril;BELO HORIZONTE;MG;BRASIL;30455610;31;36158817;31;36158817;ri.urba@vivaurba.com.br;DIRETOR DE RELAÇÕES COM INVESTIDORES;José Roberto Diniz Santos;2020-08-10;Avenida Professor Mário Werneck, nº 621;10º andar;Estoril;BELO HORIZONTE;MG;;30455610;31;36158817;;;ri.urba@vivaurba.com.br;61.366.936/0001-25;ERNST & YOUNG AUDITORES INDEPENDENTES S/S LTDA.
04.739.720/0001-24;USINA TERMELÉTRICA PAMPA SUL S.A.;USINA TERMELÉTRICA PAMPA SUL S.A.;2020-05-04;2001-10-31;;;ATIVO;2020-05-04;24945;Energia Elétrica;BALCÃO ORGANIZADO;Categoria B;2020-05-04;FASE OPERACIONAL;2020-03-03;PRIVADO;SEDE;Avenida Dois (Loteamento Parque Una Pelotas), 105;salas 507, 708, 710;São Gonçalo;PELOTAS;RS;BRASIL;96075166;048;32217010;;;fernao.magalhaes@pampasulenergia.com.br;DIRETOR DE RELAÇÕES COM INVESTIDORES;FERNÃO FELIPE DE ALMEIDA MAGALHÃES;2023-05-31;Avenida Dois (Loteamento Parque Una Pelotas), 105;salas 507, 708, 710;São Gonçalo;PELOTAS;;;96075166;53;32454000;;;fernao.magalhaes@pampasulenergia.com.br;61.366.936/0001-25;ERNST & YOUNG AUDITORES INDEPENDENTES S/S LTDA.
60.894.730/0001-05;USINAS SID DE MINAS GERAIS S.A.-USIMINAS;USIMINAS;1994-04-11;1956-04-25;;;ATIVO;1994-04-11;14320;Metalurgia e Siderurgia;BALCÃO ORGANIZADO;Categoria A;2010-01-01;FASE OPERACIONAL;1994-04-11;PRIVADO;SEDE;Av. do Contorno, 6594;Andar 11;Savassi;BELO HORIZONTE;MG;BRASIL;30110044;31;34998775;31;34998771;;DIRETOR DE RELAÇÕES COM INVESTIDORES;DIEGO EDUARDO GARCIA;2026-02-01;AV. DO CONTORNO, 6594;ANDAR 11;SAVASSI;BELO HORIZONTE;MG;;30110044;31;34998856;0;0;dri@usiminas.com;61.366.936/0001-25;ERNST & YOUNG AUDITORES INDEPENDENTES S/S LTDA.
60.894.730/0001-05;USINAS SID DE MINAS GERAIS S.A.-USIMINAS;USIMINAS;1994-04-11;1956-04-25;;;ATIVO;1994-04-11;14320;Metalurgia e Siderurgia;BOLSA;Categoria A;2010-01-01;FASE OPERACIONAL;1994-04-11;PRIVADO;SEDE;Av. do Contorno, 6594;Andar 11;Savassi;BELO HORIZONTE;MG;BRASIL;30110044;31;34998775;31;34998771;;DIRETOR DE RELAÇÕES COM INVESTIDORES;DIEGO EDUARDO GARCIA;2026-02-01;AV. DO CONTORNO, 6594;ANDAR 11;SAVASSI;BELO HORIZONTE;MG;;30110044;31;34998856;0;0;dri@usiminas.com;61.366.936/0001-25;ERNST & YOUNG AUDITORES INDEPENDENTES S/S LTDA.
02.041.460/0001-93;V. TAL - REDE NEUTRA DE TELECOMUNICAÇÕES S.A.;BRASIL TELECOM;2022-11-11;1997-06-14;;;ATIVO;2022-11-11;27022;Telecomunicações;;Categoria B;2022-09-01;FASE OPERACIONAL;2022-11-11;PRIVADO;SEDE;Rua Casa do Ator, 919;;Vila Olímpia;SÃO PAULO;SP;BRASIL;4546003;11;58270222;;;ri@vtal.com;DIRETOR DE RELAÇÕES COM INVESTIDORES;José Miguel Vilela Júnior;2022-08-05;Rua Casa do Ator, 919;4º andar;Vila Olímpia;SÃO PAULO;SP;;4546003;11;949810233;;;ri@vtal.com;61.366.936/0001-25;ERNST & YOUNG AUDITORES INDEPENDENTES S/S LTDA.
33.592.510/0001-54;VALE S.A.;VALE;1970-01-02;1942-06-01;;;ATIVO;1970-01-02;4170;Extração Mineral;BALCÃO ORGANIZADO;Categoria A;2010-01-01;FASE OPERACIONAL;1970-01-02;PRIVADO;SEDE;Torre Oscar Niemeyer, Praia de Botafogo nº 186;Salas 1101 1701 1801;Botafogo;RIO DE JANEIRO;RJ;BRASIL;22250145;21;34853900;;;vale.ri@vale.com;DIRETOR DE RELAÇÕES COM INVESTIDORES;Marcelo Feriozzi Bacci;2024-11-29;Praia de Botafogo, 186;19o andar;Botafogo;RIO DE JANEIRO;RJ;;22250145;21;34855000;;;dri.vale.sa@vale.com;61.562.112/0001-20;PRICEWATERHOUSECOOPERS AUDITORES INDEPENDENTES LTDA.
33.592.510/0001-54;VALE S.A.;VALE;1970-01-02;1942-06-01;;;ATIVO;1970-01-02;4170;Extração Mineral;BOLSA;Categoria A;2010-01-01;FASE OPERACIONAL;1970-01-02;PRIVADO;SEDE;Torre Oscar Niemeyer, Praia de Botafogo nº 186;Salas 1101 1701 1801;Botafogo;RIO DE JANEIRO;RJ;BRASIL;22250145;21;34853900;;;vale.ri@vale.com;DIRETOR DE RELAÇÕES COM INVESTIDORES;Marcelo Feriozzi Bacci;2024-11-29;Praia de Botafogo, 186;19o andar;Botafogo;RIO DE JANEIRO;RJ;;22250145;21;34855000;;;dri.vale.sa@vale.com;61.562.112/0001-20;PRICEWATERHOUSECOOPERS AUDITORES INDEPENDENTES LTDA.
33.113.309/0001-47;VALID SOLUÇÕES S.A.;AMERICAN BANKNOTE COMPANY;2006-04-12;1957-01-01;;;ATIVO;2006-04-12;20028;Comunicação e Informática;BOLSA;Categoria A;2010-01-01;FASE OPERACIONAL;2006-04-12;PRIVADO;SEDE;R. Laura Maiello Kook;511;Ipanema das Pedras;SOROCABA;SP;BRASIL;18052445;021;21957200;21;21958395;ri@valid.com.br;DIRETOR DE RELAÇÕES COM INVESTIDORES;OLAVO REGAL MAIA MENDES VAZ;2024-08-01;Alameda Rio Claro 241;1º Subsolo;Bela Vista;SÃO PAULO;;;1332907;21;993295801;;;ri@valid.com;61.366.936/0001-25;ERNST & YOUNG AUDITORES INDEPENDENTES S/S LTDA.
23.373.000/0001-32;VAMOS LOCAÇÃO DE CAMINHÕES, MÁQUINAS E EQUIPAMENTOS S.A.;VAMOS LOCAÇÃO DE CAMINHÕES, MÁQUINAS E EQUIPAMENTOS S.A.;2019-04-30;2015-09-21;;;ATIVO;2019-04-30;24716;Serviços Transporte e Logística;BOLSA;Categoria A;2019-04-30;FASE OPERACIONAL;2019-02-25;PRIVADO;SEDE;Rua Doutor Renato Paes de Barros, 1017;6º andar;Itaim Bibi;SÃO PAULO;SP;BRASIL;4530001;11;23885336;11;31544000;;DIRETOR DE RELAÇÕES COM INVESTIDORES;José Cezário Menezes de Barros Sobrinho;2024-06-01;Rua Doutor Renato Paes de Barros, 1017;6º andar;Itaim Bibi;SÃO PAULO;;;4530001;11;31544000;;;ri@grupovamos.com.br;61.562.112/0001-20;PRICEWATERHOUSECOOPERS AUDITORES INDEPENDENTES LTDA.
31.748.174/0001-60;VERO S.A.;VERO S.A.;2021-11-26;2018-10-11;;;ATIVO;2021-11-26;26409;Telecomunicações;;Categoria A;2021-11-26;FASE OPERACIONAL;2021-08-18;PRIVADO;SEDE;Av. Dra. Ruth Cardoso, 7221;13º andar;Pinheiros;SÃO PAULO;SP;BRASIL;5425902;11;39563298;;;ri@verointernet.com.br;DIRETOR DE RELAÇÕES COM INVESTIDORES;Ricardo Rocha Perrone;2026-01-09;Av. Dra. Ruth Cardoso, 7221;13º andar;Pinheiros;SÃO PAULO;SP;;5425902;11;39563298;;;ri@verointernet.com.br;57.755.217/0001-29;KPMG AUDITORES INDEPENDENTES LTDA.
49.669.856/0001-43;VESTE SA ESTILO;LE LIS BLANC DEUX;2008-04-18;1982-01-01;;;ATIVO;2008-04-18;21440;Emp. Adm. Part. - Comércio (Atacado e Varejo);BOLSA;Categoria A;2010-01-01;FASE OPERACIONAL;2008-04-18;PRIVADO;SEDE;Rua Othão;405;Vila Leopoldina;SÃO PAULO;SP;BRASIL;5313020;011;21492500;11;21492681;ri@veste.com;DIRETOR DE RELAÇÕES COM INVESTIDORES;Elisa Bastos de Lima;2023-05-12;Rua Othão;405;Vila Leopoldina;SÃO PAULO;SP;;5313020;11;48608500;;;ri@veste.com;49.928.567/0001-11;DELOITTE TOUCHE TOHMATSU AUDITORES INDEPENDENTES LTDA.
47.155.252/0001-53;VIA ARAUCÁRIA CONCESSIONÁRIA DE RODOVIAS S.A.;VIA ARAUCÁRIA CONCESSIONÁRIA DE RODOVIAS S.A.;2025-10-10;2022-07-12;;;ATIVO;2025-10-10;27936;Serviços Transporte e Logística;;Categoria B;2025-06-30;FASE OPERACIONAL;2025-06-30;PRIVADO;SEDE;Av Sete de Setembro, 4476;Conj. 1201 Andar 12;Batel;CURITIBA;PR;BRASIL;80250085;43;30213060;;;faleconosco@viaaraucaria.com.br;DIRETOR DE RELAÇÕES COM INVESTIDORES;Gilson de Oliveira Carvalho;2023-12-18;Av Sete de Setembro, 4476;Conj. 1201 Andar 12;Batel;CURITIBA;PR;;80250085;43;30213060;;;gilson.carvalho@ibhservicos.com.br;57.755.217/0001-29;KPMG AUDITORES INDEPENDENTES LTDA.
44.067.725/0001-72;VIA BRASIL BR 163 CONCESSIONARIA DE RODOVIAS S.A.;VIA BRASIL BR 163 CONCESSIONÁRIA DE RODOVIAS S.A.;2022-08-10;2021-09-28;;;ATIVO;2022-08-10;26913;Serviços Transporte e Logística;;Categoria B;2022-03-30;FASE PRÉ-OPERACIONAL;2022-03-30;PRIVADO;SEDE;Avenida das Sibipirunas, 2957;;Setor Comercial;SINOP;MT;BRASIL;78550031;43;991335485;;;ri@viabrasilbr163.com.br;DIRETOR DE RELAÇÕES COM INVESTIDORES;Ismael Rosa;2025-09-10;Avenida Sibipirunas nº2957;Setor Residencial Su;Setor Residencial;SINOP;;;78550031;14;998259542;;;ismael.rosa@viabrasilbr163.com.br;61.562.112/0001-20;PRICEWATERHOUSECOOPERS AUDITORES INDEPENDENTES LTDA.
28.019.100/0001-89;VIAPAULISTA S.A.;VIAPAULISTA S.A.;2021-02-19;2017-06-22;;;ATIVO;2021-02-19;25607;Serviços Transporte e Logística;;Categoria B;2021-02-19;FASE OPERACIONAL;2020-11-13;PRIVADO;SEDE;Rodovia Anhanguera s/n;KM 312,2 Norte;Jardim Joquei Clube;RIBEIRÃO PRETO;SP;BRASIL;14079000;16;21024200;16;21024200;ri@arteris.com.br;DIRETOR DE RELAÇÕES COM INVESTIDORES;Nilton Leonardo Fernandes de Oliveira;2023-10-01;Av. Presidente Juscelino Kubtischeck, 510;12 andar;Itaim Bibi;SÃO PAULO;SP;;4543011;11;30742400;;;ri@arteris.com.br;49.928.567/0001-11;DELOITTE TOUCHE TOHMATSU AUDITORES INDEPENDENTES LTDA.
10.635.691/0001-53;VIARONDON CONCESSIONÁRIA DE RODOVIA SA;VIARONDON CONCESSIONÁRIA DE RODOVIA SA;2011-07-21;2007-12-18;;;ATIVO;2011-07-21;22543;Serviços Transporte e Logística;;Categoria B;2011-07-21;FASE OPERACIONAL;2011-07-21;PRIVADO HOLDING;SEDE;Rua João Moreira da Silva, 509;Térrio;Jardim Americano,;LINS;SP;BRASIL;16400660;14;35332650;14;35332650;ri@viarondon.com.br;DIRETOR DE RELAÇÕES COM INVESTIDORES;MARCELO DE AFONSECA E SILVA;2026-03-01;RUA JOÃO MOREIRA DA SILVA;;JARDIM AMERICANO;LINS;SP;;16400660;14;35332650;;;ri@viarondon.com.br;54.276.936/0001-79;BDO RCS AUDITORES INDEPENDENTES - SOCIEDADE SIMPLES LIMITADA
34.274.233/0001-02;VIBRA ENERGIA S/A;VIBRA ENERGIA S/A;2017-12-12;1971-11-12;;;ATIVO;2017-12-12;24295;Comércio (Atacado e Varejo);BALCÃO ORGANIZADO;Categoria A;2017-12-12;FASE OPERACIONAL;2017-10-17;PRIVADO;SEDE;Rua Correia Vasques nº 250;9º andar;Cidade Nova;RIO DE JANEIRO;RJ;BRASIL;20211140;21;23544015;;;ri@vibraenergia.com.br;DIRETOR DE RELAÇÕES COM INVESTIDORES;Maurício Fernandes Teixeira;2026-02-02;Rua Correia Vasquez, 250;9º andar;Cidade Nova;RIO DE JANEIRO;;;20211140;21;23544045;;;ri@vibraenergia.com.br;57.755.217/0001-29;KPMG AUDITORES INDEPENDENTES LTDA.
34.274.233/0001-02;VIBRA ENERGIA S/A;VIBRA ENERGIA S/A;2017-12-12;1971-11-12;;;ATIVO;2017-12-12;24295;Comércio (Atacado e Varejo);BOLSA;Categoria A;2017-12-12;FASE OPERACIONAL;2017-10-17;PRIVADO;SEDE;Rua Correia Vasques nº 250;9º andar;Cidade Nova;RIO DE JANEIRO;RJ;BRASIL;20211140;21;23544015;;;ri@vibraenergia.com.br;DIRETOR DE RELAÇÕES COM INVESTIDORES;Maurício Fernandes Teixeira;2026-02-02;Rua Correia Vasquez, 250;9º andar;Cidade Nova;RIO DE JANEIRO;;;20211140;21;23544045;;;ri@vibraenergia.com.br;57.755.217/0001-29;KPMG AUDITORES INDEPENDENTES LTDA.
02.536.066/0001-26;VITAL ENGENHARIA AMBIENTAL S.A.;VITAL ENGENHARIA AMBIENTAL S.A.;2024-07-02;1998-02-01;;;ATIVO;2024-07-02;27510;Saneamento, Serv. Água e Gás;;Categoria A;2024-04-12;FASE OPERACIONAL;2024-04-12;PRIVADO;SEDE;Rua Santa Luzia, n° 651;5º andar (parte);Centro;RIO DE JANEIRO;RJ;BRASIL;20030041;21;21317204;;;ri@vitalambiental.com.br;DIRETOR DE RELAÇÕES COM INVESTIDORES;Ricardo Mota de Farias;2024-04-04;Rua Santa Luzia, n° 651;5º andar (parte);Centro;RIO DE JANEIRO;RJ;;20030041;21;21317204;;;ri@vitalambiental.com.br;10.830.108/0001-65;GRANT THORNTON AUDITORES INDEPENDENTES LTDA.
20.512.706/0001-40;VITRU EDUCAÇÃO S.A.;;2023-01-05;2014-06-26;;;ATIVO;2023-01-05;27057;Educação;;Categoria A;2023-12-04;FASE OPERACIONAL;2022-09-08;PRIVADO HOLDING;SEDE;Rua Tenente Negrão, 100;13 andar;Itaim Bibi;SÃO PAULO;SP;BRASIL;4530030;11;982617017;;;ir@vitru.com.br;DIRETOR DE RELAÇÕES COM INVESTIDORES;Gabriel Silva Lobo Leite;2024-08-28;Rodovia José Carlos Daux, n.º 5500, torre Jurerê A;2º Andar, Sala T;Saco Grande;FLORIANÓPOLIS;SC;;88032005;47;32819500;;;ir@vitru.com.br;49.928.567/0001-11;DELOITTE TOUCHE TOHMATSU AUDITORES INDEPENDENTES LTDA.
45.365.558/0001-09;VITTIA S.A.;VITTIA S.A.;2021-04-28;1971-06-16;;;ATIVO;2021-04-28;25763;Agricultura (Açúcar, Álcool e Cana);;Categoria A;2021-04-28;FASE OPERACIONAL;2020-11-17;PRIVADO;SEDE;Avenida Marginal Esquerda, 1.000;;Distrito Industrial;SÃO JOAQUIM DA BARRA;SP;BRASIL;14600000;16;38108000;;;ri@vittia.com.br;DIRETOR DE RELAÇÕES COM INVESTIDORES;Alexandre Del Nero Frizzo;2020-11-16;Avenida Marginal Esquerda, 1.000;;Distrito Industrial;SÃO JOAQUIM DA BARRA;SP;;14600000;16;38108028;;;ri@vittia.com.br;49.928.567/0001-11;DELOITTE TOUCHE TOHMATSU AUDITORES INDEPENDENTES LTDA.
33.839.910/0001-11;VIVARA PARTICIPAÇÕES S.A.;VIVARA PARTICIPAÇÕES S.A.;2019-10-08;2019-05-23;;;ATIVO;2019-10-08;24805;Comércio (Atacado e Varejo);BOLSA;Categoria A;2019-10-08;FASE OPERACIONAL;2019-08-19;PRIVADO;SEDE;Rua Verbo Divino, 1207;Edifício São José;Chác. Santo Antonio;SÃO PAULO;SP;BRASIL;4719901;11;38960555;11;38960580;ri@vivara.com.br;DIRETOR DE RELAÇÕES COM INVESTIDORES;Elias Leal Lima;2025-02-16;Rua Verbo Divino, 1207;Edifício São José;Chác. Santo Antonio;SÃO PAULO;;;4719901;11;953941234;;;ri@vivara.com.br;57.755.217/0001-29;KPMG AUDITORES INDEPENDENTES LTDA.
67.571.414/0001-41;VIVER INCORPORADORA E CONSTRUTORA S.A;VIVER;2007-05-23;1992-02-06;;;ATIVO;2007-05-23;20702;Construção Civil, Mat. Constr. e Decoração;BOLSA;Categoria A;2010-01-01;FASE OPERACIONAL;2021-12-20;PRIVADO HOLDING;SEDE;Avenida Brigadeiro Faria Lima, nº 1.656;1º Andar;Jardim Paulistano;SÃO PAULO;SP;BRASIL;1451918;11;30463000;11;30463046;ri.viver@viver.com.br;DIRETOR DE RELAÇÕES COM INVESTIDORES;Rogério Santos Martins Windberg;2025-04-29;Avenida Brigadeiro Faria Lima, nº 1.656;1º Andar;Jardim Paulistano;SÃO PAULO;SP;;1451918;11;30463156;;;ri.viver@viver.com.br;54.276.936/0001-79;BDO RCS AUDITORES INDEPENDENTES - SOCIEDADE SIMPLES LIMITADA
32.681.371/0001-72;VIX LOGÍSTICA S/A;VIX LOGÍSTICA S/A;2007-11-27;2003-01-01;;;ATIVO;2007-11-27;21202;Serviços Transporte e Logística;BALCÃO NÃO ORGANIZADO;Categoria A;2012-05-04;FASE OPERACIONAL;2007-11-27;PRIVADO;SEDE;AV. JERONIMO VERVLOET, 345;;GOIABEIRAS;VITÓRIA;ES;BRASIL;29075140;27;21251800;27;33270790;ri@vix.com.br;DIRETOR DE RELAÇÕES COM INVESTIDORES;André Luiz Chieppe;2020-09-01;Avenida Jeronimo Vervloet;345;Goibeiras;VITÓRIA;ES;;29075140;27;21251803;;;ri@vix.com.br;49.928.567/0001-11;DELOITTE TOUCHE TOHMATSU AUDITORES INDEPENDENTES LTDA.
32.681.371/0001-72;VIX LOGÍSTICA S/A;VIX LOGÍSTICA S/A;2007-11-27;2003-01-01;;;ATIVO;2007-11-27;21202;Serviços Transporte e Logística;BOLSA;Categoria A;2012-05-04;FASE OPERACIONAL;2007-11-27;PRIVADO;SEDE;AV. JERONIMO VERVLOET, 345;;GOIABEIRAS;VITÓRIA;ES;BRASIL;29075140;27;21251800;27;33270790;ri@vix.com.br;DIRETOR DE RELAÇÕES COM INVESTIDORES;André Luiz Chieppe;2020-09-01;Avenida Jeronimo Vervloet;345;Goibeiras;VITÓRIA;ES;;29075140;27;21251803;;;ri@vix.com.br;49.928.567/0001-11;DELOITTE TOUCHE TOHMATSU AUDITORES INDEPENDENTES LTDA.
04.212.396/0001-91;VOKE S.A.;VOKE S.A.;2023-10-03;2011-09-05;;;ATIVO;2023-10-03;27324;Emp. Adm. Part. - Comunicação e Informática;;Categoria A;2023-09-18;FASE OPERACIONAL;2023-09-18;PRIVADO;SEDE;Avenida Guido Caloi, 1985;Galpão 23;Jardim São Luís;SÃO PAULO;SP;BRASIL;5802140;11;28587630;;;ri@voke.tech;DIRETOR DE RELAÇÕES COM INVESTIDORES;PEDRO HENRIQUE DE AZEVEDO FRANCO;2026-05-18;Avenida Guido Caloi, 1985;Galpão 23;Jardim São Luís;SÃO PAULO;SP;;5802140;11;28587630;;;ri@voke.tech;61.562.112/0001-20;PRICEWATERHOUSECOOPERS AUDITORES INDEPENDENTES LTDA.
01.637.895/0001-32;VOTORANTIM CIMENTOS S.A.;;2023-05-10;1997-01-09;;;ATIVO;2023-05-10;27189;Construção Civil, Mat. Constr. e Decoração;;Categoria A;2023-05-10;FASE OPERACIONAL;2023-03-06;PRIVADO;SEDE;Rua Gomes de Carvalho 1996, 12º andar;conjunto 122;Vila Olímpia;SÃO PAULO;SP;BRASIL;4547905;11;21620600;11;21620670;vc-ri@vcimentos.com rivc@vcimentos.com;DIRETOR DE RELAÇÕES COM INVESTIDORES;Antonio Miguel Sousa Pelicano;2024-09-30;Rua Gomes de Carvalho 1996, 12º andar;conjunto 122;Vila Olímpia;SÃO PAULO;;;4547905;11;45724000;;;vc-ri@vcimentos.com;61.562.112/0001-20;PRICEWATERHOUSECOOPERS AUDITORES INDEPENDENTES LTDA.
41.570.356/0001-48;VRENTAL LOCAÇÃO DE MÁQUINAS E EQUIPAMENTOS S.A.;VRENTAL LOCAÇÃO DE MÁQUINAS E EQUIPAMENTOS S.A.;2023-07-11;2021-03-30;;;ATIVO;2023-07-11;27235;Máquinas, Equipamentos, Veículos e Peças;;Categoria B;2023-07-11;FASE OPERACIONAL;2023-04-28;PRIVADO;SEDE;Rua Pedro Gonçalves, 1400;Sala 51;Centro;INDAIATUBA;SP;BRASIL;13330210;81;21294200;;;ri@vrental.com.br;DIRETOR DE RELAÇÕES COM INVESTIDORES;EDMAR PRADO LOPES NETO;2025-07-01;Rua Pedro Gonçalves, 1400;Sala 51;Centro;INDAIATUBA;SP;;13330210;19;38169896;;;ri@vrental.com.br;10.830.108/0001-65;GRANT THORNTON AUDITORES INDEPENDENTES LTDA.
50.926.955/0001-42;VULCABRAS S.A.;VULCABRAS S/A.;1977-07-20;1952-07-29;;;ATIVO;1977-07-20;11762;Têxtil e Vestuário;BOLSA;Categoria A;2010-01-01;FASE OPERACIONAL;1977-07-20;PRIVADO;SEDE;Av. Antônio Frederico Ozanan;1440;Da Grama;JUNDIAÍ;SP;BRASIL;13219001;11;45321000;;;dri@vulcabras.com;DIRETOR DE RELAÇÕES COM INVESTIDORES;Wagner Dantas da Silva;2019-08-05;Av. Antônio Frederico Ozanan;1440;Da Grama;JUNDIAÍ;SP;;13219001;11;45321068;;;dri@vulcabras.com;61.366.936/0001-25;ERNST & YOUNG AUDITORES INDEPENDENTES S/S LTDA.
09.813.204/0001-16;W2W E-COMMERCE DE VINHOS S.A.;W2W E-COMMERCE DE VINHOS S.A;2021-05-12;2008-07-03;;;ATIVO;2021-05-12;25852;Comércio (Atacado e Varejo);;Categoria A;2021-05-12;FASE OPERACIONAL;2020-09-02;PRIVADO;SEDE;Rua Comendador Alcides Simão Helou, nº 1565;Sala 01;Civit II;SERRA;ES;BRASIL;29168090;27;33989456;;;ri@wine.com.br;DIRETOR DE RELAÇÕES COM INVESTIDORES;Gabriel Lorenzoni Benz;2024-11-04;Rua Comendador Alcides Simão Helou, nº 1565;Sala 01;Civit II;SERRA;ES;;29168090;27;33989456;;;ri@wine.com.br;61.562.112/0001-20;PRICEWATERHOUSECOOPERS AUDITORES INDEPENDENTES LTDA.
84.429.695/0001-11;WEG SA;WEG SA;1982-02-09;1961-06-30;;;ATIVO;1982-02-09;5410;Emp. Adm. Part. - Máqs., Equip., Veíc. e Peças;BOLSA;Categoria A;2010-01-01;FASE OPERACIONAL;1982-02-09;PRIVADO HOLDING;SEDE;Av. Prefeito Waldemar Grubba;3300;Vila Lalau;JARAGUÁ DO SUL;SC;BRASIL;89256900;47;32764000;47;32764012;;DIRETOR DE RELAÇÕES COM INVESTIDORES;André Menegueti Salgueiro;2022-01-01;Av. Prefeito Waldemar Grubba 3300;;Vila Lalau;JARAGUÁ DO SUL;SC;;89256900;47;32766106;;;ri@weg.net;61.562.112/0001-20;PRICEWATERHOUSECOOPERS AUDITORES INDEPENDENTES LTDA.
14.776.142/0001-50;WESTWING COMÉRCIO VAREJISTA S.A.;WESTWING COMÉRCIO VAREJISTA S.A.;2021-02-09;2012-12-12;;;ATIVO;2021-02-09;25518;Comércio (Atacado e Varejo);BOLSA;Categoria A;2021-02-09;FASE OPERACIONAL;2020-12-03;PRIVADO;SEDE;Av. Queiroz Filho, 1700;Torre A;Vila Hamburguesa;SÃO PAULO;SP;BRASIL;5319000;11;35882000;;;ri@westwing.com.br;DIRETOR DE RELAÇÕES COM INVESTIDORES;André Machado Sanson de Oliveira;2026-03-24;Avenida Queiroz Filho, n° 1.700, Torre A;5º Andar;Vila Hamburguesa;SÃO PAULO;;;5319000;11;35882000;;;ri@westwing.com.br;10.830.108/0001-65;GRANT THORNTON AUDITORES INDEPENDENTES LTDA.
84.683.671/0001-94;WETZEL S.A.;WETZEL S.A.;1984-10-09;1932-04-11;;;ATIVO;1984-10-09;11991;Metalurgia e Siderurgia;BOLSA;Categoria A;2010-01-01;FASE OPERACIONAL;2022-09-26;PRIVADO;SEDE;Rua Dona Francisca, nº 8300, Perini Business Park;Bloco H;Distrito Industrial;JOINVILLE;SC;BRASIL;89219600;47;34518500;47;34518528;dri@wetzel.com.br;DIRETOR DE RELAÇÕES COM INVESTIDORES;André Luís Wetzel da Silva;2020-04-28;Rua Alexandre Dohler;276;Centro;JOINVILLE;SC;;89201260;47;34518540;;;dri@wetzel.com.br;49.035.030/0001-22;DOROS AUDITORIA
59.105.999/0001-86;WHIRLPOOL S.A;WHIRLPOOL S.A;1994-04-22;1972-06-06;;;ATIVO;1994-04-22;14346;Máquinas, Equipamentos, Veículos e Peças;BOLSA;Categoria A;2010-01-01;FASE OPERACIONAL;1994-04-22;ESTRANGEIRO;SEDE;Rua Olympia Semeraro, 675;1º Andar Sala 06 PA;Jardim Santa Emilia;SÃO PAULO;SP;BRASIL;4183090;11;35661434;11;37876484;investidores@whirlpool.com;DIRETOR DE RELAÇÕES COM INVESTIDORES;Francisco Augusto Semeraro Neto;2025-11-03;Rua Olympia Semeraro;675;Jardim Santa Emilia;SÃO PAULO;SP;;4183090;11;35661434;;;investidores@whirlpool.com;61.366.936/0001-25;ERNST & YOUNG AUDITORES INDEPENDENTES S/S LTDA.
42.278.473/0001-03;WIZ CO PARTICIPAÇÕES E CORRETAGEM DE SEGUROS S.A.;WIZ CO PARTICIPAÇÕES E CORRETAGEM DE SEGUROS S.A.;2015-05-11;1973-07-05;;;ATIVO;2015-05-11;23590;Seguradoras e Corretoras;BOLSA;Categoria A;2015-05-11;FASE OPERACIONAL;2015-04-10;PRIVADO;SEDE;Setor Comercial Norte, Quadra 02, Bloco D, Ed. Liberty Mall;Entrada B, Sala 1301;Asa Norte;BRASÍLIA;DF;BRASIL;70712903;61;34261600;61;34269500;ri@wiz.co;DIRETOR DE RELAÇÕES COM INVESTIDORES;Lucas Moreno Neves;2023-03-21;Setor Comercial Norte, Quadra 02, Bloco D, Ed. Liberty Mall;Entrada B, Sala 1301;Asa Norte;BRASÍLIA;DF;;70712903;11;30800100;;;ri@wiz.co;54.276.936/0001-79;BDO RCS AUDITORES INDEPENDENTES - SOCIEDADE SIMPLES LIMITADA
33.228.024/0001-51;WLM PART. E COMÉRCIO DE MÁQUINAS E VEÍCULOS S.A.;WLM;1971-01-07;1946-10-25;;;ATIVO;1971-01-07;11070;Emp. Adm. Part. - Máqs., Equip., Veíc. e Peças;BOLSA;Categoria A;2010-01-01;FASE OPERACIONAL;1971-01-07;PRIVADO;SEDE;Praia do Flamengo nº 200;19º andar;Flamengo;RIO DE JANEIRO;RJ;BRASIL;22210901;21;39746550;21;25338010;wlm@wlm.com.br;DIRETOR DE RELAÇÕES COM INVESTIDORES;LEANDRO CARDOSO MASSA;2021-12-29;Praia do Flamengo, 200;19º andar;Flamengo;RIO DE JANEIRO;RJ;;22210901;21;39746573;;;dri@wlm.com.br;10.830.108/0001-65;GRANT THORNTON AUDITORES INDEPENDENTES LTDA.
01.319.044/0001-41;WTC AMAZONAS SUITE HOTEL S.A.;SUNPLAZA SA;1996-09-18;1996-06-01;;;ATIVO;1996-09-18;15741;Hospedagem e Turismo;;Categoria B;2012-03-12;FASE PRÉ-OPERACIONAL;1996-09-18;PRIVADO;SEDE;RUA ESTADOS UNIDOS, Nº 1093;SALA 10;JARDIM AMERICA;SÃO PAULO;SP;BRASIL;2406030;11;30824008;11;55065446;intercorpconsultoria@uol.com.br;DIRETOR DE RELAÇÕES COM INVESTIDORES;ANDRÉ BOMENY FREIRE;2024-04-30;RUA ESTADOS UNIDOS, Nº 1093;SALA 10;JARDIM AMERICA;SÃO PAULO;SP;;1427001;11;30824008;;;intercorpconsultoria@uol.com.br;03.423.123/0001-23;GLOBAL AUDITORES INDEPENDENTES  S/S LTDA.
01.989.044/0001-59;WTC RIO EMPREEND. E PARTICIPAÇÕES S.A.;WTC RIO EMPR PARTS;1997-10-30;1997-06-16;;;ATIVO;1997-10-30;16551;Hospedagem e Turismo;;Categoria B;2013-07-19;FASE PRÉ-OPERACIONAL;1997-10-30;PRIVADO;SEDE;RUA ESTADOS UNIDOS, Nº 1093;SALA 9;JARDIM AMERICA;SÃO PAULO;SP;BRASIL;1427001;11;30824008;11;30824008;intercorpconsultoria@uol.com.br;DIRETOR DE RELAÇÕES COM INVESTIDORES;ANDRÉ BOMENY FREIRE;2024-04-30;RUA ESTADOS UNIDOS, Nº 1093;SALA 9;JARDIM AMERICA;SÃO PAULO;SP;;1427001;11;30824008;;;intercorpconsultoria@uol.com.br;03.423.123/0001-23;GLOBAL AUDITORES INDEPENDENTES  S/S LTDA.
03.538.833/0001-07;XX DE NOVEMBRO INVESTIMENTOS E PARTICIPAÇÕES S.A;XX DE NOVEMBRO SEC DE CREDITOS IMOB S.A;2006-03-22;1999-11-23;;;ATIVO;2006-03-22;20001;Emp. Adm. Part. - Sem Setor Principal;;Categoria B;2010-01-01;FASE OPERACIONAL;2006-03-22;PRIVADO HOLDING;SEDE;AV. PRESIDENTE ANTONIO CARLOS Nº 51;10º ANDAR (PARTE);CENTRO;RIO DE JANEIRO;RJ;BRASIL;20020010;21;38043700;21;25327112;gar@opportunity.com.br;DIRETOR DE RELAÇÕES COM INVESTIDORES;Itamar Benigno Filho;2026-05-06;Av. Presidente Antônio Carlos;51;Centro;RIO DE JANEIRO;RJ;;20020010;21;38043700;;;gar@opportunity.com.br;10.830.108/0001-65;GRANT THORNTON AUDITORES INDEPENDENTES LTDA.
02.217.319/0001-07;YBYRA CAPITAL S.A;ALEF S/A;1997-12-08;1997-10-06;;;ATIVO;1997-12-08;16705;Emp. Adm. Part. - Sem Setor Principal;;Categoria A;2010-01-01;FASE OPERACIONAL;2003-03-31;PRIVADO;SEDE;Rua Maria Carolina 692;CONJ NR 1346;Jardim Paulistano;SÃO PAULO;SP;BRASIL;1445000;21;24305971;21;24305971;ri@ybyracapital.com.br;DIRETOR DE RELAÇÕES COM INVESTIDORES;THIAGO MOURA E SILVA;2025-11-08;Rua Desembargador Ferreira França 40;104B;Alto de Pinheiros;SÃO PAULO;SP;;5446050;21;998653360;;;thiago@ybyracapital.com.br;03.156.926/0001-69;SÊNIOR AUDITORES INDEPENDENTES S/S
08.807.432/0001-10;YDUQS PARTICIPACOES S.A.;ESTACIO PARTICIPAÇÕES SA;2007-07-26;2007-03-31;;;ATIVO;2007-07-26;21016;Emp. Adm. Part. - Educação;BALCÃO ORGANIZADO;Categoria A;2010-01-01;FASE OPERACIONAL;2007-07-26;PRIVADO;SEDE;Avenida das Américas, 4.200 - Bloco 5- Sala 301;Edifício Montreal;Barra da Tijuca;RIO DE JANEIRO;RJ;BRASIL;22640907;21;33119700;21;33119722;ri@yduqs.com.br;DIRETOR DE RELAÇÕES COM INVESTIDORES;Rossano Marques Leandro;2022-04-18;Avenida das Américas, 4.200;Bloco 5- 3º andar;Barra da Tijuca;RIO DE JANEIRO;RJ;;22640102;21;33119700;;;ri@yduqs.com.br;61.562.112/0001-20;PRICEWATERHOUSECOOPERS AUDITORES INDEPENDENTES LTDA.
08.807.432/0001-10;YDUQS PARTICIPACOES S.A.;ESTACIO PARTICIPAÇÕES SA;2007-07-26;2007-03-31;;;ATIVO;2007-07-26;21016;Emp. Adm. Part. - Educação;BOLSA;Categoria A;2010-01-01;FASE OPERACIONAL;2007-07-26;PRIVADO;SEDE;Avenida das Américas, 4.200 - Bloco 5- Sala 301;Edifício Montreal;Barra da Tijuca;RIO DE JANEIRO;RJ;BRASIL;22640907;21;33119700;21;33119722;ri@yduqs.com.br;DIRETOR DE RELAÇÕES COM INVESTIDORES;Rossano Marques Leandro;2022-04-18;Avenida das Américas, 4.200;Bloco 5- 3º andar;Barra da Tijuca;RIO DE JANEIRO;RJ;;22640102;21;33119700;;;ri@yduqs.com.br;61.562.112/0001-20;PRICEWATERHOUSECOOPERS AUDITORES INDEPENDENTES LTDA.
11.284.204/0001-18;YOU INC INCORPORADORA E PARTICIPAÇÃO S.A;YOU INC INCORPORADORA E PARTICIPAÇÕES S.A.;2015-05-26;2009-10-08;;;ATIVO;2015-05-26;23604;Construção Civil, Mat. Constr. e Decoração;BOLSA;Categoria A;2020-08-03;FASE OPERACIONAL;2015-03-27;PRIVADO HOLDING;SEDE;AVENIDA PRESIDENTE JUSCELINO KUBITSCHEK, 360;ANDAR 4 CJ. 41;VILA NOVA CONCEIÇÃO;SÃO PAULO;SP;BRASIL;4543000;11;30740780;11;30740780;ri@youinc.com.br;DIRETOR DE RELAÇÕES COM INVESTIDORES;FELIPE DANTAS ROCHA COELHO;2025-01-02;Avenida Juscelino Kubitschek 360;4º Andar;Vila Nova Conceição;SÃO PAULO;;;4543000;11;30740780;;;ri@youinc.com.br;10.830.108/0001-65;GRANT THORNTON AUDITORES INDEPENDENTES LTDA.
13.574.594/0001-96;ZAMP S.A.;ZAMP S.A.;2017-12-14;2011-04-06;;;ATIVO;2017-12-14;24317;Alimentos;BOLSA;Categoria B;2025-12-02;FASE OPERACIONAL;2017-10-20;PRIVADO;SEDE;Rua Lemos  Monteiro, nº 120, Edifício Pinheiros One;12º, 13º e 14º;Butantã;SÃO PAULO;SP;BRASIL;5501050;11;23970320;11;23970320;ri@zamp.com.br;DIRETOR DE RELAÇÕES COM INVESTIDORES;Marina da Fontoura Azambuja;2026-02-25;Rua Lemos Monteiro, 120;14º andar;Butantã;SÃO PAULO;SP;;5501050;11;23970320;;;ri@zamp.com.br;61.562.112/0001-20;PRICEWATERHOUSECOOPERS AUDITORES INDEPENDENTES LTDA.
